year,percentile,lo,hi,avg_eur,share,threshold_eur
1820,p0p1,0.0,1.0,-5.5,0.0,-11.1
1820,p1p2,1.0,2.0,35.4,0.0,14.9
1820,p2p3,2.0,3.0,36.9,0.0,36.1
1820,p3p4,3.0,4.0,37.2,0.0,37.0
1820,p4p5,4.0,5.0,37.5,0.0,37.4
1820,p5p6,5.0,6.0,38.2,0.0,37.8
1820,p6p7,6.0,7.0,38.90000000000001,0.0,38.5
1820,p7p8,7.0,8.0,39.5,0.0,39.2
1820,p8p9,8.0,9.0,41.1,0.0,40.3
1820,p9p10,9.0,10.0,41.3,0.0,41.2
1820,p10p11,10.0,11.0,41.6,0.0,41.5
1820,p11p12,11.0,12.0,43.2,0.0,42.40000000000001
1820,p12p13,12.0,13.0,43.40000000000001,0.0,43.3
1820,p13p14,13.0,14.0,45.6,0.0,44.5
1820,p14p15,14.0,15.0,45.6,0.0,45.6
1820,p15p16,15.0,16.0,48.0,0.0,46.8
1820,p16p17,16.0,17.0,50.7,0.0,49.40000000000001
1820,p17p18,17.0,18.0,53.7,0.0,52.2
1820,p18p19,18.0,19.0,56.1,0.0,54.90000000000001
1820,p19p20,19.0,20.0,59.2,0.0,57.7
1820,p20p21,20.0,21.0,61.8,0.0,60.5
1820,p21p22,21.0,22.0,65.5,0.0,63.6
1820,p22p23,22.0,23.0,68.8,0.0,67.10000000000001
1820,p23p24,23.0,24.0,72.60000000000001,0.0001,70.7
1820,p24p25,24.0,25.0,76.4,0.0001,74.5
1820,p25p26,25.0,26.0,80.4,0.0001,78.4
1820,p26p27,26.0,27.0,80.4,0.0001,80.4
1820,p27p28,27.0,28.0,85.0,0.0001,82.7
1820,p28p29,28.0,29.0,89.2,0.0001,87.10000000000001
1820,p29p30,29.0,30.0,93.2,0.0001,91.2
1820,p30p31,30.0,31.0,102.3,0.0001,97.7
1820,p31p32,31.0,32.0,108.7,0.0001,105.5
1820,p32p33,32.0,33.0,115.8,0.0001,112.2
1820,p33p34,33.0,34.0,123.8,0.0001,119.8
1820,p34p35,34.0,35.0,132.4,0.0001,128.1
1820,p35p36,35.0,36.0,141.8,0.0001,137.1
1820,p36p37,36.0,37.0,152.6,0.0001,147.2
1820,p37p38,37.0,38.0,164.3,0.0001,158.5
1820,p38p39,38.0,39.0,177.6,0.0001,171.0
1820,p39p40,39.0,40.0,192.0,0.0001,184.8
1820,p40p41,40.0,41.0,207.4,0.0001,199.7
1820,p41p42,41.0,42.0,224.8,0.0002,216.1
1820,p42p43,42.0,43.0,243.7,0.0002,234.2
1820,p43p44,43.0,44.0,263.6,0.0002,253.6
1820,p44p45,44.0,45.0,285.8,0.0002,274.7
1820,p45p46,45.0,46.0,309.4,0.0002,297.6
1820,p46p47,46.0,47.0,335.0,0.0002,322.2
1820,p47p48,47.0,48.0,363.5,0.0003,349.3
1820,p48p49,48.0,49.0,394.0,0.0003,378.7
1820,p49p50,49.0,50.0,427.0,0.0003,410.5
1820,p50p51,50.0,51.0,462.4,0.0003,444.7
1820,p51p52,51.0,52.0,501.2,0.0004,481.8
1820,p52p53,52.0,53.0,544.5,0.0004,522.9
1820,p53p54,53.0,54.0,591.1,0.0004,567.8000000000001
1820,p54p55,54.0,55.0,642.5,0.0005,616.8000000000001
1820,p55p56,55.0,56.0,699.1,0.0005,670.8000000000001
1820,p56p57,56.0,57.0,759.8000000000001,0.0005,729.5
1820,p57p58,57.0,58.0,818.7,0.0006,789.2
1820,p58p59,58.0,59.0,831.3000000000001,0.0006,825.0
1820,p59p60,59.0,60.0,975.9000000000001,0.0007,903.6
1820,p60p61,60.0,61.0,1061.9,0.0007,1018.9
1820,p61p62,61.0,62.0,1156.5,0.0008,1109.2
1820,p62p63,62.0,63.0,1259.3,0.0009,1207.9
1820,p63p64,63.0,64.0,1372.2,0.001,1315.8
1820,p64p65,64.0,65.0,1496.3,0.0011,1434.3
1820,p65p66,65.0,66.0,1631.5,0.0011,1563.9
1820,p66p67,66.0,67.0,1780.2,0.0012,1705.8
1820,p67p68,67.0,68.0,1943.7,0.0014,1861.9
1820,p68p69,68.0,69.0,2123.5,0.0015,2033.6
1820,p69p70,69.0,70.0,2321.6,0.0016,2222.6
1820,p70p71,70.0,71.0,2542.1,0.0018,2431.8
1820,p71p72,71.0,72.0,2786.0,0.002,2664.0
1820,p72p73,72.0,73.0,3054.9,0.0021,2920.4
1820,p73p74,73.0,74.0,3352.3,0.0024,3203.6
1820,p74p75,74.0,75.0,3682.0,0.0026,3517.1
1820,p75p76,75.0,76.0,4049.8,0.0028,3865.9
1820,p76p77,76.0,77.0,4459.900000000001,0.0031,4254.900000000001
1820,p77p78,77.0,78.0,4917.1,0.0035,4688.5
1820,p78p79,78.0,79.0,5428.3,0.0038,5172.700000000001
1820,p79p80,79.0,80.0,6001.3,0.0042,5714.8
1820,p80p81,80.0,81.0,6643.400000000001,0.0047,6322.400000000001
1820,p81p82,81.0,82.0,7363.200000000001,0.0052,7003.3
1820,p82p83,82.0,83.0,8172.0,0.0057,7767.6
1820,p83p84,83.0,84.0,9081.4,0.0064,8626.7
1820,p84p85,84.0,85.0,10106.8,0.0071,9594.1
1820,p85p86,85.0,86.0,11259.3,0.0079,10683.1
1820,p86p87,86.0,87.0,12551.6,0.0088,11905.4
1820,p87p88,87.0,88.0,13996.7,0.0098,13274.1
1820,p88p89,88.0,89.0,15621.8,0.011,14809.3
1820,p89p90,89.0,90.0,17548.7,0.0123,16585.3
1820,p90p91,90.0,91.0,20007.7,0.014,18778.2
1820,p91p92,91.0,92.0,23168.1,0.0163,21587.9
1820,p92p93,92.0,93.0,27421.1,0.0193,25294.6
1820,p93p94,93.0,94.0,33479.1,0.0235,30450.1
1820,p94p95,94.0,95.0,41725.8,0.0293,37602.5
1820,p95p96,95.0,96.0,52626.9,0.037,47176.3
1820,p96p97,96.0,97.0,68042.3,0.0478,60334.60000000001
1820,p97p98,97.0,98.0,93371.70000000001,0.0656,80707.0
1820,p98p99,98.0,99.0,149102.7,0.1047,121237.2
1820,p99p99.1,99.0,99.1,212354.1,0.0149,180728.4
1820,p99.1p99.2,99.1,99.2,232364.5,0.0163,222359.3
1820,p99.2p99.3,99.2,99.3,256929.9,0.018,244647.2
1820,p99.3p99.4,99.3,99.4,288172.7,0.0202,272551.3
1820,p99.4p99.5,99.4,99.5,329357.7,0.0231,308765.2
1820,p99.5p99.6,99.5,99.6,385941.8,0.0271,357649.8
1820,p99.6p99.7,99.6,99.7,468856.2,0.0329,427399.0
1820,p99.7p99.8,99.7,99.8,605583.8,0.0425,537220.0
1820,p99.8p99.9,99.8,99.9,892298.9,0.0627,748941.4
1820,p99.9p99.91,99.9,99.91,1207976.6,0.0085,1050137.7
1820,p99.91p99.92,99.91,99.92,1306976.5,0.0092,1257476.6
1820,p99.92p99.93,99.92,99.93,1428019.2,0.01,1367497.8
1820,p99.93p99.94,99.93,99.94,1583092.8,0.0111,1505556.0
1820,p99.94p99.95,99.94,99.95,1776611.4,0.0125,1679852.1
1820,p99.95p99.96,99.95,99.96,2043335.8,0.0143,1909973.7
1820,p99.96p99.97,99.96,99.97,2433301.3,0.0171,2238318.6
1820,p99.97p99.98,99.97,99.98,3078384.5,0.0216,2755843.0
1820,p99.98p99.99,99.98,99.99,4419029.4,0.031,3748707.2
1820,p99.99p99.991,99.99,99.991,5888184.300000001,0.0041,5153606.7
1820,p99.991p99.992,99.991,99.992,6348339.800000001,0.0045,6118262.100000001
1820,p99.992p99.993,99.992,99.993,6927899.600000001,0.0049,6638119.4
1820,p99.993p99.994,99.993,99.994,7609851.600000001,0.0053,7268875.800000001
1820,p99.994p99.995,99.994,99.995,8518654.0,0.006,8064253.5
1820,p99.995p99.996,99.995,99.996,9756272.5,0.0069,9137463.1
1820,p99.996p99.997,99.996,99.997,11567049.6,0.0081,10661660.8
1820,p99.997p99.998,99.997,99.998,14560551.1,0.0102,13063800.4
1820,p99.998p99.999,99.998,99.999,20794963.7,0.0146,17677757.3
1820,p99.999p100,99.999,100.0,81691029.10000001,0.0574,51242997.8
1850,p0p1,0.0,1.0,-98.9,-0.0001,-197.8
1850,p1p2,1.0,2.0,28.3,0.0,-35.3
1850,p2p3,2.0,3.0,81.60000000000001,0.0,55.0
1850,p3p4,3.0,4.0,81.60000000000001,0.0,81.60000000000001
1850,p4p5,4.0,5.0,81.9,0.0,81.80000000000001
1850,p5p6,5.0,6.0,83.2,0.0,82.5
1850,p6p7,6.0,7.0,84.4,0.0001,83.80000000000001
1850,p7p8,7.0,8.0,87.0,0.0001,85.7
1850,p8p9,8.0,9.0,90.4,0.0001,88.7
1850,p9p10,9.0,10.0,91.7,0.0001,91.0
1850,p10p11,10.0,11.0,94.80000000000001,0.0001,93.30000000000001
1850,p11p12,11.0,12.0,96.2,0.0001,95.5
1850,p12p13,12.0,13.0,96.60000000000001,0.0001,96.4
1850,p13p14,13.0,14.0,97.2,0.0001,96.9
1850,p14p15,14.0,15.0,97.5,0.0001,97.30000000000001
1850,p15p16,15.0,16.0,97.9,0.0001,97.7
1850,p16p17,16.0,17.0,98.30000000000001,0.0001,98.10000000000001
1850,p17p18,17.0,18.0,99.0,0.0001,98.60000000000001
1850,p18p19,18.0,19.0,99.7,0.0001,99.4
1850,p19p20,19.0,20.0,102.1,0.0001,100.9
1850,p20p21,20.0,21.0,102.2,0.0001,102.2
1850,p21p22,21.0,22.0,104.0,0.0001,103.1
1850,p22p23,22.0,23.0,104.0,0.0001,104.0
1850,p23p24,23.0,24.0,104.5,0.0001,104.3
1850,p24p25,24.0,25.0,105.0,0.0001,104.8
1850,p25p26,25.0,26.0,105.1,0.0001,105.1
1850,p26p27,26.0,27.0,105.4,0.0001,105.2
1850,p27p28,27.0,28.0,107.1,0.0001,106.3
1850,p28p29,28.0,29.0,108.7,0.0001,107.9
1850,p29p30,29.0,30.0,111.8,0.0001,110.3
1850,p30p31,30.0,31.0,111.9,0.0001,111.8
1850,p31p32,31.0,32.0,114.2,0.0001,113.1
1850,p32p33,32.0,33.0,116.5,0.0001,115.4
1850,p33p34,33.0,34.0,120.5,0.0001,118.5
1850,p34p35,34.0,35.0,123.7,0.0001,122.1
1850,p35p36,35.0,36.0,128.1,0.0001,125.9
1850,p36p37,36.0,37.0,137.7,0.0001,132.9
1850,p37p38,37.0,38.0,139.4,0.0001,138.6
1850,p38p39,38.0,39.0,147.2,0.0001,143.3
1850,p39p40,39.0,40.0,150.4,0.0001,148.8
1850,p40p41,40.0,41.0,152.7,0.0001,151.5
1850,p41p42,41.0,42.0,160.8,0.0001,156.7
1850,p42p43,42.0,43.0,167.1,0.0001,164.0
1850,p43p44,43.0,44.0,167.9,0.0001,167.5
1850,p44p45,44.0,45.0,185.9,0.0001,176.9
1850,p45p46,45.0,46.0,204.8,0.0001,195.3
1850,p46p47,46.0,47.0,226.3,0.0001,215.6
1850,p47p48,47.0,48.0,252.3,0.0002,239.3
1850,p48p49,48.0,49.0,279.1,0.0002,265.7
1850,p49p50,49.0,50.0,308.4,0.0002,293.8
1850,p50p51,50.0,51.0,338.4,0.0002,323.4
1850,p51p52,51.0,52.0,372.3,0.0002,355.4
1850,p52p53,52.0,53.0,414.1,0.0002,393.2
1850,p53p54,53.0,54.0,458.4,0.0003,436.3
1850,p54p55,54.0,55.0,499.1,0.0003,478.7
1850,p55p56,55.0,56.0,509.9,0.0003,504.5
1850,p56p57,56.0,57.0,569.1,0.0003,539.5
1850,p57p58,57.0,58.0,630.6,0.0004,599.9
1850,p58p59,58.0,59.0,668.1,0.0004,649.4000000000001
1850,p59p60,59.0,60.0,847.8000000000001,0.0005,758.0
1850,p60p61,60.0,61.0,936.3000000000001,0.0006,892.1
1850,p61p62,61.0,62.0,1035.5,0.0006,985.9000000000001
1850,p62p63,62.0,63.0,1142.5,0.0007,1089.0
1850,p63p64,63.0,64.0,1261.3,0.0008,1201.9
1850,p64p65,64.0,65.0,1392.7,0.0008,1327.0
1850,p65p66,65.0,66.0,1533.5,0.0009,1463.1
1850,p66p67,66.0,67.0,1689.6,0.001,1611.6
1850,p67p68,67.0,68.0,1861.6,0.0011,1775.6
1850,p68p69,68.0,69.0,2051.4,0.0012,1956.5
1850,p69p70,69.0,70.0,2259.4,0.0014,2155.4
1850,p70p71,70.0,71.0,2498.5,0.0015,2379.0
1850,p71p72,71.0,72.0,2765.9,0.0017,2632.2
1850,p72p73,72.0,73.0,3057.3,0.0018,2911.6
1850,p73p74,73.0,74.0,3378.7,0.002,3218.0
1850,p74p75,74.0,75.0,3735.8,0.0022,3557.2
1850,p75p76,75.0,76.0,4139.5,0.0025,3937.6
1850,p76p77,76.0,77.0,4591.5,0.0027,4365.5
1850,p77p78,77.0,78.0,5094.900000000001,0.003,4843.2
1850,p78p79,78.0,79.0,5660.8,0.0034,5377.8
1850,p79p80,79.0,80.0,6299.400000000001,0.0038,5980.1
1850,p80p81,80.0,81.0,7017.5,0.0042,6658.5
1850,p81p82,81.0,82.0,7821.5,0.0047,7419.5
1850,p82p83,82.0,83.0,8727.1,0.0052,8274.300000000001
1850,p83p84,83.0,84.0,9743.2,0.0058,9235.2
1850,p84p85,84.0,85.0,10897.1,0.0065,10320.2
1850,p85p86,85.0,86.0,12191.8,0.0073,11544.5
1850,p86p87,86.0,87.0,13642.7,0.0082,12917.3
1850,p87p88,87.0,88.0,15267.6,0.0091,14455.2
1850,p88p89,88.0,89.0,17106.6,0.0102,16187.1
1850,p89p90,89.0,90.0,19317.7,0.0116,18212.1
1850,p90p91,90.0,91.0,22179.1,0.0133,20748.4
1850,p91p92,91.0,92.0,25767.7,0.0154,23973.4
1850,p92p93,92.0,93.0,30600.9,0.0183,28184.3
1850,p93p94,93.0,94.0,37477.3,0.0224,34039.1
1850,p94p95,94.0,95.0,46867.7,0.028,42172.5
1850,p95p96,95.0,96.0,59348.8,0.0355,53108.2
1850,p96p97,96.0,97.0,77121.5,0.0462,68235.1
1850,p97p98,97.0,98.0,106588.1,0.0638,91854.8
1850,p98p99,98.0,99.0,172671.0,0.1033,139629.5
1850,p99p99.1,99.0,99.1,249324.2,0.0149,210997.6
1850,p99.1p99.2,99.1,99.2,273667.6,0.0164,261495.9
1850,p99.2p99.3,99.2,99.3,303588.3,0.0182,288627.9
1850,p99.3p99.4,99.3,99.4,341997.7,0.0205,322793.0
1850,p99.4p99.5,99.4,99.5,392826.1,0.0235,367411.8
1850,p99.5p99.6,99.5,99.6,463074.6,0.0277,427950.3
1850,p99.6p99.7,99.6,99.7,566152.2000000001,0.0339,514613.4
1850,p99.7p99.8,99.7,99.8,736384.6000000001,0.0441,651268.4
1850,p99.8p99.9,99.8,99.9,1096422.9,0.0656,916403.7000000001
1850,p99.9p99.91,99.9,99.91,1495097.9,0.0089,1295760.3
1850,p99.91p99.92,99.91,99.92,1620622.5,0.0097,1557860.0
1850,p99.92p99.93,99.92,99.93,1775339.5,0.0106,1697980.9
1850,p99.93p99.94,99.93,99.94,1984254.9,0.0119,1879796.8
1850,p99.94p99.95,99.94,99.95,2222602.4,0.0133,2103428.4
1850,p99.95p99.96,99.95,99.96,2559486.1,0.0153,2391044.0
1850,p99.96p99.97,99.96,99.97,3050141.1,0.0183,2804813.5
1850,p99.97p99.98,99.97,99.98,3866263.1,0.0231,3458202.0
1850,p99.98p99.99,99.98,99.99,5547634.4,0.0332,4706948.3
1850,p99.99p99.991,99.99,99.991,7376857.4,0.0044,6462245.2
1850,p99.991p99.992,99.991,99.992,7952242.600000001,0.0048,7664549.800000001
1850,p99.992p99.993,99.992,99.993,8785347.4,0.0053,8368794.4
1850,p99.993p99.994,99.993,99.994,9524520.9,0.0057,9154933.6
1850,p99.994p99.995,99.994,99.995,10653723.8,0.0064,10089122.0
1850,p99.995p99.996,99.995,99.996,12190871.9,0.0073,11422297.7
1850,p99.996p99.997,99.996,99.997,14435518.0,0.0086,13313195.0
1850,p99.997p99.998,99.997,99.998,18306999.8,0.011,16371257.8
1850,p99.998p99.999,99.998,99.999,25920000.9,0.0155,22113499.9
1850,p99.999p100,99.999,100.0,104209340.4,0.0624,65064668.8
1880,p0p1,0.0,1.0,1.8,0.0,0.0
1880,p1p2,1.0,2.0,5.600000000000001,0.0,3.7
1880,p2p3,2.0,3.0,9.5,0.0,7.5
1880,p3p4,3.0,4.0,13.5,0.0,11.5
1880,p4p5,4.0,5.0,17.6,0.0,15.5
1880,p5p6,5.0,6.0,22.0,0.0,19.8
1880,p6p7,6.0,7.0,26.5,0.0,24.2
1880,p7p8,7.0,8.0,31.2,0.0,28.8
1880,p8p9,8.0,9.0,36.1,0.0,33.6
1880,p9p10,9.0,10.0,41.2,0.0,38.7
1880,p10p11,10.0,11.0,46.6,0.0,43.90000000000001
1880,p11p12,11.0,12.0,52.3,0.0,49.5
1880,p12p13,12.0,13.0,58.3,0.0,55.3
1880,p13p14,13.0,14.0,64.60000000000001,0.0,61.5
1880,p14p15,14.0,15.0,71.3,0.0,67.9
1880,p15p16,15.0,16.0,78.30000000000001,0.0,74.8
1880,p16p17,16.0,17.0,85.80000000000001,0.0,82.0
1880,p17p18,17.0,18.0,93.7,0.0,89.7
1880,p18p19,18.0,19.0,102.0,0.0,97.80000000000001
1880,p19p20,19.0,20.0,110.9,0.0,106.5
1880,p20p21,20.0,21.0,120.4,0.0,115.7
1880,p21p22,21.0,22.0,130.4,0.0,125.4
1880,p22p23,22.0,23.0,141.2,0.0,135.8
1880,p23p24,23.0,24.0,152.6,0.0001,146.9
1880,p24p25,24.0,25.0,164.8,0.0001,158.7
1880,p25p26,25.0,26.0,177.8,0.0001,171.3
1880,p26p27,26.0,27.0,191.7,0.0001,184.8
1880,p27p28,27.0,28.0,206.6,0.0001,199.2
1880,p28p29,28.0,29.0,222.5,0.0001,214.6
1880,p29p30,29.0,30.0,239.6,0.0001,231.0
1880,p30p31,30.0,31.0,257.8,0.0001,248.7
1880,p31p32,31.0,32.0,277.4,0.0001,267.6
1880,p32p33,32.0,33.0,298.4,0.0001,287.9
1880,p33p34,33.0,34.0,320.9,0.0001,309.6
1880,p34p35,34.0,35.0,345.1,0.0001,333.0
1880,p35p36,35.0,36.0,371.0,0.0001,358.1
1880,p36p37,36.0,37.0,398.9,0.0001,385.0
1880,p37p38,37.0,38.0,428.9,0.0001,413.9
1880,p38p39,38.0,39.0,461.2,0.0002,445.1
1880,p39p40,39.0,40.0,495.9,0.0002,478.6
1880,p40p41,40.0,41.0,533.3000000000001,0.0002,514.6
1880,p41p42,41.0,42.0,573.6,0.0002,553.4
1880,p42p43,42.0,43.0,617.0,0.0002,595.3000000000001
1880,p43p44,43.0,44.0,663.8000000000001,0.0002,640.4000000000001
1880,p44p45,44.0,45.0,714.2,0.0002,689.0
1880,p45p46,45.0,46.0,768.7,0.0003,741.5
1880,p46p47,46.0,47.0,827.5,0.0003,798.1
1880,p47p48,47.0,48.0,891.0,0.0003,859.3000000000001
1880,p48p49,48.0,49.0,959.7,0.0003,925.4000000000001
1880,p49p50,49.0,50.0,1034.0,0.0004,996.8000000000001
1880,p50p51,50.0,51.0,1114.4,0.0004,1074.2
1880,p51p52,51.0,52.0,1201.4,0.0004,1157.9
1880,p52p53,52.0,53.0,1295.7,0.0004,1248.6
1880,p53p54,53.0,54.0,1398.0,0.0005,1346.8
1880,p54p55,54.0,55.0,1508.9,0.0005,1453.4
1880,p55p56,55.0,56.0,1629.4,0.0006,1569.1
1880,p56p57,56.0,57.0,1760.2,0.0006,1694.8
1880,p57p58,57.0,58.0,1902.5,0.0007,1831.4
1880,p58p59,58.0,59.0,2057.4,0.0007,1979.9
1880,p59p60,59.0,60.0,2226.0,0.0008,2141.7
1880,p60p61,60.0,61.0,2409.8,0.0008,2317.9
1880,p61p62,61.0,62.0,2610.4,0.0009,2510.1
1880,p62p63,62.0,63.0,2829.5,0.001,2719.9
1880,p63p64,63.0,64.0,3068.9,0.0011,2949.2
1880,p64p65,64.0,65.0,3331.0,0.0011,3199.9
1880,p65p66,65.0,66.0,3618.0,0.0012,3474.5
1880,p66p67,66.0,67.0,3932.9,0.0014,3775.4
1880,p67p68,67.0,68.0,4278.6,0.0015,4105.7
1880,p68p69,68.0,69.0,4658.6,0.0016,4468.6
1880,p69p70,69.0,70.0,5077.1,0.0018,4867.900000000001
1880,p70p71,70.0,71.0,5538.3,0.0019,5307.700000000001
1880,p71p72,71.0,72.0,6047.400000000001,0.0021,5792.900000000001
1880,p72p73,72.0,73.0,6610.3,0.0023,6328.8
1880,p73p74,73.0,74.0,7233.5,0.0025,6921.900000000001
1880,p74p75,74.0,75.0,7924.5,0.0027,7579.0
1880,p75p76,75.0,76.0,8692.1,0.003,8308.300000000001
1880,p76p77,76.0,77.0,9546.1,0.0033,9119.1
1880,p77p78,77.0,78.0,10497.8,0.0036,10022.0
1880,p78p79,78.0,79.0,11560.3,0.004,11029.1
1880,p79p80,79.0,80.0,12748.4,0.0044,12154.4
1880,p80p81,80.0,81.0,14079.2,0.0049,13413.8
1880,p81p82,81.0,82.0,15572.0,0.0054,14825.6
1880,p82p83,82.0,83.0,17248.8,0.0059,16410.4
1880,p83p84,83.0,84.0,19134.0,0.0066,18191.4
1880,p84p85,84.0,85.0,21254.4,0.0073,20194.2
1880,p85p86,85.0,86.0,23638.0,0.0082,22446.2
1880,p86p87,86.0,87.0,26312.1,0.0091,24975.1
1880,p87p88,87.0,88.0,29299.8,0.0101,27805.9
1880,p88p89,88.0,89.0,32654.9,0.0113,30977.3
1880,p89p90,89.0,90.0,36619.4,0.0126,34637.2
1880,p90p91,90.0,91.0,41658.7,0.0144,39139.0
1880,p91p92,91.0,92.0,48174.2,0.0166,44916.4
1880,p92p93,92.0,93.0,56937.3,0.0196,52555.7
1880,p93p94,93.0,94.0,69417.6,0.0239,63177.5
1880,p94p95,94.0,95.0,86385.8,0.0298,77901.7
1880,p95p96,95.0,96.0,108767.1,0.0375,97576.40000000001
1880,p96p97,96.0,97.0,140348.0,0.0484,124557.5
1880,p97p98,97.0,98.0,192071.0,0.0662,166209.5
1880,p98p99,98.0,99.0,305186.3,0.1052,248628.7
1880,p99p99.1,99.0,99.1,432953.3,0.0149,369069.8
1880,p99.1p99.2,99.1,99.2,473097.2,0.0163,453025.2
1880,p99.2p99.3,99.2,99.3,522385.9,0.018,497741.6
1880,p99.3p99.4,99.3,99.4,584828.5,0.0202,553607.2000000001
1880,p99.4p99.5,99.4,99.5,667063.7000000001,0.023,625946.1
1880,p99.5p99.6,99.5,99.6,779692.0,0.0269,723377.8
1880,p99.6p99.7,99.6,99.7,944569.4,0.0326,862130.7000000001
1880,p99.7p99.8,99.7,99.8,1216233.1,0.0419,1080401.2
1880,p99.8p99.9,99.8,99.9,1783690.1,0.0615,1499961.6
1880,p99.9p99.91,99.9,99.91,2407092.1,0.0083,2095391.1
1880,p99.91p99.92,99.91,99.92,2601925.2,0.009,2504508.8
1880,p99.92p99.93,99.92,99.93,2839354.3,0.0098,2720639.6
1880,p99.93p99.94,99.93,99.94,3136563.8,0.0108,2987958.8
1880,p99.94p99.95,99.94,99.95,3522005.5,0.0121,3329284.5
1880,p99.95p99.96,99.95,99.96,4046906.8,0.014,3784456.4
1880,p99.96p99.97,99.96,99.97,4815199.100000001,0.0166,4431053.3
1880,p99.97p99.98,99.97,99.98,6080986.800000001,0.021,5448092.600000001
1880,p99.98p99.99,99.98,99.99,8724867.3,0.0301,7402927.2
1880,p99.99p99.991,99.99,99.991,11629411.7,0.004,10177139.0
1880,p99.991p99.992,99.991,99.992,12537194.0,0.0043,12083302.9
1880,p99.992p99.993,99.992,99.993,13643457.4,0.0047,13090324.4
1880,p99.993p99.994,99.993,99.994,15028280.1,0.0052,14335869.4
1880,p99.994p99.995,99.994,99.995,16824251.3,0.0058,15926266.3
1880,p99.995p99.996,99.995,99.996,19270104.5,0.0066,18047176.7
1880,p99.996p99.997,99.996,99.997,22850207.0,0.0079,21060154.1
1880,p99.997p99.998,99.997,99.998,28748866.6,0.0099,25799536.6
1880,p99.998p99.999,99.998,99.999,41070632.8,0.0142,34909750.4
1880,p99.999p100,99.999,100.0,159436356.0,0.055,100253490.7
1895,p0p1,0.0,1.0,1.6,0.0,0.0
1895,p1p2,1.0,2.0,4.7,0.0,3.1
1895,p2p3,2.0,3.0,8.0,0.0,6.4
1895,p3p4,3.0,4.0,11.5,0.0,9.700000000000001
1895,p4p5,4.0,5.0,15.0,0.0,13.2
1895,p5p6,5.0,6.0,18.8,0.0,16.9
1895,p6p7,6.0,7.0,22.7,0.0,20.8
1895,p7p8,7.0,8.0,26.9,0.0,24.8
1895,p8p9,8.0,9.0,31.3,0.0,29.1
1895,p9p10,9.0,10.0,36.0,0.0,33.7
1895,p10p11,10.0,11.0,41.1,0.0,38.5
1895,p11p12,11.0,12.0,46.40000000000001,0.0,43.7
1895,p12p13,12.0,13.0,52.1,0.0,49.3
1895,p13p14,13.0,14.0,58.3,0.0,55.2
1895,p14p15,14.0,15.0,64.8,0.0,61.5
1895,p15p16,15.0,16.0,71.9,0.0,68.4
1895,p16p17,16.0,17.0,79.60000000000001,0.0,75.7
1895,p17p18,17.0,18.0,87.80000000000001,0.0,83.7
1895,p18p19,18.0,19.0,96.7,0.0,92.2
1895,p19p20,19.0,20.0,106.3,0.0,101.5
1895,p20p21,20.0,21.0,116.7,0.0,111.5
1895,p21p22,21.0,22.0,127.9,0.0,122.3
1895,p22p23,22.0,23.0,140.1,0.0,134.0
1895,p23p24,23.0,24.0,153.2,0.0,146.6
1895,p24p25,24.0,25.0,167.5,0.0,160.4
1895,p25p26,25.0,26.0,182.9,0.0,175.2
1895,p26p27,26.0,27.0,199.7,0.0,191.3
1895,p27p28,27.0,28.0,217.9,0.0001,208.8
1895,p28p29,28.0,29.0,237.5,0.0001,227.7
1895,p29p30,29.0,30.0,258.9,0.0001,248.2
1895,p30p31,30.0,31.0,282.1,0.0001,270.5
1895,p31p32,31.0,32.0,307.2,0.0001,294.6
1895,p32p33,32.0,33.0,334.4,0.0001,320.8
1895,p33p34,33.0,34.0,364.0,0.0001,349.2
1895,p34p35,34.0,35.0,396.0,0.0001,380.0
1895,p35p36,35.0,36.0,430.8,0.0001,413.4
1895,p36p37,36.0,37.0,468.5,0.0001,449.6
1895,p37p38,37.0,38.0,509.4,0.0001,489.0
1895,p38p39,38.0,39.0,553.8000000000001,0.0001,531.6
1895,p39p40,39.0,40.0,602.0,0.0001,577.9
1895,p40p41,40.0,41.0,654.3000000000001,0.0002,628.1
1895,p41p42,41.0,42.0,711.0,0.0002,682.6
1895,p42p43,42.0,43.0,772.6,0.0002,741.8000000000001
1895,p43p44,43.0,44.0,839.5,0.0002,806.0
1895,p44p45,44.0,45.0,912.1,0.0002,875.8000000000001
1895,p45p46,45.0,46.0,990.9000000000001,0.0002,951.5
1895,p46p47,46.0,47.0,1076.5,0.0003,1033.7
1895,p47p48,47.0,48.0,1169.6,0.0003,1123.1
1895,p48p49,48.0,49.0,1270.7,0.0003,1220.1
1895,p49p50,49.0,50.0,1380.6,0.0003,1325.7
1895,p50p51,50.0,51.0,1500.2,0.0004,1440.4
1895,p51p52,51.0,52.0,1630.2,0.0004,1565.2
1895,p52p53,52.0,53.0,1771.7,0.0004,1700.9
1895,p53p54,53.0,54.0,1925.7,0.0005,1848.7
1895,p54p55,54.0,55.0,2093.5,0.0005,2009.6
1895,p55p56,55.0,56.0,2276.3,0.0005,2184.9
1895,p56p57,56.0,57.0,2475.5,0.0006,2375.9
1895,p57p58,57.0,58.0,2692.9,0.0006,2584.2
1895,p58p59,58.0,59.0,2930.2,0.0007,2811.5
1895,p59p60,59.0,60.0,3189.2,0.0008,3059.7
1895,p60p61,60.0,61.0,3472.4,0.0008,3330.8
1895,p61p62,61.0,62.0,3782.0,0.0009,3627.2
1895,p62p63,62.0,63.0,4120.8,0.001,3951.4
1895,p63p64,63.0,64.0,4491.8,0.0011,4306.3
1895,p64p65,64.0,65.0,4898.5,0.0012,4695.1
1895,p65p66,65.0,66.0,5344.6,0.0013,5121.5
1895,p66p67,66.0,67.0,5834.400000000001,0.0014,5589.5
1895,p67p68,67.0,68.0,6372.700000000001,0.0015,6103.6
1895,p68p69,68.0,69.0,6964.8,0.0017,6668.8
1895,p69p70,69.0,70.0,7616.900000000001,0.0018,7290.900000000001
1895,p70p71,70.0,71.0,8335.6,0.002,7976.3
1895,p71p72,71.0,72.0,9128.800000000001,0.0022,8732.2
1895,p72p73,72.0,73.0,10005.0,0.0024,9566.9
1895,p73p74,73.0,74.0,10974.0,0.0026,10489.5
1895,p74p75,74.0,75.0,12046.9,0.0029,11510.4
1895,p75p76,75.0,76.0,13236.2,0.0032,12641.5
1895,p76p77,76.0,77.0,14555.9,0.0035,13896.0
1895,p77p78,77.0,78.0,16021.9,0.0038,15288.9
1895,p78p79,78.0,79.0,17651.9,0.0042,16836.9
1895,p79p80,79.0,80.0,19465.8,0.0046,18558.8
1895,p80p81,80.0,81.0,21485.3,0.0051,20475.5
1895,p81p82,81.0,82.0,23734.2,0.0057,22609.8
1895,p82p83,82.0,83.0,26237.8,0.0063,24986.0
1895,p83p84,83.0,84.0,29021.4,0.0069,27629.6
1895,p84p85,84.0,85.0,32108.9,0.0077,30565.2
1895,p85p86,85.0,86.0,35518.4,0.0085,33813.6
1895,p86p87,86.0,87.0,39254.6,0.0094,37386.5
1895,p87p88,87.0,88.0,43303.8,0.0103,41279.2
1895,p88p89,88.0,89.0,47847.60000000001,0.0114,45575.7
1895,p89p90,89.0,90.0,53578.3,0.0128,50713.0
1895,p90p91,90.0,91.0,60980.0,0.0145,57279.10000000001
1895,p91p92,91.0,92.0,70505.1,0.0168,65742.6
1895,p92p93,92.0,93.0,83198.0,0.0198,76851.6
1895,p93p94,93.0,94.0,101585.4,0.0242,92391.70000000001
1895,p94p95,94.0,95.0,126723.6,0.0302,114154.5
1895,p95p96,95.0,96.0,159390.0,0.038,143056.8
1895,p96p97,96.0,97.0,204791.8,0.0488,182090.9
1895,p97p98,97.0,98.0,278909.4,0.0665,241850.6
1895,p98p99,98.0,99.0,440992.1,0.1051,359950.7
1895,p99p99.1,99.0,99.1,623237.2000000001,0.0149,532114.6
1895,p99.1p99.2,99.1,99.2,680584.0,0.0162,651910.6000000001
1895,p99.2p99.3,99.2,99.3,751039.3,0.0179,715811.6000000001
1895,p99.3p99.4,99.3,99.4,840273.1000000001,0.02,795656.2000000001
1895,p99.4p99.5,99.4,99.5,957655.2000000001,0.0228,898964.1000000001
1895,p99.5p99.6,99.5,99.6,1118376.7,0.0267,1038016.0
1895,p99.6p99.7,99.6,99.7,1353651.7,0.0323,1236014.2
1895,p99.7p99.8,99.7,99.8,1741291.3,0.0415,1547471.4
1895,p99.8p99.9,99.8,99.9,2550960.6,0.0608,2146126.0
1895,p99.9p99.91,99.9,99.91,3440421.9,0.0082,2995691.1
1895,p99.91p99.92,99.91,99.92,3718400.4,0.0089,3579411.1
1895,p99.92p99.93,99.92,99.93,4057149.8,0.0097,3887774.8
1895,p99.93p99.94,99.93,99.94,4481185.9,0.0107,4269167.8
1895,p99.94p99.95,99.94,99.95,5031098.9,0.012,4756142.4
1895,p99.95p99.96,99.95,99.96,5779970.4,0.0138,5405534.600000001
1895,p99.96p99.97,99.96,99.97,6876068.100000001,0.0164,6328018.5
1895,p99.97p99.98,99.97,99.98,8681889.700000001,0.0207,7778978.9
1895,p99.98p99.99,99.98,99.99,12453637.6,0.0297,10567763.2
1895,p99.99p99.991,99.99,99.991,16597141.1,0.004,14525389.0
1895,p99.991p99.992,99.991,99.992,17892121.4,0.0043,17244631.9
1895,p99.992p99.993,99.992,99.993,19470229.2,0.0046,18681175.2
1895,p99.993p99.994,99.993,99.994,21445690.7,0.0051,20457960.2
1895,p99.994p99.995,99.994,99.995,24007633.7,0.0057,22726660.1
1895,p99.995p99.996,99.995,99.996,27496588.1,0.0066,25752111.4
1895,p99.996p99.997,99.996,99.997,32603448.4,0.0078,30050020.5
1895,p99.997p99.998,99.997,99.998,41017464.5,0.0098,36810457.1
1895,p99.998p99.999,99.998,99.999,58593056.8,0.014,49805258.1
1895,p99.999p100,99.999,100.0,227390508.9,0.0542,142991771.0
1896,p0p1,0.0,1.0,3.3,0.0,0.0
1896,p1p2,1.0,2.0,9.9,0.0,6.600000000000001
1896,p2p3,2.0,3.0,16.8,0.0,13.3
1896,p3p4,3.0,4.0,23.9,0.0,20.3
1896,p4p5,4.0,5.0,31.2,0.0,27.5
1896,p5p6,5.0,6.0,38.90000000000001,0.0,35.0
1896,p6p7,6.0,7.0,46.8,0.0,42.8
1896,p7p8,7.0,8.0,55.0,0.0,50.90000000000001
1896,p8p9,8.0,9.0,63.6,0.0,59.3
1896,p9p10,9.0,10.0,72.60000000000001,0.0,68.10000000000001
1896,p10p11,10.0,11.0,82.0,0.0,77.30000000000001
1896,p11p12,11.0,12.0,91.80000000000001,0.0,86.9
1896,p12p13,12.0,13.0,102.1,0.0,97.0
1896,p13p14,13.0,14.0,112.9,0.0,107.5
1896,p14p15,14.0,15.0,124.3,0.0,118.6
1896,p15p16,15.0,16.0,136.2,0.0,130.2
1896,p16p17,16.0,17.0,148.8,0.0,142.5
1896,p17p18,17.0,18.0,162.0,0.0,155.4
1896,p18p19,18.0,19.0,176.0,0.0,169.0
1896,p19p20,19.0,20.0,190.8,0.0,183.4
1896,p20p21,20.0,21.0,206.4,0.0001,198.6
1896,p21p22,21.0,22.0,222.9,0.0001,214.7
1896,p22p23,22.0,23.0,240.4,0.0001,231.7
1896,p23p24,23.0,24.0,259.0,0.0001,249.7
1896,p24p25,24.0,25.0,278.7,0.0001,268.9
1896,p25p26,25.0,26.0,299.6,0.0001,289.2
1896,p26p27,26.0,27.0,321.9,0.0001,310.8
1896,p27p28,27.0,28.0,345.6,0.0001,333.7
1896,p28p29,28.0,29.0,370.8,0.0001,358.2
1896,p29p30,29.0,30.0,397.6,0.0001,384.2
1896,p30p31,30.0,31.0,426.2,0.0001,411.9
1896,p31p32,31.0,32.0,456.7,0.0001,441.5
1896,p32p33,32.0,33.0,489.3,0.0001,473.0
1896,p33p34,33.0,34.0,524.1,0.0001,506.7
1896,p34p35,34.0,35.0,561.3000000000001,0.0001,542.7
1896,p35p36,35.0,36.0,601.1,0.0001,581.2
1896,p36p37,36.0,37.0,643.6,0.0002,622.3000000000001
1896,p37p38,37.0,38.0,689.2,0.0002,666.4000000000001
1896,p38p39,38.0,39.0,738.0,0.0002,713.6
1896,p39p40,39.0,40.0,790.3000000000001,0.0002,764.1
1896,p40p41,40.0,41.0,846.4000000000001,0.0002,818.4000000000001
1896,p41p42,41.0,42.0,906.6,0.0002,876.5
1896,p42p43,42.0,43.0,971.3000000000001,0.0002,939.0
1896,p43p44,43.0,44.0,1040.8,0.0003,1006.0
1896,p44p45,44.0,45.0,1115.5,0.0003,1078.1
1896,p45p46,45.0,46.0,1195.8,0.0003,1155.7
1896,p46p47,46.0,47.0,1282.3,0.0003,1239.1
1896,p47p48,47.0,48.0,1375.5,0.0003,1328.9
1896,p48p49,48.0,49.0,1475.9,0.0004,1425.7
1896,p49p50,49.0,50.0,1584.2,0.0004,1530.1
1896,p50p51,50.0,51.0,1701.1,0.0004,1642.7
1896,p51p52,51.0,52.0,1827.3,0.0005,1764.2
1896,p52p53,52.0,53.0,1963.8,0.0005,1895.6
1896,p53p54,53.0,54.0,2111.3,0.0005,2037.5
1896,p54p55,54.0,55.0,2271.0,0.0006,2191.2
1896,p55p56,55.0,56.0,2444.0,0.0006,2357.5
1896,p56p57,56.0,57.0,2631.6,0.0007,2537.8
1896,p57p58,57.0,58.0,2835.1,0.0007,2733.3
1896,p58p59,58.0,59.0,3056.1,0.0008,2945.6
1896,p59p60,59.0,60.0,3296.3,0.0008,3176.2
1896,p60p61,60.0,61.0,3557.7,0.0009,3427.0
1896,p61p62,61.0,62.0,3842.4,0.001,3700.0
1896,p62p63,62.0,63.0,4152.7,0.001,3997.5
1896,p63p64,63.0,64.0,4491.400000000001,0.0011,4322.0
1896,p64p65,64.0,65.0,4861.5,0.0012,4676.400000000001
1896,p65p66,65.0,66.0,5266.3,0.0013,5063.900000000001
1896,p66p67,66.0,67.0,5709.6,0.0014,5488.0
1896,p67p68,67.0,68.0,6195.8,0.0015,5952.700000000001
1896,p68p69,68.0,69.0,6729.700000000001,0.0017,6462.8
1896,p69p70,69.0,70.0,7316.700000000001,0.0018,7023.200000000001
1896,p70p71,70.0,71.0,7963.1,0.002,7639.900000000001
1896,p71p72,71.0,72.0,8675.9,0.0022,8319.5
1896,p72p73,72.0,73.0,9463.2,0.0023,9069.5
1896,p73p74,73.0,74.0,10334.2,0.0026,9898.7
1896,p74p75,74.0,75.0,11299.4,0.0028,10816.8
1896,p75p76,75.0,76.0,12370.9,0.0031,11835.1
1896,p76p77,76.0,77.0,13562.4,0.0034,12966.6
1896,p77p78,77.0,78.0,14890.0,0.0037,14226.2
1896,p78p79,78.0,79.0,16371.8,0.0041,15630.9
1896,p79p80,79.0,80.0,18028.9,0.0045,17200.4
1896,p80p81,80.0,81.0,19885.6,0.0049,18957.2
1896,p81p82,81.0,82.0,21969.4,0.0054,20927.5
1896,p82p83,82.0,83.0,24312.0,0.006,23140.7
1896,p83p84,83.0,84.0,26949.2,0.0067,25630.6
1896,p84p85,84.0,85.0,29920.7,0.0074,28435.0
1896,p85p86,85.0,86.0,33269.4,0.0082,31595.1
1896,p86p87,86.0,87.0,37039.1,0.0092,35154.3
1896,p87p88,87.0,88.0,41269.5,0.0102,39154.3
1896,p88p89,88.0,89.0,45993.9,0.0114,43631.7
1896,p89p90,89.0,90.0,51488.4,0.0128,48741.2
1896,p90p91,90.0,91.0,58586.9,0.0145,55037.7
1896,p91p92,91.0,92.0,67749.8,0.0168,63168.4
1896,p92p93,92.0,93.0,79990.90000000001,0.0198,73870.40000000001
1896,p93p94,93.0,94.0,97690.6,0.0242,88840.8
1896,p94p95,94.0,95.0,121871.6,0.0302,109781.1
1896,p95p96,95.0,96.0,153285.7,0.038,137578.7
1896,p96p97,96.0,97.0,196937.3,0.0488,175111.5
1896,p97p98,97.0,98.0,268204.1,0.0665,232570.7
1896,p98p99,98.0,99.0,424075.9,0.1051,346140.0
1896,p99p99.1,99.0,99.1,599328.4,0.0149,511702.2
1896,p99.1p99.2,99.1,99.2,654478.0,0.0162,626903.3
1896,p99.2p99.3,99.2,99.3,722235.1000000001,0.0179,688356.6000000001
1896,p99.3p99.4,99.3,99.4,808051.3,0.02,765143.2000000001
1896,p99.4p99.5,99.4,99.5,920934.1000000001,0.0228,864492.7000000001
1896,p99.5p99.6,99.5,99.6,1075492.8,0.0267,998213.4
1896,p99.6p99.7,99.6,99.7,1301746.2,0.0323,1188619.5
1896,p99.7p99.8,99.7,99.8,1674521.9,0.0415,1488134.0
1896,p99.8p99.9,99.8,99.9,2453144.5,0.0608,2063833.2
1896,p99.9p99.91,99.9,99.91,3308499.7,0.0082,2880822.1
1896,p99.91p99.92,99.91,99.92,3575819.2,0.0089,3442159.8
1896,p99.92p99.93,99.92,99.93,3901579.3,0.0097,3738699.0
1896,p99.93p99.94,99.93,99.94,4309355.8,0.0107,4105467.6
1896,p99.94p99.95,99.94,99.95,4838182.600000001,0.012,4573769.3
1896,p99.95p99.96,99.95,99.96,5558338.800000001,0.0138,5198260.7
1896,p99.96p99.97,99.96,99.97,6612406.9,0.0164,6085372.800000001
1896,p99.97p99.98,99.97,99.98,8348984.600000001,0.0207,7480695.9
1896,p99.98p99.99,99.98,99.99,11976105.7,0.0297,10162544.3
1896,p99.99p99.991,99.99,99.991,15960727.5,0.004,13968416.5
1896,p99.991p99.992,99.991,99.992,17206052.1,0.0043,16583390.7
1896,p99.992p99.993,99.992,99.993,18723647.6,0.0046,17964850.1
1896,p99.993p99.994,99.993,99.994,20623360.6,0.0051,19673504.7
1896,p99.994p99.995,99.994,99.995,23087066.5,0.0057,21855214.3
1896,p99.995p99.996,99.995,99.996,26442237.7,0.0066,24764650.6
1896,p99.996p99.997,99.996,99.997,31353276.6,0.0078,28897755.0
1896,p99.997p99.998,99.997,99.998,39444659.1,0.0098,35398966.8
1896,p99.998p99.999,99.998,99.999,56346319.3,0.014,47895487.7
1896,p99.999p100,99.999,100.0,218671271.4,0.0542,137508796.6
1897,p0p1,0.0,1.0,2.6,0.0,0.0
1897,p1p2,1.0,2.0,7.800000000000001,0.0,5.2
1897,p2p3,2.0,3.0,13.2,0.0,10.5
1897,p3p4,3.0,4.0,18.9,0.0,16.0
1897,p4p5,4.0,5.0,24.7,0.0,21.8
1897,p5p6,5.0,6.0,30.7,0.0,27.7
1897,p6p7,6.0,7.0,37.0,0.0,33.9
1897,p7p8,7.0,8.0,43.6,0.0,40.3
1897,p8p9,8.0,9.0,50.40000000000001,0.0,47.0
1897,p9p10,9.0,10.0,57.6,0.0,54.0
1897,p10p11,10.0,11.0,65.10000000000001,0.0,61.40000000000001
1897,p11p12,11.0,12.0,73.0,0.0,69.0
1897,p12p13,12.0,13.0,81.30000000000001,0.0,77.10000000000001
1897,p13p14,13.0,14.0,90.0,0.0,85.60000000000001
1897,p14p15,14.0,15.0,99.10000000000001,0.0,94.60000000000001
1897,p15p16,15.0,16.0,108.8,0.0,104.0
1897,p16p17,16.0,17.0,119.0,0.0,113.9
1897,p17p18,17.0,18.0,129.9,0.0,124.5
1897,p18p19,18.0,19.0,141.3,0.0,135.6
1897,p19p20,19.0,20.0,153.4,0.0,147.4
1897,p20p21,20.0,21.0,166.3,0.0,159.9
1897,p21p22,21.0,22.0,180.0,0.0,173.2
1897,p22p23,22.0,23.0,194.5,0.0,187.3
1897,p23p24,23.0,24.0,210.0,0.0001,202.3
1897,p24p25,24.0,25.0,226.5,0.0001,218.2
1897,p25p26,25.0,26.0,244.0,0.0001,235.2
1897,p26p27,26.0,27.0,262.7,0.0001,253.4
1897,p27p28,27.0,28.0,282.7,0.0001,272.7
1897,p28p29,28.0,29.0,304.0,0.0001,293.3
1897,p29p30,29.0,30.0,326.8,0.0001,315.4
1897,p30p31,30.0,31.0,351.2,0.0001,339.0
1897,p31p32,31.0,32.0,377.3,0.0001,364.2
1897,p32p33,32.0,33.0,405.2,0.0001,391.2
1897,p33p34,33.0,34.0,435.1,0.0001,420.1
1897,p34p35,34.0,35.0,467.2,0.0001,451.1
1897,p35p36,35.0,36.0,501.6,0.0001,484.4
1897,p36p37,36.0,37.0,538.5,0.0001,520.0
1897,p37p38,37.0,38.0,578.1,0.0001,558.3000000000001
1897,p38p39,38.0,39.0,620.7,0.0002,599.4
1897,p39p40,39.0,40.0,666.4000000000001,0.0002,643.5
1897,p40p41,40.0,41.0,715.6,0.0002,691.0
1897,p41p42,41.0,42.0,768.5,0.0002,742.1
1897,p42p43,42.0,43.0,825.5,0.0002,797.0
1897,p43p44,43.0,44.0,886.9000000000001,0.0002,856.2
1897,p44p45,44.0,45.0,953.0,0.0002,919.9000000000001
1897,p45p46,45.0,46.0,1024.3,0.0003,988.6
1897,p46p47,46.0,47.0,1101.2,0.0003,1062.8
1897,p47p48,47.0,48.0,1184.3,0.0003,1142.7
1897,p48p49,48.0,49.0,1274.0,0.0003,1229.1
1897,p49p50,49.0,50.0,1370.9,0.0003,1322.5
1897,p50p51,50.0,51.0,1475.8,0.0004,1423.4
1897,p51p52,51.0,52.0,1589.3,0.0004,1532.5
1897,p52p53,52.0,53.0,1712.1,0.0004,1650.7
1897,p53p54,53.0,54.0,1845.3,0.0005,1778.7
1897,p54p55,54.0,55.0,1989.7,0.0005,1917.5
1897,p55p56,55.0,56.0,2146.5,0.0005,2068.1
1897,p56p57,56.0,57.0,2316.7,0.0006,2231.6
1897,p57p58,57.0,58.0,2501.8,0.0006,2409.3
1897,p58p59,58.0,59.0,2703.2,0.0007,2602.5
1897,p59p60,59.0,60.0,2922.5,0.0007,2812.8
1897,p60p61,60.0,61.0,3161.5,0.0008,3042.0
1897,p61p62,61.0,62.0,3422.3,0.0009,3291.9
1897,p62p63,62.0,63.0,3707.1,0.0009,3564.7
1897,p63p64,63.0,64.0,4018.5,0.001,3862.8
1897,p64p65,64.0,65.0,4359.3,0.0011,4188.900000000001
1897,p65p66,65.0,66.0,4732.8,0.0012,4546.0
1897,p66p67,66.0,67.0,5142.6,0.0013,4937.700000000001
1897,p67p68,67.0,68.0,5592.700000000001,0.0014,5367.6
1897,p68p69,68.0,69.0,6087.900000000001,0.0015,5840.3
1897,p69p70,69.0,70.0,6633.400000000001,0.0017,6360.700000000001
1897,p70p71,70.0,71.0,7235.200000000001,0.0018,6934.3
1897,p71p72,71.0,72.0,7900.1,0.002,7567.6
1897,p72p73,72.0,73.0,8635.9,0.0022,8268.0
1897,p73p74,73.0,74.0,9451.5,0.0024,9043.7
1897,p74p75,74.0,75.0,10357.2,0.0026,9904.300000000001
1897,p75p76,75.0,76.0,11364.7,0.0029,10860.9
1897,p76p77,76.0,77.0,12487.6,0.0032,11926.1
1897,p77p78,77.0,78.0,13741.6,0.0035,13114.6
1897,p78p79,78.0,79.0,15144.7,0.0039,14443.2
1897,p79p80,79.0,80.0,16718.0,0.0043,15931.4
1897,p80p81,80.0,81.0,18485.6,0.0047,17601.8
1897,p81p82,81.0,82.0,20475.5,0.0052,19480.6
1897,p82p83,82.0,83.0,22720.2,0.0058,21597.8
1897,p83p84,83.0,84.0,25256.5,0.0064,23988.3
1897,p84p85,84.0,85.0,28126.4,0.0072,26691.4
1897,p85p86,85.0,86.0,31376.6,0.008,29751.5
1897,p86p87,86.0,87.0,35056.7,0.0089,33216.6
1897,p87p88,87.0,88.0,39216.1,0.01,37136.4
1897,p88p89,88.0,89.0,43901.10000000001,0.0112,41558.60000000001
1897,p89p90,89.0,90.0,49326.4,0.0126,46613.7
1897,p90p91,90.0,91.0,56151.2,0.0143,52738.8
1897,p91p92,91.0,92.0,65020.7,0.0166,60586.0
1897,p92p93,92.0,93.0,77077.3,0.0196,71049.0
1897,p93p94,93.0,94.0,94069.0,0.0239,85573.1
1897,p94p95,94.0,95.0,117024.3,0.0298,105546.7
1897,p95p96,95.0,96.0,147506.2,0.0376,132265.2
1897,p96p97,96.0,97.0,190776.7,0.0486,169141.4
1897,p97p98,97.0,98.0,261494.0,0.0666,226135.4
1897,p98p99,98.0,99.0,415787.8,0.1059,338640.9
1897,p99p99.1,99.0,99.1,590381.9,0.015,503084.9
1897,p99.1p99.2,99.1,99.2,645132.0,0.0164,617756.9
1897,p99.2p99.3,99.2,99.3,712316.5,0.0181,678724.3
1897,p99.3p99.4,99.3,99.4,797437.5,0.0203,754877.1000000001
1897,p99.4p99.5,99.4,99.5,909625.2000000001,0.0232,853531.4
1897,p99.5p99.6,99.5,99.6,1063290.1,0.0271,986457.8
1897,p99.6p99.7,99.6,99.7,1288142.7,0.0328,1175716.6
1897,p99.7p99.8,99.7,99.8,1658408.1,0.0422,1473275.5
1897,p99.8p99.9,99.8,99.9,2431130.6,0.0619,2044769.4
1897,p99.9p99.91,99.9,99.91,3279376.3,0.0083,2855253.7
1897,p99.91p99.92,99.91,99.92,3544325.9,0.009,3411851.6
1897,p99.92p99.93,99.92,99.93,3867126.1,0.0098,3705726.1
1897,p99.93p99.94,99.93,99.94,4271094.7,0.0109,4069110.6
1897,p99.94p99.95,99.94,99.95,4794828.7,0.0122,4532962.0
1897,p99.95p99.96,99.95,99.96,5507798.4,0.014,5151313.7
1897,p99.96p99.97,99.96,99.97,6550891.800000001,0.0167,6029345.800000001
1897,p99.97p99.98,99.97,99.98,8268392.100000001,0.021,7409642.0
1897,p99.98p99.99,99.98,99.99,11852499.9,0.0302,10060446.3
1897,p99.99p99.991,99.99,99.991,15786884.0,0.004,13819692.1
1897,p99.991p99.992,99.991,99.992,17015809.4,0.0043,16401346.9
1897,p99.992p99.993,99.992,99.993,18513082.2,0.0047,17764448.3
1897,p99.993p99.994,99.993,99.994,20386874.1,0.0052,19449979.6
1897,p99.994p99.995,99.994,99.995,22816240.0,0.0058,21601557.3
1897,p99.995p99.996,99.995,99.996,26123472.2,0.0067,24469857.0
1897,p99.996p99.997,99.996,99.997,30962212.6,0.0079,28542841.7
1897,p99.997p99.998,99.997,99.998,38929833.0,0.0099,34946024.1
1897,p99.998p99.999,99.998,99.999,55558237.1,0.0141,47244037.7
1897,p99.999p100,99.999,100.0,214266452.5,0.0545,134912352.8
1899,p0p1,0.0,1.0,2.7,0.0,0.0
1899,p1p2,1.0,2.0,8.200000000000001,0.0,5.4
1899,p2p3,2.0,3.0,13.8,0.0,11.0
1899,p3p4,3.0,4.0,19.7,0.0,16.7
1899,p4p5,4.0,5.0,25.7,0.0,22.7
1899,p5p6,5.0,6.0,32.0,0.0,28.9
1899,p6p7,6.0,7.0,38.6,0.0,35.3
1899,p7p8,7.0,8.0,45.40000000000001,0.0,42.0
1899,p8p9,8.0,9.0,52.5,0.0,48.90000000000001
1899,p9p10,9.0,10.0,59.90000000000001,0.0,56.2
1899,p10p11,10.0,11.0,67.7,0.0,63.8
1899,p11p12,11.0,12.0,75.9,0.0,71.8
1899,p12p13,12.0,13.0,84.4,0.0,80.2
1899,p13p14,13.0,14.0,93.4,0.0,88.9
1899,p14p15,14.0,15.0,102.9,0.0,98.2
1899,p15p16,15.0,16.0,112.9,0.0,107.9
1899,p16p17,16.0,17.0,123.4,0.0,118.1
1899,p17p18,17.0,18.0,134.5,0.0,129.0
1899,p18p19,18.0,19.0,146.3,0.0,140.4
1899,p19p20,19.0,20.0,158.7,0.0,152.5
1899,p20p21,20.0,21.0,171.9,0.0,165.3
1899,p21p22,21.0,22.0,185.8,0.0,178.8
1899,p22p23,22.0,23.0,200.7,0.0001,193.2
1899,p23p24,23.0,24.0,216.4,0.0001,208.5
1899,p24p25,24.0,25.0,233.1,0.0001,224.8
1899,p25p26,25.0,26.0,251.0,0.0001,242.1
1899,p26p27,26.0,27.0,269.9,0.0001,260.5
1899,p27p28,27.0,28.0,290.2,0.0001,280.1
1899,p28p29,28.0,29.0,311.7,0.0001,301.0
1899,p29p30,29.0,30.0,334.8,0.0001,323.3
1899,p30p31,30.0,31.0,359.3,0.0001,347.1
1899,p31p32,31.0,32.0,385.6,0.0001,372.5
1899,p32p33,32.0,33.0,413.7,0.0001,399.7
1899,p33p34,33.0,34.0,443.8,0.0001,428.7
1899,p34p35,34.0,35.0,476.0,0.0001,459.9
1899,p35p36,35.0,36.0,510.4,0.0001,493.2
1899,p36p37,36.0,37.0,547.4,0.0001,528.9
1899,p37p38,37.0,38.0,587.0,0.0002,567.2
1899,p38p39,38.0,39.0,629.5,0.0002,608.3000000000001
1899,p39p40,39.0,40.0,675.2,0.0002,652.3000000000001
1899,p40p41,40.0,41.0,724.2,0.0002,699.7
1899,p41p42,41.0,42.0,776.9000000000001,0.0002,750.6
1899,p42p43,42.0,43.0,833.6,0.0002,805.2
1899,p43p44,43.0,44.0,894.6,0.0002,864.1
1899,p44p45,44.0,45.0,960.2,0.0002,927.4000000000001
1899,p45p46,45.0,46.0,1031.0,0.0003,995.6
1899,p46p47,46.0,47.0,1107.2,0.0003,1069.1
1899,p47p48,47.0,48.0,1189.5,0.0003,1148.4
1899,p48p49,48.0,49.0,1278.3,0.0003,1233.9
1899,p49p50,49.0,50.0,1374.1,0.0004,1326.2
1899,p50p51,50.0,51.0,1477.7,0.0004,1425.9
1899,p51p52,51.0,52.0,1589.8,0.0004,1533.7
1899,p52p53,52.0,53.0,1711.0,0.0004,1650.4
1899,p53p54,53.0,54.0,1842.3,0.0005,1776.6
1899,p54p55,54.0,55.0,1984.6,0.0005,1913.4
1899,p55p56,55.0,56.0,2138.9,0.0006,2061.7
1899,p56p57,56.0,57.0,2306.4,0.0006,2222.7
1899,p57p58,57.0,58.0,2488.4,0.0006,2397.4
1899,p58p59,58.0,59.0,2686.3,0.0007,2587.3
1899,p59p60,59.0,60.0,2901.7,0.0007,2794.0
1899,p60p61,60.0,61.0,3136.3,0.0008,3019.0
1899,p61p62,61.0,62.0,3392.1,0.0009,3264.2
1899,p62p63,62.0,63.0,3671.4,0.0009,3531.8
1899,p63p64,63.0,64.0,3976.6,0.001,3824.0
1899,p64p65,64.0,65.0,4310.400000000001,0.0011,4143.5
1899,p65p66,65.0,66.0,4676.1,0.0012,4493.3
1899,p66p67,66.0,67.0,5077.1,0.0013,4876.6
1899,p67p68,67.0,68.0,5517.5,0.0014,5297.3
1899,p68p69,68.0,69.0,6001.700000000001,0.0016,5759.6
1899,p69p70,69.0,70.0,6534.900000000001,0.0017,6268.3
1899,p70p71,70.0,71.0,7122.8,0.0018,6828.8
1899,p71p72,71.0,72.0,7772.1,0.002,7447.5
1899,p72p73,72.0,73.0,8490.5,0.0022,8131.3
1899,p73p74,73.0,74.0,9286.4,0.0024,8888.5
1899,p74p75,74.0,75.0,10170.0,0.0026,9728.2
1899,p75p76,75.0,76.0,11152.7,0.0029,10661.4
1899,p76p77,76.0,77.0,12247.5,0.0032,11700.1
1899,p77p78,77.0,78.0,13469.8,0.0035,12858.7
1899,p78p79,78.0,79.0,14837.2,0.0038,14153.5
1899,p79p80,79.0,80.0,16369.9,0.0042,15603.5
1899,p80p81,80.0,81.0,18091.6,0.0047,17230.8
1899,p81p82,81.0,82.0,20029.6,0.0052,19060.6
1899,p82p83,82.0,83.0,22215.2,0.0057,21122.4
1899,p83p84,83.0,84.0,24684.6,0.0064,23449.9
1899,p84p85,84.0,85.0,27478.6,0.0071,26081.6
1899,p85p86,85.0,86.0,30642.7,0.0079,29060.6
1899,p86p87,86.0,87.0,34225.4,0.0088,32434.1
1899,p87p88,87.0,88.0,38275.3,0.0099,36250.4
1899,p88p89,88.0,89.0,42837.3,0.0111,40556.3
1899,p89p90,89.0,90.0,48097.9,0.0124,45467.60000000001
1899,p90p91,90.0,91.0,54643.2,0.0141,51370.60000000001
1899,p91p92,91.0,92.0,63115.4,0.0163,58879.3
1899,p92p93,92.0,93.0,74568.2,0.0193,68841.8
1899,p93p94,93.0,94.0,90529.40000000001,0.0234,82548.8
1899,p94p95,94.0,95.0,112141.3,0.029,101335.3
1899,p95p96,95.0,96.0,141334.3,0.0365,126737.8
1899,p96p97,96.0,97.0,183519.2,0.0474,162426.8
1899,p97p98,97.0,98.0,253180.8,0.0654,218350.0
1899,p98p99,98.0,99.0,405871.3,0.1049,329526.0
1899,p99p99.1,99.0,99.1,579527.7000000001,0.015,492699.5
1899,p99.1p99.2,99.1,99.2,634037.0,0.0164,606782.4
1899,p99.2p99.3,99.2,99.3,700919.3,0.0181,667478.2000000001
1899,p99.3p99.4,99.3,99.4,785687.6000000001,0.0203,743303.5
1899,p99.4p99.5,99.4,99.5,897488.5,0.0232,841588.1000000001
1899,p99.5p99.6,99.5,99.6,1050675.5,0.0271,974082.0
1899,p99.6p99.7,99.6,99.7,1275035.5,0.0329,1162855.6
1899,p99.7p99.8,99.7,99.8,1644947.5,0.0425,1459991.6
1899,p99.8p99.9,99.8,99.9,2418378.6,0.0625,2031663.2
1899,p99.9p99.91,99.9,99.91,3268760.9,0.0084,2843569.5
1899,p99.91p99.92,99.91,99.92,3534695.2,0.0091,3401728.4
1899,p99.92p99.93,99.92,99.93,3858848.7,0.01,3696772.0
1899,p99.93p99.94,99.93,99.94,4264729.5,0.011,4061789.2
1899,p99.94p99.95,99.94,99.95,4791271.2,0.0124,4528000.3
1899,p99.95p99.96,99.95,99.96,5508596.0,0.0142,5149933.2
1899,p99.96p99.97,99.96,99.97,6559027.9,0.0169,6033811.800000001
1899,p99.97p99.98,99.97,99.98,8290721.300000001,0.0214,7424875.0
1899,p99.98p99.99,99.98,99.99,11911146.0,0.0308,10100933.8
1899,p99.99p99.991,99.99,99.991,15891710.0,0.0041,13901427.8
1899,p99.991p99.992,99.991,99.992,17136537.6,0.0044,16514124.2
1899,p99.992p99.993,99.992,99.993,18653900.8,0.0048,17895219.2
1899,p99.993p99.994,99.993,99.994,20553854.1,0.0053,19603876.7
1899,p99.994p99.995,99.994,99.995,23018670.6,0.0059,21786260.7
1899,p99.995p99.996,99.995,99.996,26376650.2,0.0068,24697662.0
1899,p99.996p99.997,99.996,99.997,31294151.1,0.0081,28835400.3
1899,p99.997p99.998,99.997,99.998,39401311.3,0.0102,35347732.2
1899,p99.998p99.999,99.998,99.999,56352221.0,0.0146,47876763.0
1899,p99.999p100,99.999,100.0,220255851.3,0.0569,138304038.3
1900,p0p1,0.0,1.0,3.2,0.0,0.0
1900,p1p2,1.0,2.0,9.600000000000001,0.0,6.4
1900,p2p3,2.0,3.0,16.3,0.0,12.9
1900,p3p4,3.0,4.0,23.2,0.0,19.7
1900,p4p5,4.0,5.0,30.3,0.0,26.7
1900,p5p6,5.0,6.0,37.7,0.0,34.0
1900,p6p7,6.0,7.0,45.40000000000001,0.0,41.5
1900,p7p8,7.0,8.0,53.40000000000001,0.0,49.40000000000001
1900,p8p9,8.0,9.0,61.7,0.0,57.5
1900,p9p10,9.0,10.0,70.4,0.0,66.0
1900,p10p11,10.0,11.0,79.4,0.0,74.9
1900,p11p12,11.0,12.0,88.9,0.0,84.10000000000001
1900,p12p13,12.0,13.0,98.80000000000001,0.0,93.80000000000001
1900,p13p14,13.0,14.0,109.2,0.0,104.0
1900,p14p15,14.0,15.0,120.0,0.0,114.6
1900,p15p16,15.0,16.0,131.5,0.0,125.8
1900,p16p17,16.0,17.0,143.5,0.0,137.5
1900,p17p18,17.0,18.0,156.2,0.0,149.8
1900,p18p19,18.0,19.0,169.5,0.0,162.8
1900,p19p20,19.0,20.0,183.6,0.0,176.5
1900,p20p21,20.0,21.0,198.4,0.0001,191.0
1900,p21p22,21.0,22.0,214.1,0.0001,206.2
1900,p22p23,22.0,23.0,230.7,0.0001,222.4
1900,p23p24,23.0,24.0,248.2,0.0001,239.5
1900,p24p25,24.0,25.0,266.9,0.0001,257.6
1900,p25p26,25.0,26.0,286.6,0.0001,276.7
1900,p26p27,26.0,27.0,307.5,0.0001,297.1
1900,p27p28,27.0,28.0,329.8,0.0001,318.7
1900,p28p29,28.0,29.0,353.4,0.0001,341.6
1900,p29p30,29.0,30.0,378.6,0.0001,366.0
1900,p30p31,30.0,31.0,405.3,0.0001,392.0
1900,p31p32,31.0,32.0,433.9,0.0001,419.6
1900,p32p33,32.0,33.0,464.2,0.0001,449.0
1900,p33p34,33.0,34.0,496.7,0.0001,480.4
1900,p34p35,34.0,35.0,531.2,0.0001,514.0
1900,p35p36,35.0,36.0,568.2,0.0001,549.7
1900,p36p37,36.0,37.0,607.7,0.0002,587.9
1900,p37p38,37.0,38.0,649.9000000000001,0.0002,628.8000000000001
1900,p38p39,38.0,39.0,695.1,0.0002,672.5
1900,p39p40,39.0,40.0,743.4000000000001,0.0002,719.2
1900,p40p41,40.0,41.0,795.2,0.0002,769.3000000000001
1900,p41p42,41.0,42.0,850.8000000000001,0.0002,823.0
1900,p42p43,42.0,43.0,910.4000000000001,0.0002,880.6
1900,p43p44,43.0,44.0,974.4000000000001,0.0003,942.4000000000001
1900,p44p45,44.0,45.0,1043.1,0.0003,1008.7
1900,p45p46,45.0,46.0,1116.9,0.0003,1080.0
1900,p46p47,46.0,47.0,1196.3,0.0003,1156.6
1900,p47p48,47.0,48.0,1281.8,0.0003,1239.1
1900,p48p49,48.0,49.0,1373.9,0.0004,1327.9
1900,p49p50,49.0,50.0,1473.1,0.0004,1423.5
1900,p50p51,50.0,51.0,1580.1,0.0004,1526.6
1900,p51p52,51.0,52.0,1695.6,0.0004,1637.9
1900,p52p53,52.0,53.0,1820.4,0.0005,1758.0
1900,p53p54,53.0,54.0,1955.3,0.0005,1887.8
1900,p54p55,54.0,55.0,2101.2,0.0005,2028.2
1900,p55p56,55.0,56.0,2259.2,0.0006,2180.2
1900,p56p57,56.0,57.0,2430.5,0.0006,2344.8
1900,p57p58,57.0,58.0,2616.2,0.0007,2523.4
1900,p58p59,58.0,59.0,2817.9,0.0007,2717.1
1900,p59p60,59.0,60.0,3037.1,0.0008,2927.5
1900,p60p61,60.0,61.0,3275.6,0.0008,3156.4
1900,p61p62,61.0,62.0,3535.3,0.0009,3405.5
1900,p62p63,62.0,63.0,3818.5,0.001,3676.9
1900,p63p64,63.0,64.0,4127.5,0.0011,3973.0
1900,p64p65,64.0,65.0,4465.3,0.0012,4296.400000000001
1900,p65p66,65.0,66.0,4834.8,0.0012,4650.1
1900,p66p67,66.0,67.0,5239.700000000001,0.0014,5037.3
1900,p67p68,67.0,68.0,5683.8,0.0015,5461.8
1900,p68p69,68.0,69.0,6171.8,0.0016,5927.8
1900,p69p70,69.0,70.0,6708.6,0.0017,6440.200000000001
1900,p70p71,70.0,71.0,7300.200000000001,0.0019,7004.400000000001
1900,p71p72,71.0,72.0,7953.200000000001,0.0021,7626.700000000001
1900,p72p73,72.0,73.0,8675.1,0.0022,8314.2
1900,p73p74,73.0,74.0,9474.7,0.0024,9074.9
1900,p74p75,74.0,75.0,10361.9,0.0027,9918.300000000001
1900,p75p76,75.0,76.0,11348.3,0.0029,10855.1
1900,p76p77,76.0,77.0,12447.1,0.0032,11897.7
1900,p77p78,77.0,78.0,13673.8,0.0035,13060.5
1900,p78p79,78.0,79.0,15046.1,0.0039,14360.0
1900,p79p80,79.0,80.0,16584.8,0.0043,15815.5
1900,p80p81,80.0,81.0,18314.0,0.0047,17449.4
1900,p81p82,81.0,82.0,20261.5,0.0052,19287.8
1900,p82p83,82.0,83.0,22460.1,0.0058,21360.8
1900,p83p84,83.0,84.0,24947.1,0.0064,23703.6
1900,p84p85,84.0,85.0,27766.0,0.0072,26356.6
1900,p85p86,85.0,86.0,30965.3,0.008,29365.6
1900,p86p87,86.0,87.0,34599.2,0.0089,32782.3
1900,p87p88,87.0,88.0,38723.7,0.01,36661.4
1900,p88p89,88.0,89.0,43394.10000000001,0.0112,41058.9
1900,p89p90,89.0,90.0,48738.3,0.0126,46066.2
1900,p90p91,90.0,91.0,55143.3,0.0142,51940.8
1900,p91p92,91.0,92.0,63199.5,0.0163,59171.4
1900,p92p93,92.0,93.0,73813.1,0.0191,68506.3
1900,p93p94,93.0,94.0,88265.70000000001,0.0228,81039.40000000001
1900,p94p95,94.0,95.0,108091.3,0.0279,98178.5
1900,p95p96,95.0,96.0,135888.4,0.0351,121989.8
1900,p96p97,96.0,97.0,177314.7,0.0458,156601.6
1900,p97p98,97.0,98.0,246776.2,0.0637,212045.4
1900,p98p99,98.0,99.0,398830.6,0.1029,322803.4
1900,p99p99.1,99.0,99.1,573127.4,0.0148,485979.1
1900,p99.1p99.2,99.1,99.2,627674.5,0.0162,600400.9
1900,p99.2p99.3,99.2,99.3,694539.3,0.0179,661106.9
1900,p99.3p99.4,99.3,99.4,779439.0,0.0201,736989.1000000001
1900,p99.4p99.5,99.4,99.5,891866.9,0.023,835653.0
1900,p99.5p99.6,99.5,99.6,1046166.6,0.027,969016.8
1900,p99.6p99.7,99.6,99.7,1272492.5,0.0328,1159329.6
1900,p99.7p99.8,99.7,99.8,1646386.6,0.0425,1459439.7
1900,p99.8p99.9,99.8,99.9,2430497.9,0.0627,2038442.4
1900,p99.9p99.91,99.9,99.91,3294845.5,0.0085,2862671.6
1900,p99.91p99.92,99.91,99.92,3565668.2,0.0092,3430256.9
1900,p99.92p99.93,99.92,99.93,3896033.2,0.0101,3730850.7
1900,p99.93p99.94,99.93,99.94,4310052.100000001,0.0111,4103042.6
1900,p99.94p99.95,99.94,99.95,4847693.9,0.0125,4578873.3
1900,p99.95p99.96,99.95,99.96,5581023.0,0.0144,5214357.9
1900,p99.96p99.97,99.96,99.97,6656495.7,0.0172,6118759.300000001
1900,p99.97p99.98,99.97,99.98,8432982.1,0.0218,7544739.2
1900,p99.98p99.99,99.98,99.99,12158256.5,0.0314,10295619.1
1900,p99.99p99.991,99.99,99.991,16264696.0,0.0042,14211477.1
1900,p99.991p99.992,99.991,99.992,17551375.8,0.0045,16908035.4
1900,p99.992p99.993,99.992,99.993,19120962.1,0.0049,18336167.3
1900,p99.993p99.994,99.993,99.994,21088027.9,0.0054,20104494.6
1900,p99.994p99.995,99.994,99.995,23642503.5,0.0061,22365266.1
1900,p99.995p99.996,99.995,99.996,27126847.9,0.007,25384676.5
1900,p99.996p99.997,99.996,99.997,32237070.6,0.0083,29681961.1
1900,p99.997p99.998,99.997,99.998,40678750.3,0.0105,36457911.8
1900,p99.998p99.999,99.998,99.999,58382666.5,0.0151,49530710.6
1900,p99.999p100,99.999,100.0,233357795.5,0.0602,145870233.3
1902,p0p1,0.0,1.0,3.0,0.0,0.0
1902,p1p2,1.0,2.0,9.0,0.0,6.0
1902,p2p3,2.0,3.0,15.3,0.0,12.2
1902,p3p4,3.0,4.0,21.8,0.0,18.5
1902,p4p5,4.0,5.0,28.5,0.0,25.1
1902,p5p6,5.0,6.0,35.4,0.0,32.0
1902,p6p7,6.0,7.0,42.7,0.0,39.1
1902,p7p8,7.0,8.0,50.2,0.0,46.40000000000001
1902,p8p9,8.0,9.0,58.1,0.0,54.1
1902,p9p10,9.0,10.0,66.3,0.0,62.2
1902,p10p11,10.0,11.0,74.9,0.0,70.60000000000001
1902,p11p12,11.0,12.0,83.9,0.0,79.4
1902,p12p13,12.0,13.0,93.30000000000001,0.0,88.60000000000001
1902,p13p14,13.0,14.0,103.2,0.0,98.30000000000001
1902,p14p15,14.0,15.0,113.6,0.0,108.4
1902,p15p16,15.0,16.0,124.6,0.0,119.1
1902,p16p17,16.0,17.0,136.2,0.0,130.4
1902,p17p18,17.0,18.0,148.4,0.0,142.3
1902,p18p19,18.0,19.0,161.2,0.0,154.8
1902,p19p20,19.0,20.0,174.9,0.0,168.0
1902,p20p21,20.0,21.0,189.3,0.0,182.1
1902,p21p22,21.0,22.0,204.6,0.0001,196.9
1902,p22p23,22.0,23.0,220.8,0.0001,212.7
1902,p23p24,23.0,24.0,238.0,0.0001,229.4
1902,p24p25,24.0,25.0,256.3,0.0001,247.1
1902,p25p26,25.0,26.0,275.7,0.0001,266.0
1902,p26p27,26.0,27.0,296.4,0.0001,286.0
1902,p27p28,27.0,28.0,318.4,0.0001,307.4
1902,p28p29,28.0,29.0,341.9,0.0001,330.1
1902,p29p30,29.0,30.0,366.9,0.0001,354.4
1902,p30p31,30.0,31.0,393.6,0.0001,380.2
1902,p31p32,31.0,32.0,422.1,0.0001,407.8
1902,p32p33,32.0,33.0,452.6,0.0001,437.3
1902,p33p34,33.0,34.0,485.1,0.0001,468.8
1902,p34p35,34.0,35.0,520.0,0.0001,502.6
1902,p35p36,35.0,36.0,557.3000000000001,0.0001,538.6
1902,p36p37,36.0,37.0,597.2,0.0001,577.3000000000001
1902,p37p38,37.0,38.0,640.1,0.0002,618.6
1902,p38p39,38.0,39.0,686.0,0.0002,663.0
1902,p39p40,39.0,40.0,735.2,0.0002,710.6
1902,p40p41,40.0,41.0,788.1,0.0002,761.7
1902,p41p42,41.0,42.0,844.9000000000001,0.0002,816.5
1902,p42p43,42.0,43.0,906.0,0.0002,875.5
1902,p43p44,43.0,44.0,971.7,0.0002,938.8000000000001
1902,p44p45,44.0,45.0,1042.3,0.0003,1007.0
1902,p45p46,45.0,46.0,1118.4,0.0003,1080.3
1902,p46p47,46.0,47.0,1200.4,0.0003,1159.4
1902,p47p48,47.0,48.0,1288.7,0.0003,1244.5
1902,p48p49,48.0,49.0,1384.0,0.0003,1336.4
1902,p49p50,49.0,50.0,1486.9,0.0004,1435.5
1902,p50p51,50.0,51.0,1598.0,0.0004,1542.5
1902,p51p52,51.0,52.0,1718.2,0.0004,1658.1
1902,p52p53,52.0,53.0,1848.1,0.0005,1783.1
1902,p53p54,53.0,54.0,1988.7,0.0005,1918.4
1902,p54p55,54.0,55.0,2141.1,0.0005,2064.9
1902,p55p56,55.0,56.0,2306.3,0.0006,2223.7
1902,p56p57,56.0,57.0,2485.5,0.0006,2395.9
1902,p57p58,57.0,58.0,2680.2,0.0007,2582.8
1902,p58p59,58.0,59.0,2891.7,0.0007,2785.9
1902,p59p60,59.0,60.0,3121.9,0.0008,3006.8
1902,p60p61,60.0,61.0,3372.5,0.0008,3247.2
1902,p61p62,61.0,62.0,3645.8,0.0009,3509.1
1902,p62p63,62.0,63.0,3943.9,0.001,3794.8
1902,p63p64,63.0,64.0,4269.6,0.001,4106.8
1902,p64p65,64.0,65.0,4625.8,0.0011,4447.7
1902,p65p66,65.0,66.0,5015.8,0.0012,4820.8
1902,p66p67,66.0,67.0,5443.400000000001,0.0013,5229.6
1902,p67p68,67.0,68.0,5912.8,0.0015,5678.1
1902,p68p69,68.0,69.0,6428.700000000001,0.0016,6170.700000000001
1902,p69p70,69.0,70.0,6996.6,0.0017,6712.700000000001
1902,p70p71,70.0,71.0,7622.8,0.0019,7309.700000000001
1902,p71p72,71.0,72.0,8314.1,0.002,7968.400000000001
1902,p72p73,72.0,73.0,9078.6,0.0022,8696.4
1902,p73p74,73.0,74.0,9925.6,0.0024,9502.1
1902,p74p75,74.0,75.0,10865.5,0.0027,10395.6
1902,p75p76,75.0,76.0,11910.6,0.0029,11388.1
1902,p76p77,76.0,77.0,13074.7,0.0032,12492.6
1902,p77p78,77.0,78.0,14373.9,0.0035,13724.3
1902,p78p79,78.0,79.0,15827.0,0.0039,15100.5
1902,p79p80,79.0,80.0,17455.4,0.0043,16641.2
1902,p80p81,80.0,81.0,19284.2,0.0047,18369.8
1902,p81p82,81.0,82.0,21342.2,0.0052,20313.2
1902,p82p83,82.0,83.0,23662.8,0.0058,22502.5
1902,p83p84,83.0,84.0,26284.0,0.0065,24973.4
1902,p84p85,84.0,85.0,29249.2,0.0072,27766.6
1902,p85p86,85.0,86.0,32606.5,0.008,30927.8
1902,p86p87,86.0,87.0,36407.6,0.009,34507.0
1902,p87p88,87.0,88.0,40703.7,0.01,38555.7
1902,p88p89,88.0,89.0,45541.9,0.0112,43122.8
1902,p89p90,89.0,90.0,51084.5,0.0126,48313.2
1902,p90p91,90.0,91.0,57859.7,0.0142,54472.10000000001
1902,p91p92,91.0,92.0,66545.1,0.0164,62202.4
1902,p92p93,92.0,93.0,78160.90000000001,0.0192,72353.0
1902,p93p94,93.0,94.0,94106.20000000001,0.0231,86133.5
1902,p94p95,94.0,95.0,115772.8,0.0285,104939.5
1902,p95p96,95.0,96.0,145648.5,0.0358,130710.7
1902,p96p97,96.0,97.0,189634.7,0.0466,167641.6
1902,p97p98,97.0,98.0,262893.2,0.0646,226264.0
1902,p98p99,98.0,99.0,423520.2,0.1041,343206.7
1902,p99p99.1,99.0,99.1,606838.1,0.0149,515179.2
1902,p99.1p99.2,99.1,99.2,664278.1000000001,0.0163,635558.2000000001
1902,p99.2p99.3,99.2,99.3,734701.2000000001,0.0181,699489.7000000001
1902,p99.3p99.4,99.3,99.4,823984.4,0.0203,779342.9
1902,p99.4p99.5,99.4,99.5,941894.6000000001,0.0232,882939.5
1902,p99.5p99.6,99.5,99.6,1103512.7,0.0271,1022703.7
1902,p99.6p99.7,99.6,99.7,1340267.9,0.033,1221890.4
1902,p99.7p99.8,99.7,99.8,1730720.3,0.0426,1535494.3
1902,p99.8p99.9,99.8,99.9,2547419.7,0.0626,2139070.1
1902,p99.9p99.91,99.9,99.91,3445673.4,0.0085,2996546.5
1902,p99.91p99.92,99.91,99.92,3726647.4,0.0092,3586160.4
1902,p99.92p99.93,99.92,99.93,4069166.5,0.01,3897907.5
1902,p99.93p99.94,99.93,99.94,4498090.600000001,0.0111,4283628.4
1902,p99.94p99.95,99.94,99.95,5054596.9,0.0124,4776344.100000001
1902,p99.95p99.96,99.95,99.96,5812858.9,0.0143,5433728.2
1902,p99.96p99.97,99.96,99.97,6923446.600000001,0.017,6368153.300000001
1902,p99.97p99.98,99.97,99.98,8754764.8,0.0215,7839107.0
1902,p99.98p99.99,99.98,99.99,12584916.0,0.0309,10669841.8
1902,p99.99p99.991,99.99,99.991,16797426.9,0.0041,14691171.1
1902,p99.991p99.992,99.991,99.992,18115108.0,0.0045,17456269.1
1902,p99.992p99.993,99.992,99.993,19721428.7,0.0048,18918268.0
1902,p99.993p99.994,99.993,99.994,21732988.2,0.0053,20727209.9
1902,p99.994p99.995,99.994,99.995,24342921.1,0.006,23037957.2
1902,p99.995p99.996,99.995,99.996,27899136.4,0.0069,26121033.8
1902,p99.996p99.997,99.996,99.997,33107907.7,0.0081,30503525.7
1902,p99.997p99.998,99.997,99.998,41697383.0,0.0103,37402648.0
1902,p99.998p99.999,99.998,99.999,59663469.8,0.0147,50680432.8
1902,p99.999p100,99.999,100.0,233843736.9,0.0575,146753620.2
1905,p0p1,0.0,1.0,3.1,0.0,0.0
1905,p1p2,1.0,2.0,9.5,0.0,6.300000000000001
1905,p2p3,2.0,3.0,16.1,0.0,12.8
1905,p3p4,3.0,4.0,22.9,0.0,19.5
1905,p4p5,4.0,5.0,30.0,0.0,26.4
1905,p5p6,5.0,6.0,37.3,0.0,33.6
1905,p6p7,6.0,7.0,44.90000000000001,0.0,41.1
1905,p7p8,7.0,8.0,52.8,0.0,48.90000000000001
1905,p8p9,8.0,9.0,61.0,0.0,56.90000000000001
1905,p9p10,9.0,10.0,69.60000000000001,0.0,65.3
1905,p10p11,10.0,11.0,78.60000000000001,0.0,74.10000000000001
1905,p11p12,11.0,12.0,88.0,0.0,83.30000000000001
1905,p12p13,12.0,13.0,97.80000000000001,0.0,92.9
1905,p13p14,13.0,14.0,108.1,0.0,102.9
1905,p14p15,14.0,15.0,118.9,0.0,113.5
1905,p15p16,15.0,16.0,130.2,0.0,124.6
1905,p16p17,16.0,17.0,142.2,0.0,136.2
1905,p17p18,17.0,18.0,154.7,0.0,148.4
1905,p18p19,18.0,19.0,168.0,0.0,161.3
1905,p19p20,19.0,20.0,181.9,0.0,175.0
1905,p20p21,20.0,21.0,196.7,0.0001,189.3
1905,p21p22,21.0,22.0,212.3,0.0001,204.5
1905,p22p23,22.0,23.0,228.8,0.0001,220.5
1905,p23p24,23.0,24.0,246.3,0.0001,237.5
1905,p24p25,24.0,25.0,264.8,0.0001,255.5
1905,p25p26,25.0,26.0,284.4,0.0001,274.6
1905,p26p27,26.0,27.0,305.3,0.0001,294.9
1905,p27p28,27.0,28.0,327.5,0.0001,316.4
1905,p28p29,28.0,29.0,351.0,0.0001,339.3
1905,p29p30,29.0,30.0,376.1,0.0001,363.6
1905,p30p31,30.0,31.0,402.8,0.0001,389.5
1905,p31p32,31.0,32.0,431.3,0.0001,417.0
1905,p32p33,32.0,33.0,461.6,0.0001,446.4
1905,p33p34,33.0,34.0,493.9,0.0001,477.8
1905,p34p35,34.0,35.0,528.5,0.0001,511.2
1905,p35p36,35.0,36.0,565.4,0.0001,547.0
1905,p36p37,36.0,37.0,604.9,0.0002,585.1
1905,p37p38,37.0,38.0,647.1,0.0002,626.0
1905,p38p39,38.0,39.0,692.2,0.0002,669.7
1905,p39p40,39.0,40.0,740.6,0.0002,716.4000000000001
1905,p40p41,40.0,41.0,792.5,0.0002,766.6
1905,p41p42,41.0,42.0,848.1,0.0002,820.3000000000001
1905,p42p43,42.0,43.0,907.7,0.0002,877.9000000000001
1905,p43p44,43.0,44.0,971.8000000000001,0.0003,939.8000000000001
1905,p44p45,44.0,45.0,1040.6,0.0003,1006.2
1905,p45p46,45.0,46.0,1114.6,0.0003,1077.6
1905,p46p47,46.0,47.0,1194.2,0.0003,1154.4
1905,p47p48,47.0,48.0,1279.9,0.0003,1237.0
1905,p48p49,48.0,49.0,1372.2,0.0004,1326.0
1905,p49p50,49.0,50.0,1471.7,0.0004,1421.9
1905,p50p51,50.0,51.0,1579.0,0.0004,1525.4
1905,p51p52,51.0,52.0,1694.9,0.0004,1637.0
1905,p52p53,52.0,53.0,1820.1,0.0005,1757.5
1905,p53p54,53.0,54.0,1955.5,0.0005,1887.8
1905,p54p55,54.0,55.0,2102.0,0.0005,2028.7
1905,p55p56,55.0,56.0,2260.6,0.0006,2181.3
1905,p56p57,56.0,57.0,2432.6,0.0006,2346.6
1905,p57p58,57.0,58.0,2619.2,0.0007,2525.9
1905,p58p59,58.0,59.0,2821.8,0.0007,2720.5
1905,p59p60,59.0,60.0,3042.0,0.0008,2931.9
1905,p60p61,60.0,61.0,3281.6,0.0008,3161.8
1905,p61p62,61.0,62.0,3542.6,0.0009,3412.1
1905,p62p63,62.0,63.0,3827.2,0.001,3684.9
1905,p63p64,63.0,64.0,4137.8,0.0011,3982.5
1905,p64p65,64.0,65.0,4477.400000000001,0.0012,4307.6
1905,p65p66,65.0,66.0,4848.900000000001,0.0012,4663.1
1905,p66p67,66.0,67.0,5256.0,0.0014,5052.400000000001
1905,p67p68,67.0,68.0,5702.6,0.0015,5479.3
1905,p68p69,68.0,69.0,6193.3,0.0016,5947.900000000001
1905,p69p70,69.0,70.0,6733.200000000001,0.0017,6463.200000000001
1905,p70p71,70.0,71.0,7328.200000000001,0.0019,7030.700000000001
1905,p71p72,71.0,72.0,7985.0,0.0021,7656.6
1905,p72p73,72.0,73.0,8711.1,0.0022,8348.0
1905,p73p74,73.0,74.0,9515.4,0.0025,9113.2
1905,p74p75,74.0,75.0,10407.8,0.0027,9961.6
1905,p75p76,75.0,76.0,11400.0,0.0029,10903.9
1905,p76p77,76.0,77.0,12505.3,0.0032,11952.7
1905,p77p78,77.0,78.0,13739.1,0.0035,13122.2
1905,p78p79,78.0,79.0,15119.4,0.0039,14429.3
1905,p79p80,79.0,80.0,16666.8,0.0043,15893.1
1905,p80p81,80.0,81.0,18405.6,0.0047,17536.2
1905,p81p82,81.0,82.0,20363.8,0.0052,19384.7
1905,p82p83,82.0,83.0,22574.0,0.0058,21468.9
1905,p83p84,83.0,84.0,25073.6,0.0065,23823.8
1905,p84p85,84.0,85.0,27905.8,0.0072,26489.7
1905,p85p86,85.0,86.0,31119.3,0.008,29512.6
1905,p86p87,86.0,87.0,34767.4,0.009,32943.4
1905,p87p88,87.0,88.0,38905.6,0.01,36836.5
1905,p88p89,88.0,89.0,43587.7,0.0112,41246.7
1905,p89p90,89.0,90.0,48939.9,0.0126,46263.8
1905,p90p91,90.0,91.0,55350.4,0.0143,52145.10000000001
1905,p91p92,91.0,92.0,63413.3,0.0163,59381.8
1905,p92p93,92.0,93.0,74025.7,0.0191,68719.5
1905,p93p94,93.0,94.0,88441.40000000001,0.0228,81233.6
1905,p94p95,94.0,95.0,108199.7,0.0279,98320.6
1905,p95p96,95.0,96.0,135959.4,0.035,122079.5
1905,p96p97,96.0,97.0,177430.0,0.0457,156694.7
1905,p97p98,97.0,98.0,247067.5,0.0637,212248.8
1905,p98p99,98.0,99.0,399646.6,0.103,323357.0
1905,p99p99.1,99.0,99.1,574513.9,0.0148,487080.2
1905,p99.1p99.2,99.1,99.2,629232.2000000001,0.0162,601873.1
1905,p99.2p99.3,99.2,99.3,696294.2000000001,0.0179,662763.2000000001
1905,p99.3p99.4,99.3,99.4,781416.7000000001,0.0201,738855.5
1905,p99.4p99.5,99.4,99.5,894102.0,0.023,837759.4
1905,p99.5p99.6,99.5,99.6,1048724.5,0.027,971413.3
1905,p99.6p99.7,99.6,99.7,1275471.9,0.0329,1162098.3
1905,p99.7p99.8,99.7,99.8,1649946.9,0.0425,1462709.4
1905,p99.8p99.9,99.8,99.9,2434903.5,0.0628,2042425.4
1905,p99.9p99.91,99.9,99.91,3299826.6,0.0085,2867365.0
1905,p99.91p99.92,99.91,99.92,3570745.4,0.0092,3435285.8
1905,p99.92p99.93,99.92,99.93,3901186.4,0.0101,3735965.9
1905,p99.93p99.94,99.93,99.94,4315241.8,0.0111,4108214.2
1905,p99.94p99.95,99.94,99.95,4852842.100000001,0.0125,4584042.0
1905,p99.95p99.96,99.95,99.96,5585969.7,0.0144,5219405.9
1905,p99.96p99.97,99.96,99.97,6660882.0,0.0172,6123425.9
1905,p99.97p99.98,99.97,99.98,8435859.6,0.0217,7548371.4
1905,p99.98p99.99,99.98,99.99,12156095.1,0.0313,10295977.5
1905,p99.99p99.991,99.99,99.991,16255195.3,0.0042,14205645.7
1905,p99.991p99.992,99.991,99.992,17539154.3,0.0045,16897175.8
1905,p99.992p99.993,99.992,99.993,19105216.0,0.0049,18322185.2
1905,p99.993p99.994,99.993,99.994,21067571.3,0.0054,20086393.8
1905,p99.994p99.995,99.994,99.995,23615486.4,0.0061,22341528.6
1905,p99.995p99.996,99.995,99.996,27090159.5,0.007,25352824.3
1905,p99.996p99.997,99.996,99.997,32184878.5,0.0083,29637518.4
1905,p99.997p99.998,99.997,99.998,40598044.1,0.0105,36391462.0
1905,p99.998p99.999,99.998,99.999,58232830.40000001,0.015,49415438.0
1905,p99.999p100,99.999,100.0,231816927.4,0.0598,145024881.6
1908,p0p1,0.0,1.0,3.7,0.0,0.0
1908,p1p2,1.0,2.0,11.2,0.0,7.4
1908,p2p3,2.0,3.0,18.9,0.0,15.0
1908,p3p4,3.0,4.0,26.9,0.0,22.9
1908,p4p5,4.0,5.0,35.2,0.0,31.0
1908,p5p6,5.0,6.0,43.8,0.0,39.5
1908,p6p7,6.0,7.0,52.7,0.0,48.2
1908,p7p8,7.0,8.0,61.90000000000001,0.0,57.3
1908,p8p9,8.0,9.0,71.5,0.0,66.7
1908,p9p10,9.0,10.0,81.5,0.0,76.5
1908,p10p11,10.0,11.0,91.9,0.0,86.7
1908,p11p12,11.0,12.0,102.8,0.0,97.4
1908,p12p13,12.0,13.0,114.2,0.0,108.5
1908,p13p14,13.0,14.0,126.1,0.0,120.1
1908,p14p15,14.0,15.0,138.5,0.0,132.3
1908,p15p16,15.0,16.0,151.6,0.0,145.0
1908,p16p17,16.0,17.0,165.2,0.0,158.4
1908,p17p18,17.0,18.0,179.6,0.0,172.4
1908,p18p19,18.0,19.0,194.7,0.0,187.1
1908,p19p20,19.0,20.0,210.6,0.0001,202.6
1908,p20p21,20.0,21.0,227.3,0.0001,219.0
1908,p21p22,21.0,22.0,245.0,0.0001,236.1
1908,p22p23,22.0,23.0,263.6,0.0001,254.3
1908,p23p24,23.0,24.0,283.2,0.0001,273.4
1908,p24p25,24.0,25.0,304.0,0.0001,293.6
1908,p25p26,25.0,26.0,325.9,0.0001,315.0
1908,p26p27,26.0,27.0,349.2,0.0001,337.6
1908,p27p28,27.0,28.0,373.8,0.0001,361.5
1908,p28p29,28.0,29.0,399.9,0.0001,386.9
1908,p29p30,29.0,30.0,427.6,0.0001,413.8
1908,p30p31,30.0,31.0,457.0,0.0001,442.3
1908,p31p32,31.0,32.0,488.3,0.0001,472.6
1908,p32p33,32.0,33.0,521.5,0.0001,504.9
1908,p33p34,33.0,34.0,556.8000000000001,0.0001,539.2
1908,p34p35,34.0,35.0,594.5,0.0001,575.7
1908,p35p36,35.0,36.0,634.6,0.0002,614.5
1908,p36p37,36.0,37.0,677.4000000000001,0.0002,656.0
1908,p37p38,37.0,38.0,723.0,0.0002,700.2
1908,p38p39,38.0,39.0,771.7,0.0002,747.3000000000001
1908,p39p40,39.0,40.0,823.7,0.0002,797.7
1908,p40p41,40.0,41.0,879.4000000000001,0.0002,851.6
1908,p41p42,41.0,42.0,938.9000000000001,0.0002,909.1
1908,p42p43,42.0,43.0,1002.6,0.0002,970.8000000000001
1908,p43p44,43.0,44.0,1070.9,0.0003,1036.8
1908,p44p45,44.0,45.0,1144.1,0.0003,1107.5
1908,p45p46,45.0,46.0,1222.7,0.0003,1183.4
1908,p46p47,46.0,47.0,1307.0,0.0003,1264.8
1908,p47p48,47.0,48.0,1397.6,0.0003,1352.3
1908,p48p49,48.0,49.0,1494.9,0.0004,1446.3
1908,p49p50,49.0,50.0,1599.7,0.0004,1547.3
1908,p50p51,50.0,51.0,1712.6,0.0004,1656.2
1908,p51p52,51.0,52.0,1834.2,0.0005,1773.4
1908,p52p53,52.0,53.0,1965.4,0.0005,1899.8
1908,p53p54,53.0,54.0,2107.0,0.0005,2036.2
1908,p54p55,54.0,55.0,2260.0,0.0006,2183.5
1908,p55p56,55.0,56.0,2425.4,0.0006,2342.7
1908,p56p57,56.0,57.0,2604.5,0.0006,2515.0
1908,p57p58,57.0,58.0,2798.5,0.0007,2701.5
1908,p58p59,58.0,59.0,3008.9,0.0007,2903.7
1908,p59p60,59.0,60.0,3237.4,0.0008,3123.1
1908,p60p61,60.0,61.0,3485.6,0.0009,3361.5
1908,p61p62,61.0,62.0,3755.7,0.0009,3620.6
1908,p62p63,62.0,63.0,4049.8,0.001,3902.7
1908,p63p64,63.0,64.0,4370.6,0.0011,4210.2
1908,p64p65,64.0,65.0,4720.8,0.0012,4545.7
1908,p65p66,65.0,66.0,5103.700000000001,0.0013,4912.3
1908,p66p67,66.0,67.0,5523.0,0.0014,5313.3
1908,p67p68,67.0,68.0,5982.5,0.0015,5752.700000000001
1908,p68p69,68.0,69.0,6487.1,0.0016,6234.8
1908,p69p70,69.0,70.0,7042.0,0.0017,6764.6
1908,p70p71,70.0,71.0,7653.1,0.0019,7347.6
1908,p71p72,71.0,72.0,8327.4,0.0021,7990.3
1908,p72p73,72.0,73.0,9072.6,0.0022,8700.0
1908,p73p74,73.0,74.0,9897.800000000001,0.0024,9485.2
1908,p74p75,74.0,75.0,10813.4,0.0027,10355.6
1908,p75p76,75.0,76.0,11831.2,0.0029,11322.3
1908,p76p77,76.0,77.0,12965.2,0.0032,12398.2
1908,p77p78,77.0,78.0,14231.3,0.0035,13598.2
1908,p78p79,78.0,79.0,15648.3,0.0039,14939.8
1908,p79p80,79.0,80.0,17238.0,0.0043,16443.2
1908,p80p81,80.0,81.0,19025.7,0.0047,18131.9
1908,p81p82,81.0,82.0,21041.3,0.0052,20033.5
1908,p82p83,82.0,83.0,23319.5,0.0058,22180.4
1908,p83p84,83.0,84.0,25900.9,0.0064,24610.2
1908,p84p85,84.0,85.0,28832.7,0.0071,27366.8
1908,p85p86,85.0,86.0,32169.3,0.0079,30501.0
1908,p86p87,86.0,87.0,35972.1,0.0089,34070.7
1908,p87p88,87.0,88.0,40308.2,0.0099,38140.1
1908,p88p89,88.0,89.0,45247.0,0.0112,42777.60000000001
1908,p89p90,89.0,90.0,50897.7,0.0126,48072.3
1908,p90p91,90.0,91.0,57550.3,0.0142,54224.0
1908,p91p92,91.0,92.0,65765.0,0.0162,61657.7
1908,p92p93,92.0,93.0,76435.3,0.0189,71100.1
1908,p93p94,93.0,94.0,90881.70000000001,0.0224,83658.5
1908,p94p95,94.0,95.0,110910.0,0.0274,100895.9
1908,p95p96,95.0,96.0,139403.5,0.0344,125156.7
1908,p96p97,96.0,97.0,182267.1,0.045,160835.3
1908,p97p98,97.0,98.0,254497.3,0.0628,218382.2
1908,p98p99,98.0,99.0,412223.3,0.1017,333360.3
1908,p99p99.1,99.0,99.1,593808.3,0.0147,503015.8
1908,p99.1p99.2,99.1,99.2,650578.6000000001,0.0161,622193.5
1908,p99.2p99.3,99.2,99.3,720170.3,0.0178,685374.5
1908,p99.3p99.4,99.3,99.4,808687.6000000001,0.02,764428.9
1908,p99.4p99.5,99.4,99.5,926247.9,0.0229,867467.8
1908,p99.5p99.6,99.5,99.6,1087815.4,0.0268,1007031.6
1908,p99.6p99.7,99.6,99.7,1325142.6,0.0327,1206479.0
1908,p99.7p99.8,99.7,99.8,1717960.4,0.0424,1521551.5
1908,p99.8p99.9,99.8,99.9,2544150.0,0.0628,2131055.1
1908,p99.9p99.91,99.9,99.91,3457143.6,0.0085,3000646.7
1908,p99.91p99.92,99.91,99.92,3743739.2,0.0092,3600441.3
1908,p99.92p99.93,99.92,99.93,4093602.5,0.0101,3918671.0
1908,p99.93p99.94,99.93,99.94,4532424.2,0.0112,4313013.5
1908,p99.94p99.95,99.94,99.95,5102828.0,0.0126,4817625.9
1908,p99.95p99.96,99.95,99.96,5881742.9,0.0145,5492285.7
1908,p99.96p99.97,99.96,99.97,7025706.0,0.0173,6453724.4
1908,p99.97p99.98,99.97,99.98,8918907.5,0.022,7972307.0
1908,p99.98p99.99,99.98,99.99,12900361.5,0.0318,10909634.4
1908,p99.99p99.991,99.99,99.991,17299993.4,0.0043,15100178.2
1908,p99.991p99.992,99.991,99.992,18681073.8,0.0046,17990534.0
1908,p99.992p99.993,99.992,99.993,20367046.5,0.005,19524060.2
1908,p99.993p99.994,99.993,99.994,22481725.2,0.0055,21424385.6
1908,p99.994p99.995,99.994,99.995,25230534.2,0.0062,23856131.0
1908,p99.995p99.996,99.995,99.996,28984243.9,0.0072,27107386.8
1908,p99.996p99.997,99.996,99.997,34497330.5,0.0085,31740786.1
1908,p99.997p99.998,99.997,99.998,43621597.40000001,0.0108,39059463.8
1908,p99.998p99.999,99.998,99.999,62811566.40000001,0.0155,53216580.7
1908,p99.999p100,99.999,100.0,256386324.3,0.0633,159598936.6
1910,p0p1,0.0,1.0,5.300000000000001,0.0,0.0
1910,p1p2,1.0,2.0,16.1,0.0,10.7
1910,p2p3,2.0,3.0,27.3,0.0,21.7
1910,p3p4,3.0,4.0,38.8,0.0,33.0
1910,p4p5,4.0,5.0,50.7,0.0,44.8
1910,p5p6,5.0,6.0,63.0,0.0,56.90000000000001
1910,p6p7,6.0,7.0,75.8,0.0,69.4
1910,p7p8,7.0,8.0,89.0,0.0,82.4
1910,p8p9,8.0,9.0,102.6,0.0,95.80000000000001
1910,p9p10,9.0,10.0,116.8,0.0,109.7
1910,p10p11,10.0,11.0,131.6,0.0,124.2
1910,p11p12,11.0,12.0,146.9,0.0,139.2
1910,p12p13,12.0,13.0,162.8,0.0,154.8
1910,p13p14,13.0,14.0,179.3,0.0,171.1
1910,p14p15,14.0,15.0,196.6,0.0,188.0
1910,p15p16,15.0,16.0,214.6,0.0001,205.6
1910,p16p17,16.0,17.0,233.3,0.0001,223.9
1910,p17p18,17.0,18.0,252.9,0.0001,243.1
1910,p18p19,18.0,19.0,273.3,0.0001,263.1
1910,p19p20,19.0,20.0,294.7,0.0001,284.0
1910,p20p21,20.0,21.0,317.0,0.0001,305.9
1910,p21p22,21.0,22.0,340.4,0.0001,328.7
1910,p22p23,22.0,23.0,365.0,0.0001,352.7
1910,p23p24,23.0,24.0,390.7,0.0001,377.8
1910,p24p25,24.0,25.0,417.7,0.0001,404.2
1910,p25p26,25.0,26.0,446.1,0.0001,431.9
1910,p26p27,26.0,27.0,475.8,0.0001,461.0
1910,p27p28,27.0,28.0,507.2,0.0001,491.5
1910,p28p29,28.0,29.0,540.2,0.0001,523.7
1910,p29p30,29.0,30.0,574.9,0.0001,557.6
1910,p30p31,30.0,31.0,611.6,0.0001,593.3000000000001
1910,p31p32,31.0,32.0,650.2,0.0002,630.9000000000001
1910,p32p33,32.0,33.0,691.0,0.0002,670.6
1910,p33p34,33.0,34.0,734.1,0.0002,712.6
1910,p34p35,34.0,35.0,779.7,0.0002,756.9000000000001
1910,p35p36,35.0,36.0,828.0,0.0002,803.9000000000001
1910,p36p37,36.0,37.0,879.1,0.0002,853.5
1910,p37p38,37.0,38.0,933.2,0.0002,906.1
1910,p38p39,38.0,39.0,990.7,0.0002,961.9000000000001
1910,p39p40,39.0,40.0,1051.6,0.0002,1021.1
1910,p40p41,40.0,41.0,1116.4,0.0003,1084.0
1910,p41p42,41.0,42.0,1185.2,0.0003,1150.8
1910,p42p43,42.0,43.0,1258.5,0.0003,1221.9
1910,p43p44,43.0,44.0,1336.5,0.0003,1297.5
1910,p44p45,44.0,45.0,1419.7,0.0003,1378.1
1910,p45p46,45.0,46.0,1508.4,0.0004,1464.1
1910,p46p47,46.0,47.0,1603.1,0.0004,1555.8
1910,p47p48,47.0,48.0,1704.3,0.0004,1653.7
1910,p48p49,48.0,49.0,1812.6,0.0004,1758.5
1910,p49p50,49.0,50.0,1928.5,0.0005,1870.5
1910,p50p51,50.0,51.0,2052.7,0.0005,1990.6
1910,p51p52,51.0,52.0,2185.9,0.0005,2119.3
1910,p52p53,52.0,53.0,2328.9,0.0006,2257.4
1910,p53p54,53.0,54.0,2482.7,0.0006,2405.8
1910,p54p55,54.0,55.0,2648.0,0.0006,2565.4
1910,p55p56,55.0,56.0,2826.2,0.0007,2737.1
1910,p56p57,56.0,57.0,3018.3,0.0007,2922.2
1910,p57p58,57.0,58.0,3225.6,0.0008,3122.0
1910,p58p59,58.0,59.0,3449.8,0.0008,3337.7
1910,p59p60,59.0,60.0,3692.3,0.0009,3571.0
1910,p60p61,60.0,61.0,3955.1,0.0009,3823.7
1910,p61p62,61.0,62.0,4240.2,0.001,4097.7
1910,p62p63,62.0,63.0,4550.0,0.0011,4395.1
1910,p63p64,63.0,64.0,4887.1,0.0012,4718.5
1910,p64p65,64.0,65.0,5254.400000000001,0.0012,5070.700000000001
1910,p65p66,65.0,66.0,5655.3,0.0013,5454.8
1910,p66p67,66.0,67.0,6093.5,0.0014,5874.400000000001
1910,p67p68,67.0,68.0,6573.400000000001,0.0016,6333.400000000001
1910,p68p69,68.0,69.0,7099.900000000001,0.0017,6836.6
1910,p69p70,69.0,70.0,7678.5,0.0018,7389.200000000001
1910,p70p71,70.0,71.0,8315.800000000001,0.002,7997.200000000001
1910,p71p72,71.0,72.0,9019.1,0.0021,8667.5
1910,p72p73,72.0,73.0,9797.0,0.0023,9408.1
1910,p73p74,73.0,74.0,10659.5,0.0025,10228.3
1910,p74p75,74.0,75.0,11618.0,0.0028,11138.7
1910,p75p76,75.0,76.0,12686.0,0.003,12152.0
1910,p76p77,76.0,77.0,13879.5,0.0033,13282.7
1910,p77p78,77.0,78.0,15217.0,0.0036,14548.2
1910,p78p79,78.0,79.0,16720.7,0.004,15968.8
1910,p79p80,79.0,80.0,18416.9,0.0044,17568.8
1910,p80p81,80.0,81.0,20337.3,0.0048,19377.1
1910,p81p82,81.0,82.0,22519.6,0.0053,21428.4
1910,p82p83,82.0,83.0,25010.1,0.0059,23764.9
1910,p83p84,83.0,84.0,27864.7,0.0066,26437.4
1910,p84p85,84.0,85.0,31152.3,0.0074,29508.5
1910,p85p86,85.0,86.0,34957.9,0.0083,33055.1
1910,p86p87,86.0,87.0,39387.2,0.0093,37172.6
1910,p87p88,87.0,88.0,44565.2,0.0106,41976.2
1910,p88p89,88.0,89.0,50439.2,0.0119,47502.2
1910,p89p90,89.0,90.0,56687.60000000001,0.0134,53563.4
1910,p90p91,90.0,91.0,63829.7,0.0151,60258.7
1910,p91p92,91.0,92.0,72916.2,0.0173,68372.90000000001
1910,p92p93,92.0,93.0,85347.1,0.0202,79131.6
1910,p93p94,93.0,94.0,102194.6,0.0242,93770.8
1910,p94p95,94.0,95.0,123808.8,0.0293,113001.7
1910,p95p96,95.0,96.0,152476.7,0.0361,138142.7
1910,p96p97,96.0,97.0,194536.8,0.0461,173506.7
1910,p97p98,97.0,98.0,266131.7,0.063,230334.3
1910,p98p99,98.0,99.0,425273.9,0.1007,345702.8
1910,p99p99.1,99.0,99.1,605361.3,0.0143,515317.6
1910,p99.1p99.2,99.1,99.2,662134.2000000001,0.0157,633747.7000000001
1910,p99.2p99.3,99.2,99.3,731836.0,0.0173,696985.1000000001
1910,p99.3p99.4,99.3,99.4,820104.4,0.0194,775970.2000000001
1910,p99.4p99.5,99.4,99.5,936353.9,0.0222,878229.2000000001
1910,p99.5p99.6,99.5,99.6,1095997.4,0.026,1016175.6
1910,p99.6p99.7,99.6,99.7,1330803.7,0.0315,1213400.5
1910,p99.7p99.8,99.7,99.8,1720124.2,0.0407,1525464.0
1910,p99.8p99.9,99.8,99.9,2541183.8,0.0602,2130653.9
1910,p99.9p99.91,99.9,99.91,3450654.9,0.0082,2995919.0
1910,p99.91p99.92,99.91,99.92,3736655.2,0.0088,3593655.3
1910,p99.92p99.93,99.92,99.93,4086041.8,0.0097,3911348.5
1910,p99.93p99.94,99.93,99.94,4524623.2,0.0107,4305332.600000001
1910,p99.94p99.95,99.94,99.95,5095255.4,0.0121,4809939.100000001
1910,p99.95p99.96,99.95,99.96,5875365.600000001,0.0139,5485310.2
1910,p99.96p99.97,99.96,99.97,7022699.100000001,0.0166,6449032.4
1910,p99.97p99.98,99.97,99.98,8925036.0,0.0211,7973867.5
1910,p99.98p99.99,99.98,99.99,12937153.6,0.0306,10931095.1
1910,p99.99p99.991,99.99,99.991,17381561.5,0.0041,15159356.4
1910,p99.991p99.992,99.991,99.992,18779266.5,0.0044,18080412.9
1910,p99.992p99.993,99.992,99.993,20486786.2,0.0049,19633026.0
1910,p99.993p99.994,99.993,99.994,22630279.3,0.0054,21558532.0
1910,p99.994p99.995,99.994,99.995,25419244.7,0.006,24024763.1
1910,p99.995p99.996,99.995,99.996,29232195.0,0.0069,27325720.1
1910,p99.996p99.997,99.996,99.997,34840329.4,0.0082,32036262.0
1910,p99.997p99.998,99.997,99.998,44139589.5,0.0105,39489957.2
1910,p99.998p99.999,99.998,99.999,63754453.0,0.0151,53947018.90000001
1910,p99.999p100,99.999,100.0,265999854.5,0.063,164877156.3
1911,p0p1,0.0,1.0,5.5,0.0,0.0
1911,p1p2,1.0,2.0,16.7,0.0,11.1
1911,p2p3,2.0,3.0,28.3,0.0,22.5
1911,p3p4,3.0,4.0,40.3,0.0,34.3
1911,p4p5,4.0,5.0,52.7,0.0,46.5
1911,p5p6,5.0,6.0,65.4,0.0,59.1
1911,p6p7,6.0,7.0,78.7,0.0,72.10000000000001
1911,p7p8,7.0,8.0,92.4,0.0,85.5
1911,p8p9,8.0,9.0,106.6,0.0,99.5
1911,p9p10,9.0,10.0,121.3,0.0,113.9
1911,p10p11,10.0,11.0,136.5,0.0,128.9
1911,p11p12,11.0,12.0,152.4,0.0,144.5
1911,p12p13,12.0,13.0,168.9,0.0,160.7
1911,p13p14,13.0,14.0,186.0,0.0,177.5
1911,p14p15,14.0,15.0,203.9,0.0,195.0
1911,p15p16,15.0,16.0,222.5,0.0001,213.2
1911,p16p17,16.0,17.0,241.9,0.0001,232.2
1911,p17p18,17.0,18.0,262.1,0.0001,252.0
1911,p18p19,18.0,19.0,283.2,0.0001,272.7
1911,p19p20,19.0,20.0,305.3,0.0001,294.3
1911,p20p21,20.0,21.0,328.4,0.0001,316.8
1911,p21p22,21.0,22.0,352.5,0.0001,340.4
1911,p22p23,22.0,23.0,377.8,0.0001,365.2
1911,p23p24,23.0,24.0,404.3,0.0001,391.0
1911,p24p25,24.0,25.0,432.1,0.0001,418.2
1911,p25p26,25.0,26.0,461.2,0.0001,446.7
1911,p26p27,26.0,27.0,491.9,0.0001,476.6
1911,p27p28,27.0,28.0,524.1,0.0001,508.0
1911,p28p29,28.0,29.0,557.9,0.0001,541.0
1911,p29p30,29.0,30.0,593.6,0.0001,575.8000000000001
1911,p30p31,30.0,31.0,631.1,0.0001,612.4
1911,p31p32,31.0,32.0,670.7,0.0002,650.9000000000001
1911,p32p33,32.0,33.0,712.5,0.0002,691.6
1911,p33p34,33.0,34.0,756.6,0.0002,734.5
1911,p34p35,34.0,35.0,803.2,0.0002,779.9000000000001
1911,p35p36,35.0,36.0,852.5,0.0002,827.8000000000001
1911,p36p37,36.0,37.0,904.6,0.0002,878.5
1911,p37p38,37.0,38.0,959.8000000000001,0.0002,932.2
1911,p38p39,38.0,39.0,1018.3,0.0002,989.1
1911,p39p40,39.0,40.0,1080.4,0.0003,1049.3
1911,p40p41,40.0,41.0,1146.2,0.0003,1113.3
1911,p41p42,41.0,42.0,1216.2,0.0003,1181.2
1911,p42p43,42.0,43.0,1290.6,0.0003,1253.4
1911,p43p44,43.0,44.0,1369.8,0.0003,1330.2
1911,p44p45,44.0,45.0,1454.1,0.0003,1412.0
1911,p45p46,45.0,46.0,1544.0,0.0004,1499.1
1911,p46p47,46.0,47.0,1639.9,0.0004,1592.0
1911,p47p48,47.0,48.0,1742.3,0.0004,1691.1
1911,p48p49,48.0,49.0,1851.7,0.0004,1797.0
1911,p49p50,49.0,50.0,1968.8,0.0005,1910.3
1911,p50p51,50.0,51.0,2094.1,0.0005,2031.5
1911,p51p52,51.0,52.0,2228.5,0.0005,2161.3
1911,p52p53,52.0,53.0,2372.6,0.0006,2300.5
1911,p53p54,53.0,54.0,2527.4,0.0006,2450.0
1911,p54p55,54.0,55.0,2693.8,0.0006,2610.6
1911,p55p56,55.0,56.0,2872.9,0.0007,2783.3
1911,p56p57,56.0,57.0,3065.8,0.0007,2969.4
1911,p57p58,57.0,58.0,3274.0,0.0008,3169.9
1911,p58p59,58.0,59.0,3498.8,0.0008,3386.4
1911,p59p60,59.0,60.0,3741.9,0.0009,3620.3
1911,p60p61,60.0,61.0,4005.0,0.0009,3873.4
1911,p61p62,61.0,62.0,4290.400000000001,0.001,4147.7
1911,p62p63,62.0,63.0,4600.2,0.0011,4445.3
1911,p63p64,63.0,64.0,4937.0,0.0012,4768.6
1911,p64p65,64.0,65.0,5303.700000000001,0.0012,5120.3
1911,p65p66,65.0,66.0,5703.6,0.0013,5503.700000000001
1911,p66p67,66.0,67.0,6140.5,0.0014,5922.1
1911,p67p68,67.0,68.0,6618.6,0.0016,6379.5
1911,p68p69,68.0,69.0,7142.6,0.0017,6880.6
1911,p69p70,69.0,70.0,7718.200000000001,0.0018,7430.400000000001
1911,p70p71,70.0,71.0,8351.5,0.002,8034.8
1911,p71p72,71.0,72.0,9050.0,0.0021,8700.800000000001
1911,p72p73,72.0,73.0,9821.9,0.0023,9435.9
1911,p73p74,73.0,74.0,10677.0,0.0025,10249.5
1911,p74p75,74.0,75.0,11626.6,0.0027,11151.8
1911,p75p76,75.0,76.0,12683.9,0.003,12155.2
1911,p76p77,76.0,77.0,13864.3,0.0032,13274.1
1911,p77p78,77.0,78.0,15186.1,0.0036,14525.2
1911,p78p79,78.0,79.0,16670.8,0.0039,15928.4
1911,p79p80,79.0,80.0,18344.1,0.0043,17507.4
1911,p80p81,80.0,81.0,20236.7,0.0047,19290.4
1911,p81p82,81.0,82.0,22385.6,0.0052,21311.2
1911,p82p83,82.0,83.0,24835.3,0.0058,23610.4
1911,p83p84,83.0,84.0,27640.2,0.0065,26237.8
1911,p84p85,84.0,85.0,30867.0,0.0072,29253.6
1911,p85p86,85.0,86.0,34597.7,0.0081,32732.4
1911,p86p87,86.0,87.0,38934.0,0.0091,36765.8
1911,p87p88,87.0,88.0,43997.10000000001,0.0103,41465.5
1911,p88p89,88.0,89.0,49775.5,0.0117,46886.3
1911,p89p90,89.0,90.0,56051.60000000001,0.0131,52913.60000000001
1911,p90p91,90.0,91.0,63264.5,0.0148,59658.0
1911,p91p92,91.0,92.0,72301.3,0.0169,67782.90000000001
1911,p92p93,92.0,93.0,84408.70000000001,0.0198,78355.0
1911,p93p94,93.0,94.0,100720.7,0.0236,92564.70000000001
1911,p94p95,94.0,95.0,121892.2,0.0286,111306.4
1911,p95p96,95.0,96.0,150290.3,0.0352,136091.3
1911,p96p97,96.0,97.0,192336.9,0.0451,171313.6
1911,p97p98,97.0,98.0,264446.5,0.062,228391.7
1911,p98p99,98.0,99.0,425711.4,0.0997,345079.0
1911,p99p99.1,99.0,99.1,609021.9,0.0143,517366.6
1911,p99.1p99.2,99.1,99.2,666895.4,0.0156,637958.6000000001
1911,p99.2p99.3,99.2,99.3,737961.8,0.0173,702428.6000000001
1911,p99.3p99.4,99.3,99.4,827995.9,0.0194,782978.8
1911,p99.4p99.5,99.4,99.5,946646.9,0.0222,887321.4
1911,p99.5p99.6,99.5,99.6,1109688.2,0.026,1028167.6
1911,p99.6p99.7,99.6,99.7,1349781.8,0.0316,1229735.0
1911,p99.7p99.8,99.7,99.8,1748511.9,0.041,1549146.9
1911,p99.8p99.9,99.8,99.9,2591473.9,0.0607,2169993.0
1911,p99.9p99.91,99.9,99.91,3527152.7,0.0083,3059313.3
1911,p99.91p99.92,99.91,99.92,3821851.9,0.009,3674502.4
1911,p99.92p99.93,99.92,99.93,4182087.5,0.0098,4001969.7
1911,p99.93p99.94,99.93,99.94,4634604.7,0.0109,4408346.3
1911,p99.94p99.95,99.94,99.95,5223847.0,0.0122,4929225.9
1911,p99.95p99.96,99.95,99.96,6030177.7,0.0141,5627012.4
1911,p99.96p99.97,99.96,99.97,7217494.0,0.0169,6623835.9
1911,p99.97p99.98,99.97,99.98,9189240.5,0.0215,8203367.100000001
1911,p99.98p99.99,99.98,99.99,13357734.7,0.0313,11273487.7
1911,p99.99p99.991,99.99,99.991,17984826.6,0.0042,15671280.4
1911,p99.991p99.992,99.991,99.992,19442206.2,0.0046,18713515.5
1911,p99.992p99.993,99.992,99.993,21223708.8,0.005,20332956.6
1911,p99.993p99.994,99.993,99.994,23461616.9,0.0055,22342663.3
1911,p99.994p99.995,99.994,99.995,26375754.9,0.0062,24918685.2
1911,p99.995p99.996,99.995,99.996,30363623.5,0.0071,28369691.7
1911,p99.996p99.997,99.996,99.997,36235934.8,0.0085,33299780.2
1911,p99.997p99.998,99.997,99.998,45988405.40000001,0.0108,41112173.7
1911,p99.998p99.999,99.998,99.999,66607824.6,0.0156,56298113.90000001
1911,p99.999p100,99.999,100.0,282932512.6,0.0663,174770173.2
1914,p0p1,0.0,1.0,4.600000000000001,0.0,0.0
1914,p1p2,1.0,2.0,14.1,0.0,9.4
1914,p2p3,2.0,3.0,23.9,0.0,19.0
1914,p3p4,3.0,4.0,34.0,0.0,28.9
1914,p4p5,4.0,5.0,44.40000000000001,0.0,39.2
1914,p5p6,5.0,6.0,55.2,0.0,49.8
1914,p6p7,6.0,7.0,66.3,0.0,60.8
1914,p7p8,7.0,8.0,77.9,0.0,72.10000000000001
1914,p8p9,8.0,9.0,89.9,0.0,83.9
1914,p9p10,9.0,10.0,102.3,0.0,96.10000000000001
1914,p10p11,10.0,11.0,115.3,0.0,108.8
1914,p11p12,11.0,12.0,128.7,0.0,122.0
1914,p12p13,12.0,13.0,142.7,0.0,135.7
1914,p13p14,13.0,14.0,157.2,0.0,149.9
1914,p14p15,14.0,15.0,172.4,0.0,164.8
1914,p15p16,15.0,16.0,188.2,0.0,180.3
1914,p16p17,16.0,17.0,204.7,0.0001,196.4
1914,p17p18,17.0,18.0,221.9,0.0001,213.3
1914,p18p19,18.0,19.0,239.9,0.0001,230.9
1914,p19p20,19.0,20.0,258.8,0.0001,249.3
1914,p20p21,20.0,21.0,278.5,0.0001,268.6
1914,p21p22,21.0,22.0,299.2,0.0001,288.8
1914,p22p23,22.0,23.0,320.8,0.0001,310.0
1914,p23p24,23.0,24.0,343.6,0.0001,332.2
1914,p24p25,24.0,25.0,367.5,0.0001,355.5
1914,p25p26,25.0,26.0,392.6,0.0001,380.1
1914,p26p27,26.0,27.0,419.0,0.0001,405.8
1914,p27p28,27.0,28.0,446.8,0.0001,432.9
1914,p28p29,28.0,29.0,476.1,0.0001,461.5
1914,p29p30,29.0,30.0,507.0,0.0001,491.6
1914,p30p31,30.0,31.0,539.6,0.0001,523.3000000000001
1914,p31p32,31.0,32.0,574.0,0.0002,556.8000000000001
1914,p32p33,32.0,33.0,610.4,0.0002,592.2
1914,p33p34,33.0,34.0,648.9000000000001,0.0002,629.6
1914,p34p35,34.0,35.0,689.6,0.0002,669.2
1914,p35p36,35.0,36.0,732.7,0.0002,711.1
1914,p36p37,36.0,37.0,778.4000000000001,0.0002,755.6
1914,p37p38,37.0,38.0,826.9000000000001,0.0002,802.6
1914,p38p39,38.0,39.0,878.4000000000001,0.0002,852.6
1914,p39p40,39.0,40.0,933.0,0.0002,905.7
1914,p40p41,40.0,41.0,991.2,0.0003,962.1
1914,p41p42,41.0,42.0,1053.1,0.0003,1022.1
1914,p42p43,42.0,43.0,1119.0,0.0003,1086.0
1914,p43p44,43.0,44.0,1189.3,0.0003,1154.1
1914,p44p45,44.0,45.0,1264.2,0.0003,1226.7
1914,p45p46,45.0,46.0,1344.2,0.0004,1304.2
1914,p46p47,46.0,47.0,1429.8,0.0004,1387.0
1914,p47p48,47.0,48.0,1521.2,0.0004,1475.5
1914,p48p49,48.0,49.0,1619.2,0.0004,1570.2
1914,p49p50,49.0,50.0,1724.1,0.0005,1671.6
1914,p50p51,50.0,51.0,1836.6,0.0005,1780.4
1914,p51p52,51.0,52.0,1957.5,0.0005,1897.1
1914,p52p53,52.0,53.0,2087.3,0.0005,2022.4
1914,p53p54,53.0,54.0,2227.0,0.0006,2157.2
1914,p54p55,54.0,55.0,2377.5,0.0006,2302.2
1914,p55p56,55.0,56.0,2539.6,0.0007,2458.5
1914,p56p57,56.0,57.0,2714.6,0.0007,2627.1
1914,p57p58,57.0,58.0,2903.8,0.0008,2809.2
1914,p58p59,58.0,59.0,3108.3,0.0008,3006.0
1914,p59p60,59.0,60.0,3329.9,0.0009,3219.1
1914,p60p61,60.0,61.0,3570.2,0.0009,3450.0
1914,p61p62,61.0,62.0,3831.1,0.001,3700.7
1914,p62p63,62.0,63.0,4114.900000000001,0.0011,3973.0
1914,p63p64,63.0,64.0,4423.900000000001,0.0012,4269.400000000001
1914,p64p65,64.0,65.0,4760.900000000001,0.0012,4592.400000000001
1914,p65p66,65.0,66.0,5129.1,0.0013,4945.0
1914,p66p67,66.0,67.0,5531.900000000001,0.0014,5330.5
1914,p67p68,67.0,68.0,5973.400000000001,0.0016,5752.6
1914,p68p69,68.0,69.0,6458.1,0.0017,6215.8
1914,p69p70,69.0,70.0,6991.400000000001,0.0018,6724.8
1914,p70p71,70.0,71.0,7579.200000000001,0.002,7285.3
1914,p71p72,71.0,72.0,8228.5,0.0022,7903.900000000001
1914,p72p73,72.0,73.0,8947.300000000001,0.0023,8587.9
1914,p73p74,73.0,74.0,9744.9,0.0026,9346.1
1914,p74p75,74.0,75.0,10632.2,0.0028,10188.6
1914,p75p76,75.0,76.0,11621.8,0.003,11127.0
1914,p76p77,76.0,77.0,12728.6,0.0033,12175.2
1914,p77p78,77.0,78.0,13970.2,0.0037,13349.4
1914,p78p79,78.0,79.0,15367.4,0.004,14668.8
1914,p79p80,79.0,80.0,16945.0,0.0044,16156.2
1914,p80p81,80.0,81.0,18733.0,0.0049,17839.0
1914,p81p82,81.0,82.0,20767.0,0.0054,19750.0
1914,p82p83,82.0,83.0,23090.8,0.006,21928.9
1914,p83p84,83.0,84.0,25757.6,0.0067,24424.2
1914,p84p85,84.0,85.0,28832.6,0.0075,27295.1
1914,p85p86,85.0,86.0,32396.9,0.0085,30614.7
1914,p86p87,86.0,87.0,36551.4,0.0096,34474.1
1914,p87p88,87.0,88.0,41414.5,0.0108,38982.9
1914,p88p89,88.0,89.0,46895.0,0.0123,44154.7
1914,p89p90,89.0,90.0,52589.2,0.0138,49742.10000000001
1914,p90p91,90.0,91.0,59056.60000000001,0.0155,55822.9
1914,p91p92,91.0,92.0,67431.1,0.0176,63243.8
1914,p92p93,92.0,93.0,79156.40000000001,0.0207,73293.7
1914,p93p94,93.0,94.0,95149.20000000001,0.0249,87152.8
1914,p94p95,94.0,95.0,115410.7,0.0302,105280.0
1914,p95p96,95.0,96.0,141951.5,0.0371,128681.1
1914,p96p97,96.0,97.0,180489.8,0.0472,161220.7
1914,p97p98,97.0,98.0,245526.0,0.0642,213007.9
1914,p98p99,98.0,99.0,389062.3,0.1018,317294.2
1914,p99p99.1,99.0,99.1,550628.8,0.0144,469845.5
1914,p99.1p99.2,99.1,99.2,601474.1,0.0157,576051.5
1914,p99.2p99.3,99.2,99.3,663884.8,0.0174,632679.5
1914,p99.3p99.4,99.3,99.4,742880.3,0.0194,703382.5
1914,p99.4p99.5,99.4,99.5,846837.5,0.0222,794858.9
1914,p99.5p99.6,99.5,99.6,989495.4,0.0259,918166.5
1914,p99.6p99.7,99.6,99.7,1199015.2,0.0314,1094255.4
1914,p99.7p99.8,99.7,99.8,1545734.9,0.0404,1372375.0
1914,p99.8p99.9,99.8,99.9,2274792.3,0.0595,1910263.8
1914,p99.9p99.91,99.9,99.91,3080312.3,0.0081,2677552.4
1914,p99.91p99.92,99.91,99.92,3333143.5,0.0087,3206727.9
1914,p99.92p99.93,99.92,99.93,3641776.5,0.0095,3487460.3
1914,p99.93p99.94,99.93,99.94,4028867.6,0.0105,3835321.9
1914,p99.94p99.95,99.94,99.95,4532004.8,0.0119,4280436.4
1914,p99.95p99.96,99.95,99.96,5219025.7,0.0137,4875515.3
1914,p99.96p99.97,99.96,99.97,6227960.800000001,0.0163,5723493.600000001
1914,p99.97p99.98,99.97,99.98,7897557.5,0.0207,7062759.0
1914,p99.98p99.99,99.98,99.99,11408337.0,0.0299,9652947.700000001
1914,p99.99p99.991,99.99,99.991,15287467.5,0.004,13347903.1
1914,p99.991p99.992,99.991,99.992,16505068.5,0.0043,15896269.6
1914,p99.992p99.993,99.992,99.993,17991428.6,0.0047,17248249.1
1914,p99.993p99.994,99.993,99.994,19855676.7,0.0052,18923552.1
1914,p99.994p99.995,99.994,99.995,22278867.3,0.0058,21067271.7
1914,p99.995p99.996,99.995,99.996,25587772.9,0.0067,23933322.2
1914,p99.996p99.997,99.996,99.997,30447308.9,0.008,28017542.2
1914,p99.997p99.998,99.997,99.998,38489360.6,0.0101,34468336.5
1914,p99.998p99.999,99.998,99.999,55401419.3,0.0145,46945389.5
1914,p99.999p100,99.999,100.0,225874801.2,0.0591,140638104.1
1920,p0p1,0.0,1.0,14.8,0.0,0.0
1920,p1p2,1.0,2.0,45.1,0.0,30.0
1920,p2p3,2.0,3.0,76.4,0.0,60.7
1920,p3p4,3.0,4.0,108.5,0.0001,92.4
1920,p4p5,4.0,5.0,141.7,0.0001,125.1
1920,p5p6,5.0,6.0,175.9,0.0001,158.8
1920,p6p7,6.0,7.0,211.1,0.0001,193.5
1920,p7p8,7.0,8.0,247.4,0.0001,229.3
1920,p8p9,8.0,9.0,284.9,0.0002,266.1
1920,p9p10,9.0,10.0,323.5,0.0002,304.2
1920,p10p11,10.0,11.0,363.3,0.0002,343.4
1920,p11p12,11.0,12.0,404.3,0.0002,383.8
1920,p12p13,12.0,13.0,446.7,0.0002,425.5
1920,p13p14,13.0,14.0,490.3,0.0003,468.5
1920,p14p15,14.0,15.0,535.4,0.0003,512.9
1920,p15p16,15.0,16.0,581.9,0.0003,558.6
1920,p16p17,16.0,17.0,629.9000000000001,0.0003,605.9
1920,p17p18,17.0,18.0,679.4000000000001,0.0004,654.6
1920,p18p19,18.0,19.0,730.5,0.0004,704.9000000000001
1920,p19p20,19.0,20.0,783.2,0.0004,756.8000000000001
1920,p20p21,20.0,21.0,837.6,0.0005,810.4000000000001
1920,p21p22,21.0,22.0,893.9000000000001,0.0005,865.8000000000001
1920,p22p23,22.0,23.0,951.9000000000001,0.0005,922.9000000000001
1920,p23p24,23.0,24.0,1011.9,0.0005,981.9000000000001
1920,p24p25,24.0,25.0,1073.9,0.0006,1042.9
1920,p25p26,25.0,26.0,1137.9,0.0006,1105.9
1920,p26p27,26.0,27.0,1204.0,0.0007,1171.0
1920,p27p28,27.0,28.0,1272.4,0.0007,1238.2
1920,p28p29,28.0,29.0,1343.1,0.0007,1307.8
1920,p29p30,29.0,30.0,1416.2,0.0008,1379.7
1920,p30p31,30.0,31.0,1491.8,0.0008,1454.0
1920,p31p32,31.0,32.0,1570.1,0.0009,1531.0
1920,p32p33,32.0,33.0,1651.0,0.0009,1610.6
1920,p33p34,33.0,34.0,1734.8,0.0009,1692.9
1920,p34p35,34.0,35.0,1821.5,0.001,1778.2
1920,p35p36,35.0,36.0,1911.4,0.001,1866.5
1920,p36p37,36.0,37.0,2004.4,0.0011,1957.9
1920,p37p38,37.0,38.0,2100.8,0.0011,2052.6
1920,p38p39,38.0,39.0,2200.7,0.0012,2150.8
1920,p39p40,39.0,40.0,2304.3,0.0013,2252.5
1920,p40p41,40.0,41.0,2411.7,0.0013,2358.0
1920,p41p42,41.0,42.0,2523.1,0.0014,2467.4
1920,p42p43,42.0,43.0,2638.7,0.0014,2580.9
1920,p43p44,43.0,44.0,2758.8,0.0015,2698.8
1920,p44p45,44.0,45.0,2883.4,0.0016,2821.1
1920,p45p46,45.0,46.0,3012.9,0.0016,2948.2
1920,p46p47,46.0,47.0,3147.5,0.0017,3080.2
1920,p47p48,47.0,48.0,3287.4,0.0018,3217.5
1920,p48p49,48.0,49.0,3433.0,0.0019,3360.2
1920,p49p50,49.0,50.0,3584.5,0.0019,3508.7
1920,p50p51,50.0,51.0,3742.2,0.002,3663.3
1920,p51p52,51.0,52.0,3906.4,0.0021,3824.3
1920,p52p53,52.0,53.0,4077.6,0.0022,3992.0
1920,p53p54,53.0,54.0,4256.1,0.0023,4166.900000000001
1920,p54p55,54.0,55.0,4442.400000000001,0.0024,4349.2
1920,p55p56,55.0,56.0,4636.8,0.0025,4539.6
1920,p56p57,56.0,57.0,4839.900000000001,0.0026,4738.400000000001
1920,p57p58,57.0,58.0,5052.200000000001,0.0027,4946.1
1920,p58p59,58.0,59.0,5274.3,0.0029,5163.3
1920,p59p60,59.0,60.0,5506.8,0.003,5390.6
1920,p60p61,60.0,61.0,5750.3,0.0031,5628.6
1920,p61p62,61.0,62.0,6005.700000000001,0.0033,5878.0
1920,p62p63,62.0,63.0,6273.700000000001,0.0034,6139.700000000001
1920,p63p64,63.0,64.0,6555.200000000001,0.0036,6414.400000000001
1920,p64p65,64.0,65.0,6851.1,0.0037,6703.1
1920,p65p66,65.0,66.0,7162.6,0.0039,7006.900000000001
1920,p66p67,66.0,67.0,7490.8,0.0041,7326.700000000001
1920,p67p68,67.0,68.0,7837.1,0.0043,7664.0
1920,p68p69,68.0,69.0,8202.9,0.0045,8020.0
1920,p69p70,69.0,70.0,8589.800000000001,0.0047,8396.300000000001
1920,p70p71,70.0,71.0,8999.7,0.0049,8794.800000000001
1920,p71p72,71.0,72.0,9434.7,0.0051,9217.2
1920,p72p73,72.0,73.0,9897.2,0.0054,9665.9
1920,p73p74,73.0,74.0,10389.7,0.0056,10143.4
1920,p74p75,74.0,75.0,10915.5,0.0059,10652.6
1920,p75p76,75.0,76.0,11478.1,0.0062,11196.8
1920,p76p77,76.0,77.0,12081.6,0.0066,11779.9
1920,p77p78,77.0,78.0,12731.0,0.0069,12406.3
1920,p78p79,78.0,79.0,13431.9,0.0073,13081.5
1920,p79p80,79.0,80.0,14191.4,0.0077,13811.7
1920,p80p81,80.0,81.0,15017.7,0.0082,14604.5
1920,p81p82,81.0,82.0,15921.0,0.0086,15469.3
1920,p82p83,82.0,83.0,16914.0,0.0092,16417.5
1920,p83p84,83.0,84.0,18012.6,0.0098,17463.3
1920,p84p85,84.0,85.0,19237.2,0.0104,18624.9
1920,p85p86,85.0,86.0,20614.4,0.0112,19925.8
1920,p86p87,86.0,87.0,22179.7,0.012,21397.0
1920,p87p88,87.0,88.0,23981.7,0.013,23080.7
1920,p88p89,88.0,89.0,26088.7,0.0142,25035.2
1920,p89p90,89.0,90.0,28600.1,0.0155,27344.4
1920,p90p91,90.0,91.0,31658.0,0.0172,30129.0
1920,p91p92,91.0,92.0,35257.5,0.0192,33457.7
1920,p92p93,92.0,93.0,39506.4,0.0215,37381.9
1920,p93p94,93.0,94.0,46103.0,0.025,42804.7
1920,p94p95,94.0,95.0,55003.5,0.0299,50553.3
1920,p95p96,95.0,96.0,65314.4,0.0355,60159.0
1920,p96p97,96.0,97.0,79286.40000000001,0.0431,72300.40000000001
1920,p97p98,97.0,98.0,106005.3,0.0576,92645.90000000001
1920,p98p99,98.0,99.0,162671.5,0.0884,134338.4
1920,p99p99.1,99.0,99.1,222486.2,0.0121,192578.9
1920,p99.1p99.2,99.1,99.2,241640.5,0.0131,232063.3
1920,p99.2p99.3,99.2,99.3,265178.1,0.0144,253409.3
1920,p99.3p99.4,99.3,99.4,294856.0,0.016,280017.1
1920,p99.4p99.5,99.4,99.5,333339.3,0.0181,314097.7
1920,p99.5p99.6,99.5,99.6,385111.6,0.0209,359225.5
1920,p99.6p99.7,99.6,99.7,460743.5,0.025,422927.6
1920,p99.7p99.8,99.7,99.8,585394.8,0.0318,523069.2
1920,p99.8p99.9,99.8,99.9,846129.3,0.046,715762.1000000001
1920,p99.9p99.91,99.9,99.91,1133140.3,0.0062,989634.9
1920,p99.91p99.92,99.91,99.92,1223023.4,0.0066,1178082.0
1920,p99.92p99.93,99.92,99.93,1332665.4,0.0072,1277844.4
1920,p99.93p99.94,99.93,99.94,1470080.5,0.008,1401373.0
1920,p99.94p99.95,99.94,99.95,1648565.1,0.009,1559322.9
1920,p99.95p99.96,99.95,99.96,1892120.9,0.0103,1770343.1
1920,p99.96p99.97,99.96,99.97,2249606.3,0.0122,2070863.8
1920,p99.97p99.98,99.97,99.98,2841038.1,0.0154,2545322.4
1920,p99.98p99.99,99.98,99.99,4085556.7,0.0222,3463297.8
1920,p99.99p99.991,99.99,99.991,5462612.4,0.003,4774085.3
1920,p99.991p99.992,99.991,99.992,5895542.600000001,0.0032,5679078.300000001
1920,p99.992p99.993,99.992,99.993,6424457.800000001,0.0035,6160001.100000001
1920,p99.993p99.994,99.993,99.994,7088510.9,0.0039,6756485.300000001
1920,p99.994p99.995,99.994,99.995,7952775.4,0.0043,7520643.7
1920,p99.995p99.996,99.995,99.996,9134958.5,0.005,8543867.4
1920,p99.996p99.997,99.996,99.997,10875263.3,0.0059,10005111.3
1920,p99.997p99.998,99.997,99.998,13765614.3,0.0075,12320440.5
1920,p99.998p99.999,99.998,99.999,19882857.7,0.0108,16824236.6
1920,p99.999p100,99.999,100.0,88040397.10000001,0.0478,53961632.8
1924,p0p1,0.0,1.0,12.3,0.0,0.0
1924,p1p2,1.0,2.0,37.5,0.0,24.9
1924,p2p3,2.0,3.0,63.5,0.0,50.5
1924,p3p4,3.0,4.0,90.2,0.0001,76.80000000000001
1924,p4p5,4.0,5.0,117.8,0.0001,104.0
1924,p5p6,5.0,6.0,146.2,0.0001,132.0
1924,p6p7,6.0,7.0,175.5,0.0001,160.9
1924,p7p8,7.0,8.0,205.7,0.0001,190.6
1924,p8p9,8.0,9.0,236.9,0.0001,221.3
1924,p9p10,9.0,10.0,269.0,0.0002,253.0
1924,p10p11,10.0,11.0,302.2,0.0002,285.6
1924,p11p12,11.0,12.0,336.4,0.0002,319.3
1924,p12p13,12.0,13.0,371.7,0.0002,354.0
1924,p13p14,13.0,14.0,408.1,0.0002,389.9
1924,p14p15,14.0,15.0,445.7,0.0003,426.9
1924,p15p16,15.0,16.0,484.6,0.0003,465.1
1924,p16p17,16.0,17.0,524.6,0.0003,504.6
1924,p17p18,17.0,18.0,566.0,0.0003,545.3000000000001
1924,p18p19,18.0,19.0,608.8000000000001,0.0004,587.4
1924,p19p20,19.0,20.0,652.9000000000001,0.0004,630.9000000000001
1924,p20p21,20.0,21.0,698.6,0.0004,675.8000000000001
1924,p21p22,21.0,22.0,745.8000000000001,0.0005,722.2
1924,p22p23,22.0,23.0,794.5,0.0005,770.1
1924,p23p24,23.0,24.0,844.9000000000001,0.0005,819.7
1924,p24p25,24.0,25.0,897.0,0.0005,871.0
1924,p25p26,25.0,26.0,951.0,0.0006,924.0
1924,p26p27,26.0,27.0,1006.7,0.0006,978.9000000000001
1924,p27p28,27.0,28.0,1064.5,0.0006,1035.6
1924,p28p29,28.0,29.0,1124.2,0.0007,1094.4
1924,p29p30,29.0,30.0,1186.1,0.0007,1155.2
1924,p30p31,30.0,31.0,1250.2,0.0008,1218.1
1924,p31p32,31.0,32.0,1316.6,0.0008,1283.4
1924,p32p33,32.0,33.0,1385.3,0.0008,1350.9
1924,p33p34,33.0,34.0,1456.6,0.0009,1421.0
1924,p34p35,34.0,35.0,1530.6,0.0009,1493.6
1924,p35p36,35.0,36.0,1607.2,0.001,1568.9
1924,p36p37,36.0,37.0,1686.8,0.001,1647.0
1924,p37p38,37.0,38.0,1769.4,0.0011,1728.1
1924,p38p39,38.0,39.0,1855.1,0.0011,1812.2
1924,p39p40,39.0,40.0,1944.1,0.0012,1899.6
1924,p40p41,40.0,41.0,2036.6,0.0012,1990.3
1924,p41p42,41.0,42.0,2132.7,0.0013,2084.7
1924,p42p43,42.0,43.0,2232.7,0.0013,2182.7
1924,p43p44,43.0,44.0,2336.7,0.0014,2284.7
1924,p44p45,44.0,45.0,2444.9,0.0015,2390.8
1924,p45p46,45.0,46.0,2557.6,0.0015,2501.3
1924,p46p47,46.0,47.0,2675.0,0.0016,2616.3
1924,p47p48,47.0,48.0,2797.3,0.0017,2736.1
1924,p48p49,48.0,49.0,2924.8,0.0018,2861.1
1924,p49p50,49.0,50.0,3057.9,0.0018,2991.4
1924,p50p51,50.0,51.0,3196.8,0.0019,3127.3
1924,p51p52,51.0,52.0,3341.8,0.002,3269.3
1924,p52p53,52.0,53.0,3493.4,0.0021,3417.6
1924,p53p54,53.0,54.0,3651.9,0.0022,3572.6
1924,p54p55,54.0,55.0,3817.7,0.0023,3734.8
1924,p55p56,55.0,56.0,3991.3,0.0024,3904.5
1924,p56p57,56.0,57.0,4173.2,0.0025,4082.3
1924,p57p58,57.0,58.0,4364.0,0.0026,4268.6
1924,p58p59,58.0,59.0,4564.1,0.0028,4464.1
1924,p59p60,59.0,60.0,4774.3,0.0029,4669.2
1924,p60p61,60.0,61.0,4995.200000000001,0.003,4884.8
1924,p61p62,61.0,62.0,5227.700000000001,0.0032,5111.5
1924,p62p63,62.0,63.0,5472.400000000001,0.0033,5350.0
1924,p63p64,63.0,64.0,5730.400000000001,0.0035,5601.400000000001
1924,p64p65,64.0,65.0,6002.6,0.0036,5866.5
1924,p65p66,65.0,66.0,6290.1,0.0038,6146.3
1924,p66p67,66.0,67.0,6594.200000000001,0.004,6442.1
1924,p67p68,67.0,68.0,6916.1,0.0042,6755.1
1924,p68p69,68.0,69.0,7257.5,0.0044,7086.8
1924,p69p70,69.0,70.0,7619.900000000001,0.0046,7438.700000000001
1924,p70p71,70.0,71.0,8005.3,0.0048,7812.6
1924,p71p72,71.0,72.0,8415.800000000001,0.0051,8210.6
1924,p72p73,72.0,73.0,8853.800000000001,0.0053,8634.800000000001
1924,p73p74,73.0,74.0,9321.9,0.0056,9087.800000000001
1924,p74p75,74.0,75.0,9823.2,0.0059,9572.5
1924,p75p76,75.0,76.0,10361.3,0.0063,10092.2
1924,p76p77,76.0,77.0,10940.2,0.0066,10650.7
1924,p77p78,77.0,78.0,11564.6,0.007,11252.4
1924,p78p79,78.0,79.0,12239.9,0.0074,11902.3
1924,p79p80,79.0,80.0,12972.7,0.0078,12606.3
1924,p80p81,80.0,81.0,13770.4,0.0083,13371.5
1924,p81p82,81.0,82.0,14642.1,0.0088,14206.3
1924,p82p83,82.0,83.0,15598.8,0.0094,15120.5
1924,p83p84,83.0,84.0,16653.7,0.0101,16126.3
1924,p84p85,84.0,85.0,17823.3,0.0108,17238.5
1924,p85p86,85.0,86.0,19128.1,0.0116,18475.7
1924,p86p87,86.0,87.0,20594.4,0.0124,19861.2
1924,p87p88,87.0,88.0,22256.1,0.0134,21425.2
1924,p88p89,88.0,89.0,24158.3,0.0146,23207.2
1924,p89p90,89.0,90.0,26362.6,0.0159,25260.5
1924,p90p91,90.0,91.0,28955.7,0.0175,27659.2
1924,p91p92,91.0,92.0,32061.2,0.0194,30508.5
1924,p92p93,92.0,93.0,35773.9,0.0216,33917.6
1924,p93p94,93.0,94.0,40533.9,0.0245,38153.9
1924,p94p95,94.0,95.0,48149.4,0.0291,44341.60000000001
1924,p95p96,95.0,96.0,59338.5,0.0358,53743.9
1924,p96p97,96.0,97.0,75917.6,0.0458,67628.0
1924,p97p98,97.0,98.0,102915.4,0.0622,89416.5
1924,p98p99,98.0,99.0,159804.7,0.0965,131360.0
1924,p99p99.1,99.0,99.1,222712.7,0.0134,191258.7
1924,p99.1p99.2,99.1,99.2,241827.7,0.0146,232270.2
1924,p99.2p99.3,99.2,99.3,264975.9,0.016,253401.8
1924,p99.3p99.4,99.3,99.4,293947.2,0.0178,279461.6
1924,p99.4p99.5,99.4,99.5,331795.4,0.02,312871.3
1924,p99.5p99.6,99.5,99.6,383258.9,0.0231,357527.2
1924,p99.6p99.7,99.6,99.7,457258.0,0.0276,420258.4
1924,p99.7p99.8,99.7,99.8,576226.0,0.0348,516742.0
1924,p99.8p99.9,99.8,99.9,815617.2000000001,0.0493,695921.5
1924,p99.9p99.91,99.9,99.91,1070267.7,0.0065,942942.4
1924,p99.91p99.92,99.91,99.92,1147952.0,0.0069,1109109.9
1924,p99.92p99.93,99.92,99.93,1241717.8,0.0075,1194834.8
1924,p99.93p99.94,99.93,99.94,1357820.6,0.0082,1299769.1
1924,p99.94p99.95,99.94,99.95,1506501.0,0.0091,1432160.7
1924,p99.95p99.96,99.95,99.96,1705952.9,0.0103,1606226.9
1924,p99.96p99.97,99.96,99.97,1992493.6,0.012,1849223.2
1924,p99.97p99.98,99.97,99.98,2453065.1,0.0148,2222779.3
1924,p99.98p99.99,99.98,99.99,3379684.4,0.0204,2916374.9
1924,p99.99p99.991,99.99,99.991,4365311.2,0.0026,3872497.7
1924,p99.991p99.992,99.991,99.992,4665988.3,0.0028,4515649.600000001
1924,p99.992p99.993,99.992,99.993,5028912.8,0.003,4847450.2
1924,p99.993p99.994,99.993,99.994,5478300.7,0.0033,5253606.4
1924,p99.994p99.995,99.994,99.995,6053796.5,0.0037,5766048.600000001
1924,p99.995p99.996,99.995,99.996,6825839.100000001,0.0041,6439817.4
1924,p99.996p99.997,99.996,99.997,7935042.5,0.0048,7380440.2
1924,p99.997p99.998,99.997,99.998,9718058.6,0.0059,8826550.1
1924,p99.998p99.999,99.998,99.999,13305774.6,0.008,11511915.6
1924,p99.999p100,99.999,100.0,40445992.8,0.0244,26875884.2
1927,p0p1,0.0,1.0,14.2,0.0,0.0
1927,p1p2,1.0,2.0,43.2,0.0,28.7
1927,p2p3,2.0,3.0,73.10000000000001,0.0,58.1
1927,p3p4,3.0,4.0,103.8,0.0001,88.5
1927,p4p5,4.0,5.0,135.6,0.0001,119.7
1927,p5p6,5.0,6.0,168.3,0.0001,151.9
1927,p6p7,6.0,7.0,202.0,0.0001,185.1
1927,p7p8,7.0,8.0,236.7,0.0001,219.3
1927,p8p9,8.0,9.0,272.5,0.0002,254.6
1927,p9p10,9.0,10.0,309.4,0.0002,290.9
1927,p10p11,10.0,11.0,347.4,0.0002,328.4
1927,p11p12,11.0,12.0,386.6,0.0002,367.0
1927,p12p13,12.0,13.0,427.1,0.0003,406.9
1927,p13p14,13.0,14.0,468.8,0.0003,447.9
1927,p14p15,14.0,15.0,511.8,0.0003,490.3
1927,p15p16,15.0,16.0,556.1,0.0003,533.9
1927,p16p17,16.0,17.0,601.8000000000001,0.0004,579.0
1927,p17p18,17.0,18.0,649.0,0.0004,625.4000000000001
1927,p18p19,18.0,19.0,697.6,0.0004,673.3000000000001
1927,p19p20,19.0,20.0,747.8000000000001,0.0005,722.7
1927,p20p21,20.0,21.0,799.6,0.0005,773.7
1927,p21p22,21.0,22.0,853.1,0.0005,826.4000000000001
1927,p22p23,22.0,23.0,908.3000000000001,0.0005,880.7
1927,p23p24,23.0,24.0,965.2,0.0006,936.7
1927,p24p25,24.0,25.0,1024.0,0.0006,994.6
1927,p25p26,25.0,26.0,1084.7,0.0007,1054.3
1927,p26p27,26.0,27.0,1147.3,0.0007,1116.0
1927,p27p28,27.0,28.0,1212.1,0.0007,1179.7
1927,p28p29,28.0,29.0,1278.9,0.0008,1245.5
1927,p29p30,29.0,30.0,1348.0,0.0008,1313.5
1927,p30p31,30.0,31.0,1419.4,0.0009,1383.7
1927,p31p32,31.0,32.0,1493.2,0.0009,1456.3
1927,p32p33,32.0,33.0,1569.4,0.0009,1531.3
1927,p33p34,33.0,34.0,1648.3,0.001,1608.8
1927,p34p35,34.0,35.0,1729.8,0.001,1689.0
1927,p35p36,35.0,36.0,1814.1,0.0011,1771.9
1927,p36p37,36.0,37.0,1901.4,0.0011,1857.7
1927,p37p38,37.0,38.0,1991.6,0.0012,1946.5
1927,p38p39,38.0,39.0,2085.1,0.0013,2038.4
1927,p39p40,39.0,40.0,2181.8,0.0013,2133.5
1927,p40p41,40.0,41.0,2282.0,0.0014,2231.9
1927,p41p42,41.0,42.0,2385.8,0.0014,2333.9
1927,p42p43,42.0,43.0,2493.4,0.0015,2439.6
1927,p43p44,43.0,44.0,2604.9,0.0016,2549.1
1927,p44p45,44.0,45.0,2720.4,0.0016,2662.7
1927,p45p46,45.0,46.0,2840.3,0.0017,2780.4
1927,p46p47,46.0,47.0,2964.7,0.0018,2902.5
1927,p47p48,47.0,48.0,3093.8,0.0019,3029.2
1927,p48p49,48.0,49.0,3227.8,0.0019,3160.8
1927,p49p50,49.0,50.0,3367.0,0.002,3297.4
1927,p50p51,50.0,51.0,3511.6,0.0021,3439.3
1927,p51p52,51.0,52.0,3662.0,0.0022,3586.8
1927,p52p53,52.0,53.0,3818.4,0.0023,3740.2
1927,p53p54,53.0,54.0,3981.1,0.0024,3899.7
1927,p54p55,54.0,55.0,4150.400000000001,0.0025,4065.8
1927,p55p56,55.0,56.0,4326.900000000001,0.0026,4238.7
1927,p56p57,56.0,57.0,4510.7,0.0027,4418.8
1927,p57p58,57.0,58.0,4702.5,0.0028,4606.6
1927,p58p59,58.0,59.0,4902.5,0.003,4802.5
1927,p59p60,59.0,60.0,5111.400000000001,0.0031,5006.900000000001
1927,p60p61,60.0,61.0,5329.6,0.0032,5220.5
1927,p61p62,61.0,62.0,5557.8,0.0033,5443.700000000001
1927,p62p63,62.0,63.0,5796.6,0.0035,5677.200000000001
1927,p63p64,63.0,64.0,6046.700000000001,0.0036,5921.6
1927,p64p65,64.0,65.0,6308.900000000001,0.0038,6177.8
1927,p65p66,65.0,66.0,6584.0,0.004,6446.400000000001
1927,p66p67,66.0,67.0,6873.0,0.0041,6728.5
1927,p67p68,67.0,68.0,7177.0,0.0043,7025.0
1927,p68p69,68.0,69.0,7497.1,0.0045,7337.0
1927,p69p70,69.0,70.0,7834.6,0.0047,7665.8
1927,p70p71,70.0,71.0,8191.0,0.0049,8012.8
1927,p71p72,71.0,72.0,8568.0,0.0052,8379.5
1927,p72p73,72.0,73.0,8967.6,0.0054,8767.800000000001
1927,p73p74,73.0,74.0,9391.9,0.0057,9179.800000000001
1927,p74p75,74.0,75.0,9843.5,0.0059,9617.7
1927,p75p76,75.0,76.0,10325.3,0.0062,10084.4
1927,p76p77,76.0,77.0,10840.9,0.0065,10583.1
1927,p77p78,77.0,78.0,11394.4,0.0069,11117.7
1927,p78p79,78.0,79.0,11990.8,0.0072,11692.6
1927,p79p80,79.0,80.0,12636.2,0.0076,12313.5
1927,p80p81,80.0,81.0,13337.9,0.008,12987.0
1927,p81p82,81.0,82.0,14105.4,0.0085,13721.6
1927,p82p83,82.0,83.0,14950.3,0.009,14527.9
1927,p83p84,83.0,84.0,15887.9,0.0096,15419.1
1927,p84p85,84.0,85.0,16938.1,0.0102,16413.0
1927,p85p86,85.0,86.0,18127.6,0.0109,17532.8
1927,p86p87,86.0,87.0,19493.0,0.0117,18810.3
1927,p87p88,87.0,88.0,21086.0,0.0127,20289.5
1927,p88p89,88.0,89.0,22981.2,0.0138,22033.6
1927,p89p90,89.0,90.0,25290.6,0.0152,24135.9
1927,p90p91,90.0,91.0,28175.4,0.017,26733.0
1927,p91p92,91.0,92.0,31528.6,0.019,29852.0
1927,p92p93,92.0,93.0,35449.3,0.0213,33489.0
1927,p93p94,93.0,94.0,42341.2,0.0255,38895.3
1927,p94p95,94.0,95.0,50683.5,0.0305,46512.4
1927,p95p96,95.0,96.0,58450.8,0.0352,54567.2
1927,p96p97,96.0,97.0,67840.0,0.0408,63145.4
1927,p97p98,97.0,98.0,89567.90000000001,0.0539,78703.90000000001
1927,p98p99,98.0,99.0,135944.5,0.0818,112756.2
1927,p99p99.1,99.0,99.1,182607.0,0.011,159275.7
1927,p99.1p99.2,99.1,99.2,198375.2,0.0119,190491.1
1927,p99.2p99.3,99.2,99.3,218025.1,0.0131,208200.2
1927,p99.3p99.4,99.3,99.4,242974.2,0.0146,230499.7
1927,p99.4p99.5,99.4,99.5,275100.1,0.0166,259037.1
1927,p99.5p99.6,99.5,99.6,317882.4,0.0191,296491.2
1927,p99.6p99.7,99.6,99.7,381328.3,0.023,349605.3
1927,p99.7p99.8,99.7,99.8,488293.9,0.0294,434811.1
1927,p99.8p99.9,99.8,99.9,719614.8,0.0433,603954.4
1927,p99.9p99.91,99.9,99.91,981355.0,0.0059,850485.0
1927,p99.91p99.92,99.91,99.92,1064979.0,0.0064,1023167.0
1927,p99.92p99.93,99.92,99.93,1167784.0,0.007,1116381.6
1927,p99.93p99.94,99.93,99.94,1297764.1,0.0078,1232774.1
1927,p99.94p99.95,99.94,99.95,1468292.8,0.0088,1383028.3
1927,p99.95p99.96,99.95,99.96,1703744.7,0.0103,1586018.9
1927,p99.96p99.97,99.96,99.97,2054313.2,0.0124,1879029.2
1927,p99.97p99.98,99.97,99.98,2645113.4,0.0159,2349713.3
1927,p99.98p99.99,99.98,99.99,3922399.8,0.0236,3283756.6
1927,p99.99p99.991,99.99,99.991,5367515.600000001,0.0032,4644958.100000001
1927,p99.991p99.992,99.991,99.992,5829211.5,0.0035,5598364.100000001
1927,p99.992p99.993,99.992,99.993,6396809.800000001,0.0039,6113010.9
1927,p99.993p99.994,99.993,99.994,7114450.600000001,0.0043,6755630.800000001
1927,p99.994p99.995,99.994,99.995,8055979.9,0.0049,7585215.5
1927,p99.995p99.996,99.995,99.996,9355992.5,0.0056,8705986.5
1927,p99.996p99.997,99.996,99.997,11291661.9,0.0068,10323827.4
1927,p99.997p99.998,99.997,99.998,14553920.6,0.0088,12922792.3
1927,p99.998p99.999,99.998,99.999,21607316.7,0.013,18080620.0
1927,p99.999p100,99.999,100.0,110482634.9,0.0665,66044978.6
1930,p0p1,0.0,1.0,8.6,0.0,0.0
1930,p1p2,1.0,2.0,26.1,0.0,17.3
1930,p2p3,2.0,3.0,44.1,0.0,35.1
1930,p3p4,3.0,4.0,62.7,0.0,53.40000000000001
1930,p4p5,4.0,5.0,81.9,0.0001,72.3
1930,p5p6,5.0,6.0,101.7,0.0001,91.80000000000001
1930,p6p7,6.0,7.0,122.1,0.0001,111.9
1930,p7p8,7.0,8.0,143.1,0.0001,132.6
1930,p8p9,8.0,9.0,164.9,0.0001,154.0
1930,p9p10,9.0,10.0,187.3,0.0001,176.1
1930,p10p11,10.0,11.0,210.4,0.0001,198.8
1930,p11p12,11.0,12.0,234.3,0.0002,222.4
1930,p12p13,12.0,13.0,259.0,0.0002,246.6
1930,p13p14,13.0,14.0,284.4,0.0002,271.7
1930,p14p15,14.0,15.0,310.8,0.0002,297.6
1930,p15p16,15.0,16.0,338.0,0.0002,324.4
1930,p16p17,16.0,17.0,366.1,0.0002,352.1
1930,p17p18,17.0,18.0,395.2,0.0003,380.7
1930,p18p19,18.0,19.0,425.3,0.0003,410.2
1930,p19p20,19.0,20.0,456.4,0.0003,440.8
1930,p20p21,20.0,21.0,488.6,0.0003,472.5
1930,p21p22,21.0,22.0,521.9,0.0003,505.2
1930,p22p23,22.0,23.0,556.4,0.0004,539.2
1930,p23p24,23.0,24.0,592.1,0.0004,574.3000000000001
1930,p24p25,24.0,25.0,629.2,0.0004,610.6
1930,p25p26,25.0,26.0,667.5,0.0004,648.3000000000001
1930,p26p27,26.0,27.0,707.3000000000001,0.0005,687.4000000000001
1930,p27p28,27.0,28.0,748.5,0.0005,727.9000000000001
1930,p28p29,28.0,29.0,791.3000000000001,0.0005,769.9000000000001
1930,p29p30,29.0,30.0,835.7,0.0005,813.5
1930,p30p31,30.0,31.0,881.8000000000001,0.0006,858.7
1930,p31p32,31.0,32.0,929.6,0.0006,905.7
1930,p32p33,32.0,33.0,979.4000000000001,0.0006,954.5
1930,p33p34,33.0,34.0,1031.0,0.0007,1005.2
1930,p34p35,34.0,35.0,1084.8,0.0007,1057.9
1930,p35p36,35.0,36.0,1140.6,0.0007,1112.7
1930,p36p37,36.0,37.0,1198.8,0.0008,1169.7
1930,p37p38,37.0,38.0,1259.3,0.0008,1229.1
1930,p38p39,38.0,39.0,1322.4,0.0009,1290.9
1930,p39p40,39.0,40.0,1388.1,0.0009,1355.3
1930,p40p41,40.0,41.0,1456.6,0.0009,1422.4
1930,p41p42,41.0,42.0,1528.1,0.001,1492.4
1930,p42p43,42.0,43.0,1602.7,0.001,1565.4
1930,p43p44,43.0,44.0,1680.6,0.0011,1641.7
1930,p44p45,44.0,45.0,1762.0,0.0011,1721.3
1930,p45p46,45.0,46.0,1847.1,0.0012,1804.6
1930,p46p47,46.0,47.0,1936.1,0.0012,1891.6
1930,p47p48,47.0,48.0,2029.3,0.0013,1982.7
1930,p48p49,48.0,49.0,2126.9,0.0014,2078.1
1930,p49p50,49.0,50.0,2229.2,0.0014,2178.1
1930,p50p51,50.0,51.0,2336.6,0.0015,2282.9
1930,p51p52,51.0,52.0,2449.2,0.0016,2392.9
1930,p52p53,52.0,53.0,2567.6,0.0017,2508.4
1930,p53p54,53.0,54.0,2692.0,0.0017,2629.8
1930,p54p55,54.0,55.0,2823.0,0.0018,2757.5
1930,p55p56,55.0,56.0,2960.9,0.0019,2891.9
1930,p56p57,56.0,57.0,3106.3,0.002,3033.6
1930,p57p58,57.0,58.0,3259.7,0.0021,3183.0
1930,p58p59,58.0,59.0,3421.7,0.0022,3340.7
1930,p59p60,59.0,60.0,3592.9,0.0023,3507.3
1930,p60p61,60.0,61.0,3774.2,0.0024,3683.6
1930,p61p62,61.0,62.0,3966.3,0.0026,3870.3
1930,p62p63,62.0,63.0,4170.1,0.0027,4068.2
1930,p63p64,63.0,64.0,4386.6,0.0028,4278.400000000001
1930,p64p65,64.0,65.0,4616.900000000001,0.003,4501.7
1930,p65p66,65.0,66.0,4862.1,0.0031,4739.5
1930,p66p67,66.0,67.0,5123.700000000001,0.0033,4992.900000000001
1930,p67p68,67.0,68.0,5403.200000000001,0.0035,5263.5
1930,p68p69,68.0,69.0,5702.3,0.0037,5552.8
1930,p69p70,69.0,70.0,6022.900000000001,0.0039,5862.6
1930,p70p71,70.0,71.0,6367.3,0.0041,6195.1
1930,p71p72,71.0,72.0,6737.8,0.0043,6552.6
1930,p72p73,72.0,73.0,7137.400000000001,0.0046,6937.6
1930,p73p74,73.0,74.0,7569.200000000001,0.0049,7353.3
1930,p74p75,74.0,75.0,8037.1,0.0052,7803.200000000001
1930,p75p76,75.0,76.0,8545.300000000001,0.0055,8291.2
1930,p76p77,76.0,77.0,9098.800000000001,0.0059,8822.0
1930,p77p78,77.0,78.0,9703.5,0.0063,9401.2
1930,p78p79,78.0,79.0,10366.3,0.0067,10034.9
1930,p79p80,79.0,80.0,11095.3,0.0072,10730.8
1930,p80p81,80.0,81.0,11900.3,0.0077,11497.8
1930,p81p82,81.0,82.0,12793.0,0.0083,12346.7
1930,p82p83,82.0,83.0,13787.5,0.0089,13290.2
1930,p83p84,83.0,84.0,14901.1,0.0096,14344.3
1930,p84p85,84.0,85.0,16155.4,0.0104,15528.2
1930,p85p86,85.0,86.0,17577.2,0.0113,16866.3
1930,p86p87,86.0,87.0,19200.6,0.0124,18388.9
1930,p87p88,87.0,88.0,21069.6,0.0136,20135.1
1930,p88p89,88.0,89.0,23242.1,0.015,22155.8
1930,p89p90,89.0,90.0,25795.1,0.0166,24518.6
1930,p90p91,90.0,91.0,28834.7,0.0186,27314.9
1930,p91p92,91.0,92.0,32510.2,0.021,30672.4
1930,p92p93,92.0,93.0,37039.9,0.0239,34775.1
1930,p93p94,93.0,94.0,42755.7,0.0276,39897.8
1930,p94p95,94.0,95.0,50190.7,0.0324,46473.2
1930,p95p96,95.0,96.0,60263.5,0.0389,55227.10000000001
1930,p96p97,96.0,97.0,74714.7,0.0482,67489.1
1930,p97p98,97.0,98.0,97335.0,0.0628,86024.90000000001
1930,p98p99,98.0,99.0,138905.6,0.0896,118120.3
1930,p99p99.1,99.0,99.1,181322.8,0.0117,160114.2
1930,p99.1p99.2,99.1,99.2,195593.5,0.0126,188458.2
1930,p99.2p99.3,99.2,99.3,213367.0,0.0138,204480.3
1930,p99.3p99.4,99.3,99.4,235956.9,0.0152,224661.9
1930,p99.4p99.5,99.4,99.5,265149.6,0.0171,250553.3
1930,p99.5p99.6,99.5,99.6,302877.1,0.0195,284013.4
1930,p99.6p99.7,99.6,99.7,357513.0,0.0231,330195.1
1930,p99.7p99.8,99.7,99.8,449954.8,0.029,403733.9
1930,p99.8p99.9,99.8,99.9,650707.3,0.042,550331.0
1930,p99.9p99.91,99.9,99.91,878535.6000000001,0.0057,764621.5
1930,p99.91p99.92,99.91,99.92,951470.4,0.0061,915003.0
1930,p99.92p99.93,99.92,99.93,1041202.5,0.0067,996336.5
1930,p99.93p99.94,99.93,99.94,1154750.1,0.0074,1097976.3
1930,p99.94p99.95,99.94,99.95,1303863.9,0.0084,1229306.9
1930,p99.95p99.96,99.95,99.96,1509981.3,0.0097,1406922.6
1930,p99.96p99.97,99.96,99.97,1817298.8,0.0117,1663640.1
1930,p99.97p99.98,99.97,99.98,2336150.7,0.0151,2076724.7
1930,p99.98p99.99,99.98,99.99,3460966.3,0.0223,2898558.5
1930,p99.99p99.991,99.99,99.991,4736530.100000001,0.0031,4098748.2
1930,p99.991p99.992,99.991,99.992,5144760.100000001,0.0033,4940644.8
1930,p99.992p99.993,99.992,99.993,5646975.100000001,0.0036,5395867.4
1930,p99.993p99.994,99.993,99.994,6282447.2,0.0041,5964711.300000001
1930,p99.994p99.995,99.994,99.995,7116932.100000001,0.0046,6699689.800000001
1930,p99.995p99.996,99.995,99.996,8270393.7,0.0053,7693663.2
1930,p99.996p99.997,99.996,99.997,9990165.9,0.0064,9130280.200000001
1930,p99.997p99.998,99.997,99.998,12893738.5,0.0083,11441952.1
1930,p99.998p99.999,99.998,99.999,19188711.1,0.0124,16041224.4
1930,p99.999p100,99.999,100.0,100473979.7,0.0648,59831347.8
1934,p0p1,0.0,1.0,12.4,0.0,0.0
1934,p1p2,1.0,2.0,37.7,0.0,25.1
1934,p2p3,2.0,3.0,63.8,0.0,50.8
1934,p3p4,3.0,4.0,90.80000000000001,0.0001,77.30000000000001
1934,p4p5,4.0,5.0,118.5,0.0001,104.6
1934,p5p6,5.0,6.0,147.1,0.0001,132.8
1934,p6p7,6.0,7.0,176.6,0.0001,161.9
1934,p7p8,7.0,8.0,207.1,0.0001,191.8
1934,p8p9,8.0,9.0,238.5,0.0001,222.8
1934,p9p10,9.0,10.0,270.9,0.0002,254.7
1934,p10p11,10.0,11.0,304.3,0.0002,287.6
1934,p11p12,11.0,12.0,338.9,0.0002,321.6
1934,p12p13,12.0,13.0,374.5,0.0002,356.7
1934,p13p14,13.0,14.0,411.3,0.0002,392.9
1934,p14p15,14.0,15.0,449.4,0.0003,430.4
1934,p15p16,15.0,16.0,488.7,0.0003,469.0
1934,p16p17,16.0,17.0,529.3000000000001,0.0003,509.0
1934,p17p18,17.0,18.0,571.3000000000001,0.0003,550.3000000000001
1934,p18p19,18.0,19.0,614.7,0.0003,593.0
1934,p19p20,19.0,20.0,659.6,0.0004,637.2
1934,p20p21,20.0,21.0,706.1,0.0004,682.9000000000001
1934,p21p22,21.0,22.0,754.2,0.0004,730.1
1934,p22p23,22.0,23.0,803.9000000000001,0.0004,779.0
1934,p23p24,23.0,24.0,855.4000000000001,0.0005,829.7
1934,p24p25,24.0,25.0,908.8000000000001,0.0005,882.1
1934,p25p26,25.0,26.0,964.1,0.0005,936.4000000000001
1934,p26p27,26.0,27.0,1021.3,0.0006,992.7
1934,p27p28,27.0,28.0,1080.7,0.0006,1051.0
1934,p28p29,28.0,29.0,1142.3,0.0006,1111.5
1934,p29p30,29.0,30.0,1206.1,0.0007,1174.2
1934,p30p31,30.0,31.0,1272.4,0.0007,1239.3
1934,p31p32,31.0,32.0,1341.2,0.0007,1306.8
1934,p32p33,32.0,33.0,1412.6,0.0008,1376.9
1934,p33p34,33.0,34.0,1486.8,0.0008,1449.7
1934,p34p35,34.0,35.0,1563.9,0.0009,1525.3
1934,p35p36,35.0,36.0,1644.0,0.0009,1604.0
1934,p36p37,36.0,37.0,1727.4,0.001,1685.7
1934,p37p38,37.0,38.0,1814.1,0.001,1770.8
1934,p38p39,38.0,39.0,1904.4,0.0011,1859.3
1934,p39p40,39.0,40.0,1998.5,0.0011,1951.4
1934,p40p41,40.0,41.0,2096.4,0.0012,2047.4
1934,p41p42,41.0,42.0,2198.5,0.0012,2147.5
1934,p42p43,42.0,43.0,2305.0,0.0013,2251.8
1934,p43p44,43.0,44.0,2416.2,0.0013,2360.6
1934,p44p45,44.0,45.0,2532.2,0.0014,2474.2
1934,p45p46,45.0,46.0,2653.4,0.0015,2592.8
1934,p46p47,46.0,47.0,2780.1,0.0015,2716.8
1934,p47p48,47.0,48.0,2912.6,0.0016,2846.4
1934,p48p49,48.0,49.0,3051.3,0.0017,2981.9
1934,p49p50,49.0,50.0,3196.5,0.0018,3123.9
1934,p50p51,50.0,51.0,3348.7,0.0019,3272.6
1934,p51p52,51.0,52.0,3508.2,0.002,3428.4
1934,p52p53,52.0,53.0,3675.7,0.002,3591.9
1934,p53p54,53.0,54.0,3851.5,0.0021,3763.6
1934,p54p55,54.0,55.0,4036.3,0.0022,3943.9
1934,p55p56,55.0,56.0,4230.7,0.0024,4133.5
1934,p56p57,56.0,57.0,4435.400000000001,0.0025,4333.1
1934,p57p58,57.0,58.0,4651.1,0.0026,4543.2
1934,p58p59,58.0,59.0,4878.5,0.0027,4764.8
1934,p59p60,59.0,60.0,5118.700000000001,0.0028,4998.6
1934,p60p61,60.0,61.0,5372.400000000001,0.003,5245.5
1934,p61p62,61.0,62.0,5640.900000000001,0.0031,5506.700000000001
1934,p62p63,62.0,63.0,5925.3,0.0033,5783.1
1934,p63p64,63.0,64.0,6226.8,0.0035,6076.1
1934,p64p65,64.0,65.0,6547.0,0.0036,6386.900000000001
1934,p65p66,65.0,66.0,6887.3,0.0038,6717.200000000001
1934,p66p67,66.0,67.0,7249.700000000001,0.004,7068.5
1934,p67p68,67.0,68.0,7636.0,0.0043,7442.8
1934,p68p69,68.0,69.0,8048.400000000001,0.0045,7842.200000000001
1934,p69p70,69.0,70.0,8489.6,0.0047,8269.0
1934,p70p71,70.0,71.0,8962.2,0.005,8725.9
1934,p71p72,71.0,72.0,9469.5,0.0053,9215.9
1934,p72p73,72.0,73.0,10015.1,0.0056,9742.300000000001
1934,p73p74,73.0,74.0,10603.2,0.0059,10309.2
1934,p74p75,74.0,75.0,11238.3,0.0063,10920.7
1934,p75p76,75.0,76.0,11926.0,0.0066,11582.2
1934,p76p77,76.0,77.0,12672.6,0.0071,12299.3
1934,p77p78,77.0,78.0,13485.4,0.0075,13079.0
1934,p78p79,78.0,79.0,14372.8,0.008,13929.1
1934,p79p80,79.0,80.0,15345.1,0.0085,14858.9
1934,p80p81,80.0,81.0,16414.0,0.0091,15879.6
1934,p81p82,81.0,82.0,17594.0,0.0098,17004.0
1934,p82p83,82.0,83.0,18902.0,0.0105,18248.0
1934,p83p84,83.0,84.0,20359.1,0.0113,19630.6
1934,p84p85,84.0,85.0,21990.8,0.0122,21174.9
1934,p85p86,85.0,86.0,23828.9,0.0133,22909.9
1934,p86p87,86.0,87.0,25913.6,0.0144,24871.3
1934,p87p88,87.0,88.0,28296.0,0.0158,27104.8
1934,p88p89,88.0,89.0,31042.6,0.0173,29669.3
1934,p89p90,89.0,90.0,34241.3,0.0191,32641.9
1934,p90p91,90.0,91.0,38011.3,0.0212,36126.3
1934,p91p92,91.0,92.0,42518.5,0.0237,40264.9
1934,p92p93,92.0,93.0,48001.2,0.0267,45259.9
1934,p93p94,93.0,94.0,54816.0,0.0305,51408.60000000001
1934,p94p95,94.0,95.0,63524.10000000001,0.0354,59170.0
1934,p95p96,95.0,96.0,75069.3,0.0418,69296.7
1934,p96p97,96.0,97.0,91187.20000000001,0.0508,83128.20000000001
1934,p97p98,97.0,98.0,115501.0,0.0643,103344.1
1934,p98p99,98.0,99.0,157763.4,0.0878,136632.2
1934,p99p99.1,99.0,99.1,199668.0,0.0111,178715.7
1934,p99.1p99.2,99.1,99.2,213996.1,0.0119,206832.1
1934,p99.2p99.3,99.2,99.3,231837.7,0.0129,222916.9
1934,p99.3p99.4,99.3,99.4,254506.2,0.0142,243171.9
1934,p99.4p99.5,99.4,99.5,283883.8,0.0158,269195.0
1934,p99.5p99.6,99.5,99.6,321997.4,0.0179,302940.6
1934,p99.6p99.7,99.6,99.7,375664.5,0.0209,348831.0
1934,p99.7p99.8,99.7,99.8,465536.8,0.0259,420600.6
1934,p99.8p99.9,99.8,99.9,658027.4,0.0366,561782.1
1934,p99.9p99.91,99.9,99.91,873863.3,0.0049,765945.4
1934,p99.91p99.92,99.91,99.92,942332.7000000001,0.0052,908097.9
1934,p99.92p99.93,99.92,99.93,1026262.8,0.0057,984297.8
1934,p99.93p99.94,99.93,99.94,1132025.9,0.0063,1079144.3
1934,p99.94p99.95,99.94,99.95,1270244.9,0.0071,1201135.4
1934,p99.95p99.96,99.95,99.96,1460199.2,0.0081,1365222.1
1934,p99.96p99.97,99.96,99.97,1741387.8,0.0097,1600793.4
1934,p99.97p99.98,99.97,99.98,2211614.0,0.0123,1976500.9
1934,p99.98p99.99,99.98,99.99,3216272.6,0.0179,2713943.4
1934,p99.99p99.991,99.99,99.991,4341531.8,0.0024,3778902.3
1934,p99.991p99.992,99.991,99.992,4698338.4,0.0026,4519935.100000001
1934,p99.992p99.993,99.992,99.993,5135668.4,0.0029,4917003.5
1934,p99.993p99.994,99.993,99.994,5686713.100000001,0.0032,5411190.9
1934,p99.994p99.995,99.994,99.995,6406804.300000001,0.0036,6046758.100000001
1934,p99.995p99.996,99.995,99.996,7396369.9,0.0041,6901586.5
1934,p99.996p99.997,99.996,99.997,8861167.700000001,0.0049,8128768.7
1934,p99.997p99.998,99.997,99.998,11310709.3,0.0063,10085938.5
1934,p99.998p99.999,99.998,99.999,16544503.4,0.0092,13927606.3
1934,p99.999p100,99.999,100.0,76196160.8,0.0424,46370332.6
1940,p0p1,0.0,1.0,534.5,0.0002,0.0
1940,p1p2,1.0,2.0,536.7,0.0002,535.6
1940,p2p3,2.0,3.0,538.6,0.0002,537.7
1940,p3p4,3.0,4.0,539.8000000000001,0.0002,539.2
1940,p4p5,4.0,5.0,546.9,0.0002,543.4
1940,p5p6,5.0,6.0,570.5,0.0002,558.7
1940,p6p7,6.0,7.0,583.0,0.0002,576.8000000000001
1940,p7p8,7.0,8.0,628.7,0.0002,605.9
1940,p8p9,8.0,9.0,630.5,0.0002,629.6
1940,p9p10,9.0,10.0,684.0,0.0002,657.2
1940,p10p11,10.0,11.0,724.3000000000001,0.0002,704.1
1940,p11p12,11.0,12.0,747.4000000000001,0.0003,735.8000000000001
1940,p12p13,12.0,13.0,811.5,0.0003,779.5
1940,p13p14,13.0,14.0,876.9000000000001,0.0003,844.2
1940,p14p15,14.0,15.0,879.5,0.0003,878.2
1940,p15p16,15.0,16.0,949.7,0.0003,914.6
1940,p16p17,16.0,17.0,1018.8,0.0004,984.2
1940,p17p18,17.0,18.0,1085.3,0.0004,1052.0
1940,p18p19,18.0,19.0,1090.3,0.0004,1087.8
1940,p19p20,19.0,20.0,1162.3,0.0004,1126.3
1940,p20p21,20.0,21.0,1219.2,0.0004,1190.8
1940,p21p22,21.0,22.0,1280.9,0.0004,1250.0
1940,p22p23,22.0,23.0,1334.9,0.0005,1307.9
1940,p23p24,23.0,24.0,1388.7,0.0005,1361.8
1940,p24p25,24.0,25.0,1399.6,0.0005,1394.2
1940,p25p26,25.0,26.0,1446.3,0.0005,1422.9
1940,p26p27,26.0,27.0,1491.1,0.0005,1468.7
1940,p27p28,27.0,28.0,1541.1,0.0005,1516.1
1940,p28p29,28.0,29.0,1558.0,0.0005,1549.5
1940,p29p30,29.0,30.0,1644.9,0.0006,1601.4
1940,p30p31,30.0,31.0,1708.2,0.0006,1676.6
1940,p31p32,31.0,32.0,1775.1,0.0006,1741.7
1940,p32p33,32.0,33.0,1851.0,0.0006,1813.0
1940,p33p34,33.0,34.0,1934.8,0.0007,1892.9
1940,p34p35,34.0,35.0,2023.1,0.0007,1979.0
1940,p35p36,35.0,36.0,2118.5,0.0007,2070.8
1940,p36p37,36.0,37.0,2225.9,0.0008,2172.2
1940,p37p38,37.0,38.0,2262.7,0.0008,2244.3
1940,p38p39,38.0,39.0,2344.5,0.0008,2303.6
1940,p39p40,39.0,40.0,2482.3,0.0009,2413.4
1940,p40p41,40.0,41.0,2619.2,0.0009,2550.7
1940,p41p42,41.0,42.0,2746.9,0.0009,2683.0
1940,p42p43,42.0,43.0,2892.9,0.001,2819.9
1940,p43p44,43.0,44.0,3049.2,0.0011,2971.1
1940,p44p45,44.0,45.0,3207.0,0.0011,3128.1
1940,p45p46,45.0,46.0,3357.9,0.0012,3282.5
1940,p46p47,46.0,47.0,3494.9,0.0012,3426.4
1940,p47p48,47.0,48.0,3648.8,0.0013,3571.8
1940,p48p49,48.0,49.0,3815.4,0.0013,3732.1
1940,p49p50,49.0,50.0,4004.2,0.0014,3909.8
1940,p50p51,50.0,51.0,4229.1,0.0015,4116.6
1940,p51p52,51.0,52.0,4470.2,0.0015,4349.6
1940,p52p53,52.0,53.0,4720.8,0.0016,4595.5
1940,p53p54,53.0,54.0,4988.700000000001,0.0017,4854.8
1940,p54p55,54.0,55.0,5272.3,0.0018,5130.5
1940,p55p56,55.0,56.0,5566.3,0.0019,5419.3
1940,p56p57,56.0,57.0,5879.8,0.002,5723.1
1940,p57p58,57.0,58.0,6312.200000000001,0.0022,6096.0
1940,p58p59,58.0,59.0,6583.700000000001,0.0023,6448.0
1940,p59p60,59.0,60.0,6943.6,0.0024,6763.700000000001
1940,p60p61,60.0,61.0,7324.0,0.0025,7133.8
1940,p61p62,61.0,62.0,7739.200000000001,0.0027,7531.6
1940,p62p63,62.0,63.0,8171.1,0.0028,7955.200000000001
1940,p63p64,63.0,64.0,8631.800000000001,0.003,8401.5
1940,p64p65,64.0,65.0,9134.0,0.0032,8882.9
1940,p65p66,65.0,66.0,9690.5,0.0033,9412.2
1940,p66p67,66.0,67.0,10282.8,0.0035,9986.6
1940,p67p68,67.0,68.0,10926.4,0.0038,10604.6
1940,p68p69,68.0,69.0,11631.9,0.004,11279.2
1940,p69p70,69.0,70.0,12411.2,0.0043,12021.6
1940,p70p71,70.0,71.0,13181.8,0.0045,12796.5
1940,p71p72,71.0,72.0,13962.5,0.0048,13572.1
1940,p72p73,72.0,73.0,14833.0,0.0051,14397.7
1940,p73p74,73.0,74.0,15762.0,0.0054,15297.5
1940,p74p75,74.0,75.0,16763.7,0.0058,16262.9
1940,p75p76,75.0,76.0,17804.0,0.0061,17283.9
1940,p76p77,76.0,77.0,18981.7,0.0065,18392.9
1940,p77p78,77.0,78.0,20332.9,0.007,19657.3
1940,p78p79,78.0,79.0,21781.3,0.0075,21057.1
1940,p79p80,79.0,80.0,23310.4,0.008,22545.9
1940,p80p81,80.0,81.0,24966.5,0.0086,24138.5
1940,p81p82,81.0,82.0,26797.5,0.0092,25882.0
1940,p82p83,82.0,83.0,28819.7,0.0099,27808.6
1940,p83p84,83.0,84.0,31102.7,0.0107,29961.2
1940,p84p85,84.0,85.0,33588.0,0.0116,32345.3
1940,p85p86,85.0,86.0,36415.0,0.0126,35001.5
1940,p86p87,86.0,87.0,39564.9,0.0136,37990.0
1940,p87p88,87.0,88.0,43170.0,0.0149,41367.5
1940,p88p89,88.0,89.0,47157.0,0.0163,45163.5
1940,p89p90,89.0,90.0,51753.60000000001,0.0178,49455.3
1940,p90p91,90.0,91.0,57571.5,0.0199,54662.60000000001
1940,p91p92,91.0,92.0,64538.60000000001,0.0223,61055.10000000001
1940,p92p93,92.0,93.0,73000.3,0.0252,68769.5
1940,p93p94,93.0,94.0,83776.0,0.0289,78388.2
1940,p94p95,94.0,95.0,97437.8,0.0336,90606.90000000001
1940,p95p96,95.0,96.0,115499.6,0.0398,106468.7
1940,p96p97,96.0,97.0,140487.0,0.0485,127993.4
1940,p97p98,97.0,98.0,178905.5,0.0617,159696.3
1940,p98p99,98.0,99.0,249101.8,0.0859,214003.6
1940,p99p99.1,99.0,99.1,315853.5,0.0109,282477.7
1940,p99.1p99.2,99.1,99.2,339759.8,0.0117,327806.7
1940,p99.2p99.3,99.2,99.3,369850.0,0.0128,354804.9
1940,p99.3p99.4,99.3,99.4,409066.9,0.0141,389458.5
1940,p99.4p99.5,99.4,99.5,460073.1,0.0159,434570.0
1940,p99.5p99.6,99.5,99.6,526809.6,0.0182,493441.3
1940,p99.6p99.7,99.6,99.7,621730.3,0.0214,574269.9
1940,p99.7p99.8,99.7,99.8,781844.9,0.027,701787.6000000001
1940,p99.8p99.9,99.8,99.9,1127335.6,0.0389,954590.4
1940,p99.9p99.91,99.9,99.91,1506649.4,0.0052,1316992.6
1940,p99.91p99.92,99.91,99.92,1628994.9,0.0056,1567822.2
1940,p99.92p99.93,99.92,99.93,1785272.3,0.0062,1707133.6
1940,p99.93p99.94,99.93,99.94,1963985.4,0.0068,1874628.9
1940,p99.94p99.95,99.94,99.95,2246713.0,0.0077,2105349.2
1940,p99.95p99.96,99.95,99.96,2598130.4,0.009,2422422.0
1940,p99.96p99.97,99.96,99.97,3130809.5,0.0108,2864470.2
1940,p99.97p99.98,99.97,99.98,4054515.8,0.014,3592662.6
1940,p99.98p99.99,99.98,99.99,6017389.300000001,0.0208,5035953.100000001
1940,p99.99p99.991,99.99,99.991,8227692.300000001,0.0028,7122540.9
1940,p99.991p99.992,99.991,99.992,8895866.5,0.0031,8561779.6
1940,p99.992p99.993,99.992,99.993,9344462.9,0.0032,9120165.3
1940,p99.993p99.994,99.993,99.994,10880430.6,0.0038,10112446.7
1940,p99.994p99.995,99.994,99.995,12353123.6,0.0043,11616777.8
1940,p99.995p99.996,99.995,99.996,14348802.0,0.0049,13350962.7
1940,p99.996p99.997,99.996,99.997,17407089.7,0.006,15877944.6
1940,p99.997p99.998,99.997,99.998,21217347.9,0.0073,19312218.9
1940,p99.998p99.999,99.998,99.999,33478937.7,0.0115,27348143.1
1940,p99.999p100,99.999,100.0,184369291.4,0.0636,108924115.7
1950,p0p1,0.0,1.0,10.1,0.0,0.0
1950,p1p2,1.0,2.0,30.7,0.0,20.4
1950,p2p3,2.0,3.0,51.90000000000001,0.0001,41.3
1950,p3p4,3.0,4.0,73.8,0.0001,62.90000000000001
1950,p4p5,4.0,5.0,96.4,0.0001,85.10000000000001
1950,p5p6,5.0,6.0,119.6,0.0001,108.0
1950,p6p7,6.0,7.0,143.6,0.0002,131.6
1950,p7p8,7.0,8.0,168.3,0.0002,156.0
1950,p8p9,8.0,9.0,193.9,0.0002,181.1
1950,p9p10,9.0,10.0,220.2,0.0003,207.0
1950,p10p11,10.0,11.0,247.3,0.0003,233.7
1950,p11p12,11.0,12.0,275.3,0.0003,261.3
1950,p12p13,12.0,13.0,304.2,0.0003,289.7
1950,p13p14,13.0,14.0,334.0,0.0004,319.1
1950,p14p15,14.0,15.0,364.8,0.0004,349.4
1950,p15p16,15.0,16.0,396.6,0.0005,380.7
1950,p16p17,16.0,17.0,429.4,0.0005,413.0
1950,p17p18,17.0,18.0,463.2,0.0005,446.3
1950,p18p19,18.0,19.0,498.2,0.0006,480.7
1950,p19p20,19.0,20.0,534.4,0.0006,516.3000000000001
1950,p20p21,20.0,21.0,571.7,0.0006,553.1
1950,p21p22,21.0,22.0,610.4,0.0007,591.1
1950,p22p23,22.0,23.0,650.3000000000001,0.0007,630.3000000000001
1950,p23p24,23.0,24.0,691.5,0.0008,670.9000000000001
1950,p24p25,24.0,25.0,734.2,0.0008,712.9000000000001
1950,p25p26,25.0,26.0,778.3000000000001,0.0009,756.3000000000001
1950,p26p27,26.0,27.0,824.0,0.0009,801.2
1950,p27p28,27.0,28.0,871.3000000000001,0.001,847.6
1950,p28p29,28.0,29.0,920.2,0.001,895.7
1950,p29p30,29.0,30.0,970.8000000000001,0.0011,945.5
1950,p30p31,30.0,31.0,1023.3,0.0012,997.0
1950,p31p32,31.0,32.0,1077.6,0.0012,1050.4
1950,p32p33,32.0,33.0,1133.9,0.0013,1105.7
1950,p33p34,33.0,34.0,1192.2,0.0014,1163.1
1950,p34p35,34.0,35.0,1252.7,0.0014,1222.5
1950,p35p36,35.0,36.0,1315.5,0.0015,1284.1
1950,p36p37,36.0,37.0,1380.5,0.0016,1348.0
1950,p37p38,37.0,38.0,1448.1,0.0016,1414.3
1950,p38p39,38.0,39.0,1518.2,0.0017,1483.1
1950,p39p40,39.0,40.0,1591.0,0.0018,1554.6
1950,p40p41,40.0,41.0,1666.6,0.0019,1628.8
1950,p41p42,41.0,42.0,1745.3,0.002,1706.0
1950,p42p43,42.0,43.0,1827.0,0.0021,1786.1
1950,p43p44,43.0,44.0,1912.0,0.0022,1869.5
1950,p44p45,44.0,45.0,2000.4,0.0023,1956.2
1950,p45p46,45.0,46.0,2092.4,0.0024,2046.4
1950,p46p47,46.0,47.0,2188.3,0.0025,2140.4
1950,p47p48,47.0,48.0,2288.1,0.0026,2238.2
1950,p48p49,48.0,49.0,2392.2,0.0027,2340.2
1950,p49p50,49.0,50.0,2500.8,0.0028,2446.5
1950,p50p51,50.0,51.0,2614.0,0.003,2557.4
1950,p51p52,51.0,52.0,2732.2,0.0031,2673.1
1950,p52p53,52.0,53.0,2855.7,0.0032,2794.0
1950,p53p54,53.0,54.0,2984.8,0.0034,2920.3
1950,p54p55,54.0,55.0,3119.7,0.0035,3052.3
1950,p55p56,55.0,56.0,3260.9,0.0037,3190.3
1950,p56p57,56.0,57.0,3408.8,0.0039,3334.9
1950,p57p58,57.0,58.0,3563.7,0.004,3486.3
1950,p58p59,58.0,59.0,3726.2,0.0042,3644.9
1950,p59p60,59.0,60.0,3896.6,0.0044,3811.4
1950,p60p61,60.0,61.0,4075.6,0.0046,3986.1
1950,p61p62,61.0,62.0,4263.7,0.0048,4169.6
1950,p62p63,62.0,63.0,4461.5,0.0051,4362.6
1950,p63p64,63.0,64.0,4669.8,0.0053,4565.7
1950,p64p65,64.0,65.0,4889.3,0.0056,4779.5
1950,p65p66,65.0,66.0,5120.8,0.0058,5005.1
1950,p66p67,66.0,67.0,5365.3,0.0061,5243.1
1950,p67p68,67.0,68.0,5623.700000000001,0.0064,5494.5
1950,p68p69,68.0,69.0,5897.200000000001,0.0067,5760.5
1950,p69p70,69.0,70.0,6187.0,0.007,6042.1
1950,p70p71,70.0,71.0,6494.5,0.0074,6340.8
1950,p71p72,71.0,72.0,6821.200000000001,0.0078,6657.900000000001
1950,p72p73,72.0,73.0,7168.8,0.0081,6995.0
1950,p73p74,73.0,74.0,7539.3,0.0086,7354.1
1950,p74p75,74.0,75.0,7934.900000000001,0.009,7737.1
1950,p75p76,75.0,76.0,8357.9,0.0095,8146.400000000001
1950,p76p77,76.0,77.0,8811.2,0.01,8584.5
1950,p77p78,77.0,78.0,9298.0,0.0106,9054.6
1950,p78p79,78.0,79.0,9822.0,0.0112,9560.0
1950,p79p80,79.0,80.0,10387.3,0.0118,10104.7
1950,p80p81,80.0,81.0,10999.1,0.0125,10693.2
1950,p81p82,81.0,82.0,11662.9,0.0133,11331.0
1950,p82p83,82.0,83.0,12385.7,0.0141,12024.3
1950,p83p84,83.0,84.0,13175.5,0.015,12780.6
1950,p84p85,84.0,85.0,14042.1,0.016,13608.8
1950,p85p86,85.0,86.0,14997.3,0.017,14519.7
1950,p86p87,86.0,87.0,16055.7,0.0182,15526.5
1950,p87p88,87.0,88.0,17235.3,0.0196,16645.5
1950,p88p89,88.0,89.0,18559.2,0.0211,17897.3
1950,p89p90,89.0,90.0,20056.9,0.0228,19308.0
1950,p90p91,90.0,91.0,21767.5,0.0247,20912.2
1950,p91p92,91.0,92.0,23744.1,0.027,22755.8
1950,p92p93,92.0,93.0,26061.2,0.0296,24902.7
1950,p93p94,93.0,94.0,28828.2,0.0328,27444.7
1950,p94p95,94.0,95.0,32214.5,0.0366,30521.3
1950,p95p96,95.0,96.0,36504.9,0.0415,34359.7
1950,p96p97,96.0,97.0,42236.7,0.048,39370.8
1950,p97p98,97.0,98.0,50637.9,0.0575,46437.3
1950,p98p99,98.0,99.0,65850.5,0.0748,58244.2
1950,p99p99.1,99.0,99.1,81458.3,0.0093,73654.40000000001
1950,p99.1p99.2,99.1,99.2,86366.90000000001,0.0098,83912.6
1950,p99.2p99.3,99.2,99.3,92434.5,0.0105,89400.70000000001
1950,p99.3p99.4,99.3,99.4,100098.7,0.0114,96266.6
1950,p99.4p99.5,99.4,99.5,110007.8,0.0125,105053.2
1950,p99.5p99.6,99.5,99.6,123021.0,0.014,116514.4
1950,p99.6p99.7,99.6,99.7,140842.9,0.016,131931.9
1950,p99.7p99.8,99.7,99.8,169710.8,0.0193,155276.8
1950,p99.8p99.9,99.8,99.9,229404.8,0.0261,199557.8
1950,p99.9p99.91,99.9,99.91,294364.1,0.0033,261884.5
1950,p99.91p99.92,99.91,99.92,314520.8,0.0036,304442.5
1950,p99.92p99.93,99.92,99.93,339016.0,0.0039,326768.4
1950,p99.93p99.94,99.93,99.94,369583.5,0.0042,354299.7
1950,p99.94p99.95,99.94,99.95,409086.9,0.0046,389335.2
1950,p99.95p99.96,99.95,99.96,462667.0,0.0053,435877.0
1950,p99.96p99.97,99.96,99.97,540720.5,0.0061,501693.8
1950,p99.97p99.98,99.97,99.98,668569.6000000001,0.0076,604645.1
1950,p99.98p99.99,99.98,99.99,933547.2000000001,0.0106,801058.4
1950,p99.99p99.991,99.99,99.991,1222972.8,0.0014,1078260.0
1950,p99.991p99.992,99.991,99.992,1313092.1,0.0015,1268032.4
1950,p99.992p99.993,99.992,99.993,1422772.7,0.0016,1367932.4
1950,p99.993p99.994,99.993,99.994,1559882.5,0.0018,1491327.6
1950,p99.994p99.995,99.994,99.995,1737440.5,0.002,1648661.4
1950,p99.995p99.996,99.995,99.996,1978874.9,0.0022,1858157.6
1950,p99.996p99.997,99.996,99.997,2331696.7,0.0026,2155286.0
1950,p99.997p99.998,99.997,99.998,2912039.9,0.0033,2621868.3
1950,p99.998p99.999,99.998,99.999,4122521.1,0.0047,3517280.6
1950,p99.999p100,99.999,100.0,16208842.6,0.0184,10165682.1
1953,p0p1,0.0,1.0,23.6,0.0,0.0
1953,p1p2,1.0,2.0,71.8,0.0,47.7
1953,p2p3,2.0,3.0,121.4,0.0001,96.60000000000001
1953,p3p4,3.0,4.0,172.6,0.0001,147.0
1953,p4p5,4.0,5.0,225.3,0.0001,198.9
1953,p5p6,5.0,6.0,279.7,0.0002,252.5
1953,p6p7,6.0,7.0,335.7,0.0002,307.7
1953,p7p8,7.0,8.0,393.5,0.0002,364.6
1953,p8p9,8.0,9.0,453.1,0.0002,423.3
1953,p9p10,9.0,10.0,514.5,0.0003,483.8
1953,p10p11,10.0,11.0,577.9,0.0003,546.2
1953,p11p12,11.0,12.0,643.2,0.0003,610.5
1953,p12p13,12.0,13.0,710.7,0.0004,676.9000000000001
1953,p13p14,13.0,14.0,780.2,0.0004,745.4000000000001
1953,p14p15,14.0,15.0,852.0,0.0005,816.1
1953,p15p16,15.0,16.0,926.1,0.0005,889.0
1953,p16p17,16.0,17.0,1002.5,0.0005,964.3000000000001
1953,p17p18,17.0,18.0,1081.5,0.0006,1042.0
1953,p18p19,18.0,19.0,1163.0,0.0006,1122.2
1953,p19p20,19.0,20.0,1247.1,0.0007,1205.0
1953,p20p21,20.0,21.0,1334.0,0.0007,1290.6
1953,p21p22,21.0,22.0,1423.8,0.0008,1378.9
1953,p22p23,22.0,23.0,1516.5,0.0008,1470.2
1953,p23p24,23.0,24.0,1612.4,0.0009,1564.5
1953,p24p25,24.0,25.0,1711.4,0.0009,1661.9
1953,p25p26,25.0,26.0,1813.8,0.001,1762.6
1953,p26p27,26.0,27.0,1919.6,0.001,1866.7
1953,p27p28,27.0,28.0,2029.1,0.0011,1974.4
1953,p28p29,28.0,29.0,2142.3,0.0012,2085.7
1953,p29p30,29.0,30.0,2259.4,0.0012,2200.9
1953,p30p31,30.0,31.0,2380.6,0.0013,2320.0
1953,p31p32,31.0,32.0,2506.1,0.0014,2443.3
1953,p32p33,32.0,33.0,2635.9,0.0014,2571.0
1953,p33p34,33.0,34.0,2770.4,0.0015,2703.1
1953,p34p35,34.0,35.0,2909.7,0.0016,2840.0
1953,p35p36,35.0,36.0,3053.9,0.0016,2981.8
1953,p36p37,36.0,37.0,3203.5,0.0017,3128.7
1953,p37p38,37.0,38.0,3358.5,0.0018,3281.0
1953,p38p39,38.0,39.0,3519.2,0.0019,3438.9
1953,p39p40,39.0,40.0,3685.9,0.002,3602.6
1953,p40p41,40.0,41.0,3858.9,0.0021,3772.4
1953,p41p42,41.0,42.0,4038.4,0.0022,3948.7
1953,p42p43,42.0,43.0,4224.8,0.0023,4131.6
1953,p43p44,43.0,44.0,4418.400000000001,0.0024,4321.6
1953,p44p45,44.0,45.0,4619.5,0.0025,4518.900000000001
1953,p45p46,45.0,46.0,4828.5,0.0026,4724.0
1953,p46p47,46.0,47.0,5045.8,0.0027,4937.1
1953,p47p48,47.0,48.0,5271.8,0.0028,5158.8
1953,p48p49,48.0,49.0,5507.0,0.003,5389.400000000001
1953,p49p50,49.0,50.0,5751.900000000001,0.0031,5629.5
1953,p50p51,50.0,51.0,6006.900000000001,0.0032,5879.400000000001
1953,p51p52,51.0,52.0,6272.6,0.0034,6139.700000000001
1953,p52p53,52.0,53.0,6549.5,0.0035,6411.1
1953,p53p54,53.0,54.0,6838.400000000001,0.0037,6694.0
1953,p54p55,54.0,55.0,7139.8,0.0038,6989.1
1953,p55p56,55.0,56.0,7454.5,0.004,7297.200000000001
1953,p56p57,56.0,57.0,7783.3,0.0042,7618.900000000001
1953,p57p58,57.0,58.0,8126.900000000001,0.0044,7955.1
1953,p58p59,58.0,59.0,8486.300000000001,0.0046,8306.6
1953,p59p60,59.0,60.0,8862.5,0.0048,8674.4
1953,p60p61,60.0,61.0,9256.4,0.005,9059.4
1953,p61p62,61.0,62.0,9669.2,0.0052,9462.800000000001
1953,p62p63,62.0,63.0,10102.2,0.0054,9885.7
1953,p63p64,63.0,64.0,10556.7,0.0057,10329.4
1953,p64p65,64.0,65.0,11034.0,0.0059,10795.4
1953,p65p66,65.0,66.0,11535.9,0.0062,11285.0
1953,p66p67,66.0,67.0,12064.1,0.0065,11800.0
1953,p67p68,67.0,68.0,12620.3,0.0068,12342.2
1953,p68p69,68.0,69.0,13206.9,0.0071,12913.6
1953,p69p70,69.0,70.0,13825.9,0.0075,13516.4
1953,p70p71,70.0,71.0,14480.1,0.0078,14153.0
1953,p71p72,71.0,72.0,15172.2,0.0082,14826.2
1953,p72p73,72.0,73.0,15905.4,0.0086,15538.8
1953,p73p74,73.0,74.0,16683.1,0.009,16294.3
1953,p74p75,74.0,75.0,17509.4,0.0094,17096.3
1953,p75p76,75.0,76.0,18388.6,0.0099,17949.0
1953,p76p77,76.0,77.0,19325.7,0.0104,18857.2
1953,p77p78,77.0,78.0,20326.5,0.011,19826.1
1953,p78p79,78.0,79.0,21397.3,0.0115,20861.9
1953,p79p80,79.0,80.0,22545.7,0.0122,21971.5
1953,p80p81,80.0,81.0,23780.2,0.0128,23162.9
1953,p81p82,81.0,82.0,25110.9,0.0135,24445.5
1953,p82p83,82.0,83.0,26549.4,0.0143,25830.1
1953,p83p84,83.0,84.0,28109.8,0.0152,27329.6
1953,p84p85,84.0,85.0,29808.6,0.0161,28959.2
1953,p85p86,85.0,86.0,31666.0,0.0171,30737.3
1953,p86p87,86.0,87.0,33706.7,0.0182,32686.4
1953,p87p88,87.0,88.0,35961.5,0.0194,34834.1
1953,p88p89,88.0,89.0,38469.4,0.0207,37215.5
1953,p89p90,89.0,90.0,41281.2,0.0223,39875.3
1953,p90p91,90.0,91.0,44464.3,0.024,42872.7
1953,p91p92,91.0,92.0,48111.8,0.0259,46288.10000000001
1953,p92p93,92.0,93.0,52357.3,0.0282,50234.60000000001
1953,p93p94,93.0,94.0,57403.2,0.031,54880.3
1953,p94p95,94.0,95.0,63579.10000000001,0.0343,60491.2
1953,p95p96,95.0,96.0,71478.8,0.0385,67529.0
1953,p96p97,96.0,97.0,82344.8,0.0444,76911.8
1953,p97p98,97.0,98.0,99494.20000000001,0.0536,90919.5
1953,p98p99,98.0,99.0,136645.1,0.0737,118069.7
1953,p99p99.1,99.0,99.1,179518.4,0.0097,158081.8
1953,p99.1p99.2,99.1,99.2,192658.8,0.0104,186088.6
1953,p99.2p99.3,99.2,99.3,208651.5,0.0113,200655.1
1953,p99.3p99.4,99.3,99.4,228527.9,0.0123,218589.7
1953,p99.4p99.5,99.4,99.5,253779.1,0.0137,241153.5
1953,p99.5p99.6,99.5,99.6,286114.8,0.0154,269946.9
1953,p99.6p99.7,99.6,99.7,329624.8,0.0178,307869.8
1953,p99.7p99.8,99.7,99.8,398476.9,0.0215,364050.8
1953,p99.8p99.9,99.8,99.9,534674.7000000001,0.0288,466575.8
1953,p99.9p99.91,99.9,99.91,677425.7000000001,0.0037,606050.3
1953,p99.91p99.92,99.91,99.92,720492.9,0.0039,698959.3
1953,p99.92p99.93,99.92,99.93,772249.2000000001,0.0042,746371.0
1953,p99.93p99.94,99.93,99.94,836018.5,0.0045,804134.0
1953,p99.94p99.95,99.94,99.95,917214.0,0.0049,876616.3
1953,p99.95p99.96,99.95,99.96,1025395.4,0.0055,971304.8
1953,p99.96p99.97,99.96,99.97,1179506.8,0.0064,1102451.2
1953,p99.97p99.98,99.97,99.98,1424471.5,0.0077,1301989.1
1953,p99.98p99.99,99.98,99.99,1909080.2,0.0103,1666775.8
1953,p99.99p99.991,99.99,99.991,2417082.8,0.0013,2163081.6
1953,p99.991p99.992,99.991,99.992,2570367.1,0.0014,2493725.0
1953,p99.992p99.993,99.992,99.993,2754590.4,0.0015,2662478.8
1953,p99.993p99.994,99.993,99.994,2981590.7,0.0016,2868090.4
1953,p99.994p99.995,99.994,99.995,3270649.9,0.0018,3126120.4
1953,p99.995p99.996,99.995,99.996,3655825.0,0.002,3463237.6
1953,p99.996p99.997,99.996,99.997,4204612.0,0.0023,3930218.3
1953,p99.997p99.998,99.997,99.998,5077099.0,0.0027,4640855.600000001
1953,p99.998p99.999,99.998,99.999,6803652.0,0.0037,5940376.0
1953,p99.999p100,99.999,100.0,18705662.7,0.0101,12754657.2
1957,p0p1,0.0,1.0,22.2,0.0,0.0
1957,p1p2,1.0,2.0,67.60000000000001,0.0,44.90000000000001
1957,p2p3,2.0,3.0,114.4,0.0001,91.0
1957,p3p4,3.0,4.0,162.6,0.0001,138.5
1957,p4p5,4.0,5.0,212.3,0.0001,187.4
1957,p5p6,5.0,6.0,263.5,0.0001,237.9
1957,p6p7,6.0,7.0,316.3,0.0001,289.9
1957,p7p8,7.0,8.0,370.8,0.0002,343.6
1957,p8p9,8.0,9.0,427.0,0.0002,398.9
1957,p9p10,9.0,10.0,485.0,0.0002,456.0
1957,p10p11,10.0,11.0,544.8000000000001,0.0003,514.9
1957,p11p12,11.0,12.0,606.6,0.0003,575.7
1957,p12p13,12.0,13.0,670.3000000000001,0.0003,638.4000000000001
1957,p13p14,13.0,14.0,736.1,0.0003,703.2
1957,p14p15,14.0,15.0,804.0,0.0004,770.1
1957,p15p16,15.0,16.0,874.2,0.0004,839.1
1957,p16p17,16.0,17.0,946.6,0.0004,910.4000000000001
1957,p17p18,17.0,18.0,1021.5,0.0005,984.1
1957,p18p19,18.0,19.0,1098.8,0.0005,1060.2
1957,p19p20,19.0,20.0,1178.8,0.0006,1138.8
1957,p20p21,20.0,21.0,1261.4,0.0006,1220.1
1957,p21p22,21.0,22.0,1346.9,0.0006,1304.2
1957,p22p23,22.0,23.0,1435.3,0.0007,1391.1
1957,p23p24,23.0,24.0,1526.7,0.0007,1481.0
1957,p24p25,24.0,25.0,1621.3,0.0008,1574.0
1957,p25p26,25.0,26.0,1719.2,0.0008,1670.2
1957,p26p27,26.0,27.0,1820.6,0.0009,1769.9
1957,p27p28,27.0,28.0,1925.5,0.0009,1873.0
1957,p28p29,28.0,29.0,2034.2,0.001,1979.9
1957,p29p30,29.0,30.0,2146.9,0.001,2090.6
1957,p30p31,30.0,31.0,2263.6,0.0011,2205.2
1957,p31p32,31.0,32.0,2384.6,0.0011,2324.1
1957,p32p33,32.0,33.0,2510.2,0.0012,2447.4
1957,p33p34,33.0,34.0,2640.4,0.0012,2575.3
1957,p34p35,34.0,35.0,2775.5,0.0013,2707.9
1957,p35p36,35.0,36.0,2915.7,0.0014,2845.6
1957,p36p37,36.0,37.0,3061.3,0.0014,2988.5
1957,p37p38,37.0,38.0,3212.6,0.0015,3137.0
1957,p38p39,38.0,39.0,3369.8,0.0016,3291.2
1957,p39p40,39.0,40.0,3533.3,0.0017,3451.5
1957,p40p41,40.0,41.0,3703.2,0.0018,3618.2
1957,p41p42,41.0,42.0,3880.0,0.0018,3791.6
1957,p42p43,42.0,43.0,4064.1,0.0019,3972.1
1957,p43p44,43.0,44.0,4255.8,0.002,4159.900000000001
1957,p44p45,44.0,45.0,4455.400000000001,0.0021,4355.6
1957,p45p46,45.0,46.0,4663.6,0.0022,4559.5
1957,p46p47,46.0,47.0,4880.6,0.0023,4772.1
1957,p47p48,47.0,48.0,5107.0,0.0024,4993.8
1957,p48p49,48.0,49.0,5343.400000000001,0.0025,5225.200000000001
1957,p49p50,49.0,50.0,5590.200000000001,0.0026,5466.8
1957,p50p51,50.0,51.0,5848.200000000001,0.0028,5719.200000000001
1957,p51p52,51.0,52.0,6117.900000000001,0.0029,5983.1
1957,p52p53,52.0,53.0,6400.200000000001,0.003,6259.1
1957,p53p54,53.0,54.0,6695.6,0.0032,6547.900000000001
1957,p54p55,54.0,55.0,7005.200000000001,0.0033,6850.400000000001
1957,p55p56,55.0,56.0,7329.700000000001,0.0035,7167.5
1957,p56p57,56.0,57.0,7670.200000000001,0.0036,7499.900000000001
1957,p57p58,57.0,58.0,8027.6,0.0038,7848.900000000001
1957,p58p59,58.0,59.0,8403.2,0.004,8215.4
1957,p59p60,59.0,60.0,8798.1,0.0042,8600.6
1957,p60p61,60.0,61.0,9213.7,0.0044,9005.9
1957,p61p62,61.0,62.0,9651.6,0.0046,9432.7
1957,p62p63,62.0,63.0,10113.2,0.0048,9882.400000000001
1957,p63p64,63.0,64.0,10600.4,0.005,10356.8
1957,p64p65,64.0,65.0,11115.2,0.0053,10857.8
1957,p65p66,65.0,66.0,11659.6,0.0055,11387.4
1957,p66p67,66.0,67.0,12236.1,0.0058,11947.9
1957,p67p68,67.0,68.0,12847.2,0.0061,12541.7
1957,p68p69,68.0,69.0,13496.0,0.0064,13171.6
1957,p69p70,69.0,70.0,14185.5,0.0067,13840.7
1957,p70p71,70.0,71.0,14919.4,0.0071,14552.4
1957,p71p72,71.0,72.0,15701.8,0.0074,15310.6
1957,p72p73,72.0,73.0,16537.2,0.0078,16119.5
1957,p73p74,73.0,74.0,17430.7,0.0082,16983.9
1957,p74p75,74.0,75.0,18388.1,0.0087,17909.4
1957,p75p76,75.0,76.0,19416.0,0.0092,18902.0
1957,p76p77,76.0,77.0,20521.9,0.0097,19969.0
1957,p77p78,77.0,78.0,21714.5,0.0103,21118.2
1957,p78p79,78.0,79.0,23003.7,0.0109,22359.1
1957,p79p80,79.0,80.0,24400.9,0.0115,23702.3
1957,p80p81,80.0,81.0,25919.7,0.0123,25160.3
1957,p81p82,81.0,82.0,27575.8,0.013,26747.8
1957,p82p83,82.0,83.0,29388.0,0.0139,28481.9
1957,p83p84,83.0,84.0,31378.5,0.0148,30383.2
1957,p84p85,84.0,85.0,33574.1,0.0159,32476.3
1957,p85p86,85.0,86.0,36007.5,0.017,34790.8
1957,p86p87,86.0,87.0,38718.8,0.0183,37363.2
1957,p87p88,87.0,88.0,41758.10000000001,0.0197,40238.5
1957,p88p89,88.0,89.0,45188.7,0.0214,43473.4
1957,p89p90,89.0,90.0,49092.2,0.0232,47140.5
1957,p90p91,90.0,91.0,53575.5,0.0253,51333.8
1957,p91p92,91.0,92.0,58782.8,0.0278,56179.10000000001
1957,p92p93,92.0,93.0,64914.0,0.0307,61848.4
1957,p93p94,93.0,94.0,72256.1,0.0342,68585.0
1957,p94p95,94.0,95.0,81241.3,0.0384,76748.7
1957,p95p96,95.0,96.0,92559.70000000001,0.0438,86900.5
1957,p96p97,96.0,97.0,107406.6,0.0508,99983.1
1957,p97p98,97.0,98.0,128094.2,0.0605,117750.4
1957,p98p99,98.0,99.0,160203.9,0.0757,144149.1
1957,p99p99.1,99.0,99.1,188972.0,0.0089,174587.9
1957,p99.1p99.2,99.1,99.2,198321.0,0.0094,193646.5
1957,p99.2p99.3,99.2,99.3,210096.4,0.0099,204208.7
1957,p99.3p99.4,99.3,99.4,225255.9,0.0106,217676.2
1957,p99.4p99.5,99.4,99.5,245247.6,0.0116,235251.8
1957,p99.5p99.6,99.5,99.6,272227.0,0.0129,258737.3
1957,p99.6p99.7,99.6,99.7,309855.1,0.0146,291041.1
1957,p99.7p99.8,99.7,99.8,372232.3,0.0176,341043.8
1957,p99.8p99.9,99.8,99.9,506638.8,0.0239,439435.6
1957,p99.9p99.91,99.9,99.91,657692.5,0.0031,582165.7000000001
1957,p99.91p99.92,99.91,99.92,705641.8,0.0033,681667.2000000001
1957,p99.92p99.93,99.92,99.93,764421.2000000001,0.0036,735031.5
1957,p99.93p99.94,99.93,99.94,838489.5,0.004,801455.4
1957,p99.94p99.95,99.94,99.95,935277.0,0.0044,886883.3
1957,p99.95p99.96,99.95,99.96,1068263.4,0.005,1001770.3
1957,p99.96p99.97,99.96,99.97,1265049.6,0.006,1166656.6
1957,p99.97p99.98,99.97,99.98,1593931.2,0.0075,1429490.5
1957,p99.98p99.99,99.98,99.99,2295838.2,0.0109,1944884.8
1957,p99.99p99.991,99.99,99.991,3081216.5,0.0015,2688527.3
1957,p99.991p99.992,99.991,99.992,3330057.1,0.0016,3205637.2
1957,p99.992p99.993,99.992,99.993,3634958.9,0.0017,3482507.9
1957,p99.993p99.994,99.993,99.994,4019002.0,0.0019,3826980.7
1957,p99.994p99.995,99.994,99.995,4520647.100000001,0.0021,4269825.0
1957,p99.995p99.996,99.995,99.996,5209669.0,0.0025,4865158.4
1957,p99.996p99.997,99.996,99.997,6228942.5,0.0029,5719306.0
1957,p99.997p99.998,99.997,99.998,7932005.4,0.0037,7080475.0
1957,p99.998p99.999,99.998,99.999,11566126.9,0.0055,9749067.5
1957,p99.999p100,99.999,100.0,52535985.40000001,0.0248,32051056.9
1960,p0p1,0.0,1.0,26.8,0.0,0.0
1960,p1p2,1.0,2.0,81.60000000000001,0.0,54.2
1960,p2p3,2.0,3.0,138.0,0.0001,109.8
1960,p3p4,3.0,4.0,196.2,0.0001,167.1
1960,p4p5,4.0,5.0,256.1,0.0001,226.1
1960,p5p6,5.0,6.0,318.0,0.0001,287.0
1960,p6p7,6.0,7.0,381.7,0.0001,349.8
1960,p7p8,7.0,8.0,447.4,0.0002,414.6
1960,p8p9,8.0,9.0,515.3000000000001,0.0002,481.4
1960,p9p10,9.0,10.0,585.2,0.0002,550.2
1960,p10p11,10.0,11.0,657.4000000000001,0.0002,621.3000000000001
1960,p11p12,11.0,12.0,731.9000000000001,0.0003,694.6
1960,p12p13,12.0,13.0,808.8000000000001,0.0003,770.3000000000001
1960,p13p14,13.0,14.0,888.1,0.0003,848.5
1960,p14p15,14.0,15.0,970.1,0.0004,929.1
1960,p15p16,15.0,16.0,1054.7,0.0004,1012.4
1960,p16p17,16.0,17.0,1142.1,0.0004,1098.4
1960,p17p18,17.0,18.0,1232.4,0.0004,1187.2
1960,p18p19,18.0,19.0,1325.7,0.0005,1279.0
1960,p19p20,19.0,20.0,1422.1,0.0005,1373.9
1960,p20p21,20.0,21.0,1521.8,0.0006,1471.9
1960,p21p22,21.0,22.0,1624.8,0.0006,1573.3
1960,p22p23,22.0,23.0,1731.4,0.0006,1678.1
1960,p23p24,23.0,24.0,1841.7,0.0007,1786.5
1960,p24p25,24.0,25.0,1955.7,0.0007,1898.7
1960,p25p26,25.0,26.0,2073.8,0.0008,2014.7
1960,p26p27,26.0,27.0,2196.0,0.0008,2134.9
1960,p27p28,27.0,28.0,2322.5,0.0008,2259.2
1960,p28p29,28.0,29.0,2453.6,0.0009,2388.0
1960,p29p30,29.0,30.0,2589.3,0.0009,2521.4
1960,p30p31,30.0,31.0,2730.0,0.001,2659.7
1960,p31p32,31.0,32.0,2875.9,0.001,2803.0
1960,p32p33,32.0,33.0,3027.1,0.0011,2951.5
1960,p33p34,33.0,34.0,3184.0,0.0012,3105.6
1960,p34p35,34.0,35.0,3346.8,0.0012,3265.4
1960,p35p36,35.0,36.0,3515.8,0.0013,3431.3
1960,p36p37,36.0,37.0,3691.2,0.0013,3603.5
1960,p37p38,37.0,38.0,3873.5,0.0014,3782.4
1960,p38p39,38.0,39.0,4062.8,0.0015,3968.1
1960,p39p40,39.0,40.0,4259.7,0.0016,4161.2
1960,p40p41,40.0,41.0,4464.400000000001,0.0016,4362.0
1960,p41p42,41.0,42.0,4677.3,0.0017,4570.8
1960,p42p43,42.0,43.0,4898.900000000001,0.0018,4788.1
1960,p43p44,43.0,44.0,5129.700000000001,0.0019,5014.3
1960,p44p45,44.0,45.0,5370.1,0.002,5249.900000000001
1960,p45p46,45.0,46.0,5620.6,0.002,5495.400000000001
1960,p46p47,46.0,47.0,5881.900000000001,0.0021,5751.200000000001
1960,p47p48,47.0,48.0,6154.400000000001,0.0022,6018.1
1960,p48p49,48.0,49.0,6438.8,0.0023,6296.6
1960,p49p50,49.0,50.0,6735.900000000001,0.0025,6587.400000000001
1960,p50p51,50.0,51.0,7046.3,0.0026,6891.1
1960,p51p52,51.0,52.0,7370.900000000001,0.0027,7208.6
1960,p52p53,52.0,53.0,7710.5,0.0028,7540.700000000001
1960,p53p54,53.0,54.0,8066.0,0.0029,7888.200000000001
1960,p54p55,54.0,55.0,8438.4,0.0031,8252.2
1960,p55p56,55.0,56.0,8828.7,0.0032,8633.6
1960,p56p57,56.0,57.0,9238.300000000001,0.0034,9033.5
1960,p57p58,57.0,58.0,9668.2,0.0035,9453.2
1960,p58p59,58.0,59.0,10119.9,0.0037,9894.1
1960,p59p60,59.0,60.0,10594.9,0.0039,10357.4
1960,p60p61,60.0,61.0,11094.8,0.004,10844.9
1960,p61p62,61.0,62.0,11621.4,0.0042,11358.1
1960,p62p63,62.0,63.0,12176.6,0.0044,11899.0
1960,p63p64,63.0,64.0,12762.6,0.0047,12469.6
1960,p64p65,64.0,65.0,13381.7,0.0049,13072.2
1960,p65p66,65.0,66.0,14036.6,0.0051,13709.1
1960,p66p67,66.0,67.0,14730.0,0.0054,14383.3
1960,p67p68,67.0,68.0,15465.2,0.0056,15097.6
1960,p68p69,68.0,69.0,16245.7,0.0059,15855.4
1960,p69p70,69.0,70.0,17075.3,0.0062,16660.5
1960,p70p71,70.0,71.0,17958.6,0.0065,17517.0
1960,p71p72,71.0,72.0,18900.4,0.0069,18429.5
1960,p72p73,72.0,73.0,19906.3,0.0073,19403.4
1960,p73p74,73.0,74.0,20982.4,0.0077,20444.4
1960,p74p75,74.0,75.0,22136.0,0.0081,21559.2
1960,p75p76,75.0,76.0,23375.0,0.0085,22755.5
1960,p76p77,76.0,77.0,24708.6,0.009,24041.8
1960,p77p78,77.0,78.0,26147.6,0.0095,25428.1
1960,p78p79,78.0,79.0,27704.1,0.0101,26925.8
1960,p79p80,79.0,80.0,29392.4,0.0107,28548.3
1960,p80p81,80.0,81.0,31229.3,0.0114,30310.9
1960,p81p82,81.0,82.0,33234.3,0.0121,32231.8
1960,p82p83,82.0,83.0,35430.9,0.0129,34332.6
1960,p83p84,83.0,84.0,37847.1,0.0138,36639.0
1960,p84p85,84.0,85.0,40516.8,0.0148,39182.0
1960,p85p86,85.0,86.0,43481.5,0.0159,41999.2
1960,p86p87,86.0,87.0,46792.60000000001,0.0171,45137.10000000001
1960,p87p88,87.0,88.0,50514.7,0.0184,48653.7
1960,p88p89,88.0,89.0,54730.10000000001,0.02,52622.4
1960,p89p90,89.0,90.0,59546.3,0.0217,57138.2
1960,p90p91,90.0,91.0,65105.8,0.0237,62326.0
1960,p91p92,91.0,92.0,71603.8,0.0261,68354.8
1960,p92p93,92.0,93.0,79315.8,0.0289,75459.8
1960,p93p94,93.0,94.0,88647.0,0.0323,83981.40000000001
1960,p94p95,94.0,95.0,100226.3,0.0365,94436.6
1960,p95p96,95.0,96.0,115100.4,0.042,107663.3
1960,p96p97,96.0,97.0,135197.5,0.0493,125149.0
1960,p97p98,97.0,98.0,164666.6,0.06,149932.1
1960,p98p99,98.0,99.0,215348.7,0.0785,190007.7
1960,p99p99.1,99.0,99.1,261639.0,0.0095,238493.8
1960,p99.1p99.2,99.1,99.2,273908.3,0.01,267773.6
1960,p99.2p99.3,99.2,99.3,287070.2,0.0105,280489.2
1960,p99.3p99.4,99.3,99.4,300679.2,0.011,293874.7
1960,p99.4p99.5,99.4,99.5,313721.6,0.0114,307200.4
1960,p99.5p99.6,99.5,99.6,325217.1,0.0119,319469.4
1960,p99.6p99.7,99.6,99.7,347127.9,0.0127,336172.5
1960,p99.7p99.8,99.7,99.8,404714.3,0.0148,375921.1
1960,p99.8p99.9,99.8,99.9,544544.7000000001,0.0199,474629.5
1960,p99.9p99.91,99.9,99.91,713493.9,0.0026,629019.3
1960,p99.91p99.92,99.91,99.92,769736.0,0.0028,741614.9
1960,p99.92p99.93,99.92,99.93,839939.1000000001,0.0031,804837.6000000001
1960,p99.93p99.94,99.93,99.94,930208.2000000001,0.0034,885073.6000000001
1960,p99.94p99.95,99.94,99.95,1050920.0,0.0038,990564.1000000001
1960,p99.95p99.96,99.95,99.96,1221342.7,0.0045,1136131.3
1960,p99.96p99.97,99.96,99.97,1482068.4,0.0054,1351705.6
1960,p99.97p99.98,99.97,99.98,1937320.5,0.0071,1709694.4
1960,p99.98p99.99,99.98,99.99,2975661.0,0.0109,2456490.6
1960,p99.99p99.991,99.99,99.991,4204389.4,0.0015,3590025.2
1960,p99.991p99.992,99.991,99.992,4610257.4,0.0017,4407323.100000001
1960,p99.992p99.993,99.992,99.993,5115952.7,0.0019,4863104.9
1960,p99.993p99.994,99.993,99.994,5765139.4,0.0021,5440546.300000001
1960,p99.994p99.995,99.994,99.995,6632032.0,0.0024,6198585.300000001
1960,p99.995p99.996,99.995,99.996,7854437.5,0.0029,7243234.4
1960,p99.996p99.997,99.996,99.997,9722668.1,0.0035,8788552.3
1960,p99.997p99.998,99.997,99.998,12982122.0,0.0047,11352394.8
1960,p99.998p99.999,99.998,99.999,20411776.4,0.0074,16696950.3
1960,p99.999p100,99.999,100.0,191164117.8,0.0697,105787947.6
1963,p0p1,0.0,1.0,39.7,0.0,0.0
1963,p1p2,1.0,2.0,120.6,0.0,80.2
1963,p2p3,2.0,3.0,204.1,0.0001,162.4
1963,p3p4,3.0,4.0,290.1,0.0001,247.1
1963,p4p5,4.0,5.0,378.8,0.0001,334.5
1963,p5p6,5.0,6.0,470.2,0.0001,424.5
1963,p6p7,6.0,7.0,564.5,0.0001,517.3000000000001
1963,p7p8,7.0,8.0,661.7,0.0002,613.1
1963,p8p9,8.0,9.0,762.0,0.0002,711.8000000000001
1963,p9p10,9.0,10.0,865.4000000000001,0.0002,813.7
1963,p10p11,10.0,11.0,972.1,0.0003,918.8000000000001
1963,p11p12,11.0,12.0,1082.2,0.0003,1027.2
1963,p12p13,12.0,13.0,1195.9,0.0003,1139.0
1963,p13p14,13.0,14.0,1313.2,0.0003,1254.5
1963,p14p15,14.0,15.0,1434.3,0.0004,1373.7
1963,p15p16,15.0,16.0,1559.3,0.0004,1496.8
1963,p16p17,16.0,17.0,1688.5,0.0004,1623.9
1963,p17p18,17.0,18.0,1821.9,0.0005,1755.2
1963,p18p19,18.0,19.0,1959.7,0.0005,1890.8
1963,p19p20,19.0,20.0,2102.1,0.0005,2030.9
1963,p20p21,20.0,21.0,2249.3,0.0006,2175.7
1963,p21p22,21.0,22.0,2401.5,0.0006,2325.4
1963,p22p23,22.0,23.0,2558.8,0.0007,2480.2
1963,p23p24,23.0,24.0,2721.6,0.0007,2640.2
1963,p24p25,24.0,25.0,2889.9,0.0007,2805.8
1963,p25p26,25.0,26.0,3064.1,0.0008,2977.0
1963,p26p27,26.0,27.0,3244.4,0.0008,3154.3
1963,p27p28,27.0,28.0,3431.0,0.0009,3337.7
1963,p28p29,28.0,29.0,3624.3,0.0009,3527.7
1963,p29p30,29.0,30.0,3824.5,0.001,3724.4
1963,p30p31,30.0,31.0,4031.9,0.001,3928.2
1963,p31p32,31.0,32.0,4246.8,0.0011,4139.3
1963,p32p33,32.0,33.0,4469.6,0.0012,4358.2
1963,p33p34,33.0,34.0,4700.7,0.0012,4585.2
1963,p34p35,34.0,35.0,4940.400000000001,0.0013,4820.5
1963,p35p36,35.0,36.0,5189.1,0.0013,5064.700000000001
1963,p36p37,36.0,37.0,5447.3,0.0014,5318.200000000001
1963,p37p38,37.0,38.0,5715.400000000001,0.0015,5581.3
1963,p38p39,38.0,39.0,5993.8,0.0015,5854.6
1963,p39p40,39.0,40.0,6283.200000000001,0.0016,6138.5
1963,p40p41,40.0,41.0,6584.0,0.0017,6433.6
1963,p41p42,41.0,42.0,6896.8,0.0018,6740.400000000001
1963,p42p43,42.0,43.0,7222.200000000001,0.0019,7059.5
1963,p43p44,43.0,44.0,7560.900000000001,0.002,7391.6
1963,p44p45,44.0,45.0,7913.6,0.002,7737.200000000001
1963,p45p46,45.0,46.0,8281.0,0.0021,8097.3
1963,p46p47,46.0,47.0,8663.9,0.0022,8472.5
1963,p47p48,47.0,48.0,9063.2,0.0023,8863.5
1963,p48p49,48.0,49.0,9479.7,0.0025,9271.5
1963,p49p50,49.0,50.0,9914.5,0.0026,9697.1
1963,p50p51,50.0,51.0,10368.6,0.0027,10141.6
1963,p51p52,51.0,52.0,10843.2,0.0028,10605.9
1963,p52p53,52.0,53.0,11339.3,0.0029,11091.2
1963,p53p54,53.0,54.0,11858.4,0.0031,11598.9
1963,p54p55,54.0,55.0,12401.9,0.0032,12130.1
1963,p55p56,55.0,56.0,12971.2,0.0034,12686.5
1963,p56p57,56.0,57.0,13568.0,0.0035,13269.6
1963,p57p58,57.0,58.0,14194.1,0.0037,13881.0
1963,p58p59,58.0,59.0,14851.5,0.0038,14522.8
1963,p59p60,59.0,60.0,15542.1,0.004,15196.8
1963,p60p61,60.0,61.0,16268.5,0.0042,15905.3
1963,p61p62,61.0,62.0,17032.9,0.0044,16650.7
1963,p62p63,62.0,63.0,17838.2,0.0046,17435.6
1963,p63p64,63.0,64.0,18687.4,0.0048,18262.8
1963,p64p65,64.0,65.0,19583.7,0.0051,19135.6
1963,p65p66,65.0,66.0,20530.8,0.0053,20057.3
1963,p66p67,66.0,67.0,21532.7,0.0056,21031.7
1963,p67p68,67.0,68.0,22593.7,0.0058,22063.2
1963,p68p69,68.0,69.0,23718.8,0.0061,23156.2
1963,p69p70,69.0,70.0,24913.4,0.0064,24316.1
1963,p70p71,70.0,71.0,26183.6,0.0068,25548.5
1963,p71p72,71.0,72.0,27536.1,0.0071,26859.8
1963,p72p73,72.0,73.0,28978.6,0.0075,28257.4
1963,p73p74,73.0,74.0,30519.7,0.0079,29749.2
1963,p74p75,74.0,75.0,32169.1,0.0083,31344.4
1963,p75p76,75.0,76.0,33937.8,0.0088,33053.5
1963,p76p77,76.0,77.0,35838.5,0.0093,34888.2
1963,p77p78,77.0,78.0,37885.5,0.0098,36862.0
1963,p78p79,78.0,79.0,40095.60000000001,0.0104,38990.5
1963,p79p80,79.0,80.0,42487.9,0.011,41291.7
1963,p80p81,80.0,81.0,45085.2,0.0117,43786.60000000001
1963,p81p82,81.0,82.0,47913.8,0.0124,46499.5
1963,p82p83,82.0,83.0,51005.2,0.0132,49459.5
1963,p83p84,83.0,84.0,54396.9,0.0141,52701.10000000001
1963,p84p85,84.0,85.0,58134.0,0.015,56265.4
1963,p85p86,85.0,86.0,62271.7,0.0161,60202.9
1963,p86p87,86.0,87.0,66878.1,0.0173,64574.9
1963,p87p88,87.0,88.0,72038.2,0.0186,69458.1
1963,p88p89,88.0,89.0,77860.40000000001,0.0201,74949.3
1963,p89p90,89.0,90.0,84484.90000000001,0.0218,81172.6
1963,p90p91,90.0,91.0,92097.6,0.0238,88291.3
1963,p91p92,91.0,92.0,100951.3,0.0261,96524.5
1963,p92p93,92.0,93.0,111401.4,0.0288,106176.4
1963,p93p94,93.0,94.0,123967.8,0.0321,117684.6
1963,p94p95,94.0,95.0,139453.2,0.0361,131710.5
1963,p95p96,95.0,96.0,159186.9,0.0412,149320.1
1963,p96p97,96.0,97.0,185604.4,0.048,172395.7
1963,p97p98,97.0,98.0,223923.6,0.0579,204764.0
1963,p98p99,98.0,99.0,289041.3,0.0747,256482.4
1963,p99p99.1,99.0,99.1,348207.3,0.009,318624.3
1963,p99.1p99.2,99.1,99.2,363917.0,0.0094,356062.1
1963,p99.2p99.3,99.2,99.3,380842.0,0.0098,372379.5
1963,p99.3p99.4,99.3,99.4,398529.4,0.0103,389685.7
1963,p99.4p99.5,99.4,99.5,415884.7,0.0108,407207.1
1963,p99.5p99.6,99.5,99.6,431230.3,0.0112,423557.4
1963,p99.6p99.7,99.6,99.7,454199.8,0.0117,442715.0
1963,p99.7p99.8,99.7,99.8,520953.0,0.0135,487576.4
1963,p99.8p99.9,99.8,99.9,691623.2000000001,0.0179,606288.1
1963,p99.9p99.91,99.9,99.91,901888.6000000001,0.0023,796756.0
1963,p99.91p99.92,99.91,99.92,972638.5,0.0025,937263.5
1963,p99.92p99.93,99.92,99.93,1061280.3,0.0027,1016959.4
1963,p99.93p99.94,99.93,99.94,1175719.6,0.003,1118500.0
1963,p99.94p99.95,99.94,99.95,1329441.0,0.0034,1252580.4
1963,p99.95p99.96,99.95,99.96,1547589.3,0.004,1438515.2
1963,p99.96p99.97,99.96,99.97,1883407.9,0.0049,1715498.5
1963,p99.97p99.98,99.97,99.98,2474519.4,0.0064,2178963.6
1963,p99.98p99.99,99.98,99.99,3839165.2,0.0099,3156842.5
1963,p99.99p99.991,99.99,99.991,5470365.0,0.0014,4654765.4
1963,p99.991p99.992,99.991,99.992,6013202.9,0.0016,5741783.800000001
1963,p99.992p99.993,99.992,99.993,6691599.300000001,0.0017,6352401.5
1963,p99.993p99.994,99.993,99.994,7565480.800000001,0.002,7128539.9
1963,p99.994p99.995,99.994,99.995,8737066.8,0.0023,8151273.7
1963,p99.995p99.996,99.995,99.996,10396963.1,0.0027,9567015.4
1963,p99.996p99.997,99.996,99.997,12948774.2,0.0033,11672868.7
1963,p99.997p99.998,99.997,99.998,17435723.9,0.0045,15192249.2
1963,p99.998p99.999,99.998,99.999,27786255.5,0.0072,22610988.5
1963,p99.999p100,99.999,100.0,317598720.1,0.0821,172692489.5
1966,p0p1,0.0,1.0,50.1,0.0,0.0
1966,p1p2,1.0,2.0,152.5,0.0,101.3
1966,p2p3,2.0,3.0,257.9,0.0001,205.2
1966,p3p4,3.0,4.0,366.6,0.0001,312.3
1966,p4p5,4.0,5.0,478.7,0.0001,422.7
1966,p5p6,5.0,6.0,594.2,0.0001,536.4
1966,p6p7,6.0,7.0,713.3000000000001,0.0002,653.8000000000001
1966,p7p8,7.0,8.0,836.2,0.0002,774.7
1966,p8p9,8.0,9.0,962.9000000000001,0.0002,899.5
1966,p9p10,9.0,10.0,1093.6,0.0002,1028.2
1966,p10p11,10.0,11.0,1228.4,0.0003,1161.0
1966,p11p12,11.0,12.0,1367.5,0.0003,1297.9
1966,p12p13,12.0,13.0,1511.1,0.0003,1439.3
1966,p13p14,13.0,14.0,1659.3,0.0004,1585.2
1966,p14p15,14.0,15.0,1812.3,0.0004,1735.8
1966,p15p16,15.0,16.0,1970.2,0.0004,1891.2
1966,p16p17,16.0,17.0,2133.3,0.0005,2051.8
1966,p17p18,17.0,18.0,2301.8,0.0005,2217.6
1966,p18p19,18.0,19.0,2475.9,0.0005,2388.8
1966,p19p20,19.0,20.0,2655.7,0.0006,2565.8
1966,p20p21,20.0,21.0,2841.6,0.0006,2748.6
1966,p21p22,21.0,22.0,3033.7,0.0006,2937.6
1966,p22p23,22.0,23.0,3232.3,0.0007,3133.0
1966,p23p24,23.0,24.0,3437.7,0.0007,3335.0
1966,p24p25,24.0,25.0,3650.2,0.0008,3544.0
1966,p25p26,25.0,26.0,3870.0,0.0008,3760.1
1966,p26p27,26.0,27.0,4097.5,0.0009,3983.8
1966,p27p28,27.0,28.0,4333.0,0.0009,4215.2
1966,p28p29,28.0,29.0,4576.8,0.001,4454.900000000001
1966,p29p30,29.0,30.0,4829.2,0.001,4703.0
1966,p30p31,30.0,31.0,5090.8,0.0011,4960.0
1966,p31p32,31.0,32.0,5361.8,0.0011,5226.3
1966,p32p33,32.0,33.0,5642.700000000001,0.0012,5502.3
1966,p33p34,33.0,34.0,5934.0,0.0013,5788.400000000001
1966,p34p35,34.0,35.0,6236.1,0.0013,6085.0
1966,p35p36,35.0,36.0,6549.5,0.0014,6392.8
1966,p36p37,36.0,37.0,6874.700000000001,0.0015,6712.1
1966,p37p38,37.0,38.0,7212.400000000001,0.0015,7043.5
1966,p38p39,38.0,39.0,7563.0,0.0016,7387.700000000001
1966,p39p40,39.0,40.0,7927.3,0.0017,7745.200000000001
1966,p40p41,40.0,41.0,8306.0,0.0018,8116.6
1966,p41p42,41.0,42.0,8699.6,0.0018,8502.800000000001
1966,p42p43,42.0,43.0,9109.0,0.0019,8904.300000000001
1966,p43p44,43.0,44.0,9535.0,0.002,9322.0
1966,p44p45,44.0,45.0,9978.5,0.0021,9756.800000000001
1966,p45p46,45.0,46.0,10440.4,0.0022,10209.5
1966,p46p47,46.0,47.0,10921.6,0.0023,10681.0
1966,p47p48,47.0,48.0,11423.2,0.0024,11172.4
1966,p48p49,48.0,49.0,11946.4,0.0025,11684.8
1966,p49p50,49.0,50.0,12492.3,0.0027,12219.4
1966,p50p51,50.0,51.0,13062.3,0.0028,12777.3
1966,p51p52,51.0,52.0,13657.6,0.0029,13360.0
1966,p52p53,52.0,53.0,14279.9,0.003,13968.8
1966,p53p54,53.0,54.0,14930.7,0.0032,14605.3
1966,p54p55,54.0,55.0,15611.8,0.0033,15271.2
1966,p55p56,55.0,56.0,16324.9,0.0035,15968.4
1966,p56p57,56.0,57.0,17072.3,0.0036,16698.6
1966,p57p58,57.0,58.0,17855.9,0.0038,17464.1
1966,p58p59,58.0,59.0,18678.2,0.004,18267.1
1966,p59p60,59.0,60.0,19541.9,0.0041,19110.1
1966,p60p61,60.0,61.0,20449.6,0.0043,19995.7
1966,p61p62,61.0,62.0,21404.4,0.0045,20927.0
1966,p62p63,62.0,63.0,22409.7,0.0048,21907.1
1966,p63p64,63.0,64.0,23469.2,0.005,22939.5
1966,p64p65,64.0,65.0,24586.8,0.0052,24028.0
1966,p65p66,65.0,66.0,25766.9,0.0055,25176.9
1966,p66p67,66.0,67.0,27014.5,0.0057,26390.7
1966,p67p68,67.0,68.0,28334.7,0.006,27674.6
1966,p68p69,68.0,69.0,29733.7,0.0063,29034.2
1966,p69p70,69.0,70.0,31218.0,0.0066,30475.9
1966,p70p71,70.0,71.0,32794.9,0.007,32006.4
1966,p71p72,71.0,72.0,34472.6,0.0073,33633.7
1966,p72p73,72.0,73.0,36260.3,0.0077,35366.4
1966,p73p74,73.0,74.0,38168.4,0.0081,37214.3
1966,p74p75,74.0,75.0,40208.5,0.0085,39188.5
1966,p75p76,75.0,76.0,42394.0,0.009,41301.2
1966,p76p77,76.0,77.0,44739.8,0.0095,43566.9
1966,p77p78,77.0,78.0,47263.3,0.01,46001.5
1966,p78p79,78.0,79.0,49984.4,0.0106,48623.9
1966,p79p80,79.0,80.0,52926.10000000001,0.0112,51455.2
1966,p80p81,80.0,81.0,56115.2,0.0119,54520.60000000001
1966,p81p82,81.0,82.0,59583.2,0.0126,57849.2
1966,p82p83,82.0,83.0,63367.3,0.0135,61475.2
1966,p83p84,83.0,84.0,67511.7,0.0143,65439.5
1966,p84p85,84.0,85.0,72069.8,0.0153,69790.8
1966,p85p86,85.0,86.0,77106.5,0.0164,74588.2
1966,p86p87,86.0,87.0,82701.6,0.0176,79904.1
1966,p87p88,87.0,88.0,88954.70000000001,0.0189,85828.20000000001
1966,p88p89,88.0,89.0,95992.0,0.0204,92473.40000000001
1966,p89p90,89.0,90.0,103976.8,0.0221,99984.40000000001
1966,p90p91,90.0,91.0,113124.3,0.024,108550.6
1966,p91p92,91.0,92.0,123726.7,0.0263,118425.6
1966,p92p93,92.0,93.0,136192.9,0.0289,129959.8
1966,p93p94,93.0,94.0,151119.0,0.0321,143655.9
1966,p94p95,94.0,95.0,169421.5,0.036,160270.2
1966,p95p96,95.0,96.0,192611.9,0.0409,181016.7
1966,p96p97,96.0,97.0,223448.1,0.0474,208030.0
1966,p97p98,97.0,98.0,267817.1,0.0569,245632.6
1966,p98p99,98.0,99.0,342526.1,0.0727,305171.6
1966,p99p99.1,99.0,99.1,410122.0,0.0087,376324.1
1966,p99.1p99.2,99.1,99.2,428082.7,0.0091,419102.4
1966,p99.2p99.3,99.2,99.3,447452.5,0.0095,437767.6
1966,p99.3p99.4,99.3,99.4,467772.5,0.0099,457612.5
1966,p99.4p99.5,99.4,99.5,487906.3,0.0104,477839.3
1966,p99.5p99.6,99.5,99.6,505858.8,0.0107,496882.5
1966,p99.6p99.7,99.6,99.7,529251.7000000001,0.0112,517555.2
1966,p99.7p99.8,99.7,99.8,600193.6,0.0127,564722.7000000001
1966,p99.8p99.9,99.8,99.9,788308.9,0.0167,694251.3
1966,p99.9p99.91,99.9,99.91,1022618.9,0.0022,905464.0
1966,p99.91p99.92,99.91,99.92,1101887.1,0.0023,1062253.1
1966,p99.92p99.93,99.92,99.93,1201373.4,0.0026,1151630.3
1966,p99.93p99.94,99.93,99.94,1330046.4,0.0028,1265710.0
1966,p99.94p99.95,99.94,99.95,1503225.1,0.0032,1416635.7
1966,p99.95p99.96,99.95,99.96,1749521.2,0.0037,1626373.1
1966,p99.96p99.97,99.96,99.97,2129641.7,0.0045,1939581.5
1966,p99.97p99.98,99.97,99.98,2800910.5,0.0059,2465276.2
1966,p99.98p99.99,99.98,99.99,4358086.0,0.0093,3579498.4
1966,p99.99p99.991,99.99,99.991,6226807.300000001,0.0013,5292447.100000001
1966,p99.991p99.992,99.991,99.992,6850505.9,0.0015,6538656.600000001
1966,p99.992p99.993,99.992,99.993,7630877.100000001,0.0016,7240692.100000001
1966,p99.993p99.994,99.993,99.994,8637469.1,0.0018,8134172.9
1966,p99.994p99.995,99.994,99.995,9989077.9,0.0021,9313273.8
1966,p99.995p99.996,99.995,99.996,11907583.8,0.0025,10948331.4
1966,p99.996p99.997,99.996,99.997,14863757.1,0.0032,13385672.1
1966,p99.997p99.998,99.997,99.998,20077612.6,0.0043,17470685.6
1966,p99.998p99.999,99.998,99.999,32161375.0,0.0068,26119494.5
1966,p99.999p100,99.999,100.0,401760515.1,0.0853,216960929.5
1969,p0p1,0.0,1.0,70.60000000000001,0.0,0.0
1969,p1p2,1.0,2.0,214.7,0.0,142.6
1969,p2p3,2.0,3.0,363.1,0.0001,288.9
1969,p3p4,3.0,4.0,516.2,0.0001,439.6
1969,p4p5,4.0,5.0,673.9000000000001,0.0001,595.0
1969,p5p6,5.0,6.0,836.5,0.0001,755.2
1969,p6p7,6.0,7.0,1004.2,0.0002,920.3000000000001
1969,p7p8,7.0,8.0,1177.0,0.0002,1090.6
1969,p8p9,8.0,9.0,1355.3,0.0002,1266.2
1969,p9p10,9.0,10.0,1539.2,0.0003,1447.2
1969,p10p11,10.0,11.0,1728.8,0.0003,1634.0
1969,p11p12,11.0,12.0,1924.5,0.0003,1826.6
1969,p12p13,12.0,13.0,2126.3,0.0004,2025.4
1969,p13p14,13.0,14.0,2334.7,0.0004,2230.5
1969,p14p15,14.0,15.0,2549.6,0.0005,2442.1
1969,p15p16,15.0,16.0,2771.6,0.0005,2660.6
1969,p16p17,16.0,17.0,3000.7,0.0005,2886.1
1969,p17p18,17.0,18.0,3237.2,0.0006,3118.9
1969,p18p19,18.0,19.0,3481.5,0.0006,3359.4
1969,p19p20,19.0,20.0,3733.8,0.0007,3607.7
1969,p20p21,20.0,21.0,3994.5,0.0007,3864.2
1969,p21p22,21.0,22.0,4263.8,0.0008,4129.2
1969,p22p23,22.0,23.0,4542.2,0.0008,4403.0
1969,p23p24,23.0,24.0,4829.900000000001,0.0009,4686.0
1969,p24p25,24.0,25.0,5127.3,0.0009,4978.6
1969,p25p26,25.0,26.0,5434.900000000001,0.001,5281.1
1969,p26p27,26.0,27.0,5753.0,0.001,5593.900000000001
1969,p27p28,27.0,28.0,6082.1,0.0011,5917.5
1969,p28p29,28.0,29.0,6422.6,0.0011,6252.400000000001
1969,p29p30,29.0,30.0,6775.1,0.0012,6598.8
1969,p30p31,30.0,31.0,7139.900000000001,0.0013,6957.5
1969,p31p32,31.0,32.0,7517.700000000001,0.0013,7328.8
1969,p32p33,32.0,33.0,7909.0,0.0014,7713.400000000001
1969,p33p34,33.0,34.0,8314.4,0.0015,8111.700000000001
1969,p34p35,34.0,35.0,8734.6,0.0016,8524.5
1969,p35p36,35.0,36.0,9170.1,0.0016,8952.300000000001
1969,p36p37,36.0,37.0,9621.7,0.0017,9395.9
1969,p37p38,37.0,38.0,10090.1,0.0018,9855.900000000001
1969,p38p39,38.0,39.0,10576.0,0.0019,10333.0
1969,p39p40,39.0,40.0,11080.4,0.002,10828.2
1969,p40p41,40.0,41.0,11604.1,0.0021,11342.2
1969,p41p42,41.0,42.0,12147.9,0.0022,11876.0
1969,p42p43,42.0,43.0,12712.9,0.0023,12430.4
1969,p43p44,43.0,44.0,13300.2,0.0024,13006.6
1969,p44p45,44.0,45.0,13910.8,0.0025,13605.5
1969,p45p46,45.0,46.0,14545.9,0.0026,14228.3
1969,p46p47,46.0,47.0,15206.7,0.0027,14876.3
1969,p47p48,47.0,48.0,15894.6,0.0028,15550.7
1969,p48p49,48.0,49.0,16611.1,0.003,16252.8
1969,p49p50,49.0,50.0,17357.5,0.0031,16984.3
1969,p50p51,50.0,51.0,18135.7,0.0032,17746.6
1969,p51p52,51.0,52.0,18947.2,0.0034,18541.4
1969,p52p53,52.0,53.0,19794.0,0.0035,19370.6
1969,p53p54,53.0,54.0,20678.0,0.0037,20236.0
1969,p54p55,54.0,55.0,21601.5,0.0039,21139.7
1969,p55p56,55.0,56.0,22566.7,0.004,22084.1
1969,p56p57,56.0,57.0,23576.0,0.0042,23071.3
1969,p57p58,57.0,58.0,24632.3,0.0044,24104.2
1969,p58p59,58.0,59.0,25738.3,0.0046,25185.3
1969,p59p60,59.0,60.0,26897.2,0.0048,26317.8
1969,p60p61,60.0,61.0,28112.5,0.005,27504.9
1969,p61p62,61.0,62.0,29387.7,0.0052,28750.1
1969,p62p63,62.0,63.0,30726.8,0.0055,30057.3
1969,p63p64,63.0,64.0,32134.3,0.0057,31430.6
1969,p64p65,64.0,65.0,33614.9,0.006,32874.6
1969,p65p66,65.0,66.0,35173.7,0.0063,34394.3
1969,p66p67,66.0,67.0,36816.5,0.0066,35995.1
1969,p67p68,67.0,68.0,38549.4,0.0069,37683.0
1969,p68p69,68.0,69.0,40379.5,0.0072,39464.5
1969,p69p70,69.0,70.0,42314.10000000001,0.0075,41346.8
1969,p70p71,70.0,71.0,44361.9,0.0079,43338.0
1969,p71p72,71.0,72.0,46531.9,0.0083,45446.9
1969,p72p73,72.0,73.0,48834.7,0.0087,47683.3
1969,p73p74,73.0,74.0,51281.8,0.0091,50058.3
1969,p74p75,74.0,75.0,53886.2,0.0096,52584.0
1969,p75p76,75.0,76.0,56662.4,0.0101,55274.3
1969,p76p77,76.0,77.0,59627.0,0.0106,58144.7
1969,p77p78,77.0,78.0,62798.7,0.0112,61212.9
1969,p78p79,78.0,79.0,66198.90000000001,0.0118,64498.8
1969,p79p80,79.0,80.0,69852.0,0.0125,68025.5
1969,p80p81,80.0,81.0,73786.3,0.0132,71819.1
1969,p81p82,81.0,82.0,78034.5,0.0139,75910.40000000001
1969,p82p83,82.0,83.0,82634.90000000001,0.0147,80334.70000000001
1969,p83p84,83.0,84.0,87632.6,0.0156,85133.70000000001
1969,p84p85,84.0,85.0,93081.40000000001,0.0166,90357.0
1969,p85p86,85.0,86.0,99045.5,0.0177,96063.40000000001
1969,p86p87,86.0,87.0,105603.2,0.0188,102324.3
1969,p87p88,87.0,88.0,112850.6,0.0201,109226.9
1969,p88p89,88.0,89.0,120907.9,0.0216,116879.2
1969,p89p90,89.0,90.0,129927.8,0.0232,125417.8
1969,p90p91,90.0,91.0,140108.5,0.025,135018.1
1969,p91p92,91.0,92.0,151713.9,0.0271,145911.2
1969,p92p93,92.0,93.0,165106.7,0.0294,158410.3
1969,p93p94,93.0,94.0,180805.2,0.0322,172955.9
1969,p94p95,94.0,95.0,199588.9,0.0356,190197.1
1969,p95p96,95.0,96.0,222715.4,0.0397,211152.1
1969,p96p97,96.0,97.0,252425.9,0.045,237570.6
1969,p97p98,97.0,98.0,293399.5,0.0523,272912.7
1969,p98p99,98.0,99.0,358918.2,0.064,326158.8
1969,p99p99.1,99.0,99.1,416593.6,0.0074,387755.9
1969,p99.1p99.2,99.1,99.2,431919.3,0.0077,424256.5
1969,p99.2p99.3,99.2,99.3,448453.6,0.008,440186.4
1969,p99.3p99.4,99.3,99.4,466000.4,0.0083,457227.0
1969,p99.4p99.5,99.4,99.5,484003.7,0.0086,475002.1
1969,p99.5p99.6,99.5,99.6,501168.5,0.0089,492586.1
1969,p99.6p99.7,99.6,99.7,516469.2,0.0092,508818.9
1969,p99.7p99.8,99.7,99.8,552161.3,0.0098,534315.3
1969,p99.8p99.9,99.8,99.9,676032.5,0.0121,614096.9
1969,p99.9p99.91,99.9,99.91,842501.5,0.0015,759267.0
1969,p99.91p99.92,99.91,99.92,900832.9,0.0016,871667.2000000001
1969,p99.92p99.93,99.92,99.93,974772.6000000001,0.0017,937802.7000000001
1969,p99.93p99.94,99.93,99.94,1071340.2,0.0019,1023056.4
1969,p99.94p99.95,99.94,99.95,1202586.8,0.0021,1136963.6
1969,p99.95p99.96,99.95,99.96,1391159.2,0.0025,1296873.1
1969,p99.96p99.97,99.96,99.97,1685475.1,0.003,1538317.3
1969,p99.97p99.98,99.97,99.98,2212270.6,0.0039,1948872.8
1969,p99.98p99.99,99.98,99.99,3457925.3,0.0062,2835097.9
1969,p99.99p99.991,99.99,99.991,4975988.3,0.0009,4216956.8
1969,p99.991p99.992,99.991,99.992,5488377.100000001,0.001,5232182.7
1969,p99.992p99.993,99.992,99.993,6132397.600000001,0.0011,5810387.5
1969,p99.993p99.994,99.993,99.994,6967409.0,0.0012,6549903.5
1969,p99.994p99.995,99.994,99.995,8095346.2,0.0014,7531378.4
1969,p99.995p99.996,99.995,99.996,9707797.1,0.0017,8901572.0
1969,p99.996p99.997,99.996,99.997,12214393.8,0.0022,10961095.9
1969,p99.997p99.998,99.997,99.998,16687388.4,0.003,14450890.3
1969,p99.998p99.999,99.998,99.999,27241802.1,0.0049,21964595.8
1969,p99.999p100,99.999,100.0,523275462.0,0.0933,275258650.7
1970,p0p1,0.0,1.0,69.9,0.0,0.0
1970,p1p2,1.0,2.0,212.5,0.0,141.2
1970,p2p3,2.0,3.0,359.5,0.0001,286.0
1970,p3p4,3.0,4.0,511.0,0.0001,435.3
1970,p4p5,4.0,5.0,667.2,0.0001,589.1
1970,p5p6,5.0,6.0,828.2,0.0001,747.7
1970,p6p7,6.0,7.0,994.2,0.0002,911.2
1970,p7p8,7.0,8.0,1165.3,0.0002,1079.7
1970,p8p9,8.0,9.0,1341.8,0.0002,1253.6
1970,p9p10,9.0,10.0,1523.9,0.0003,1432.9
1970,p10p11,10.0,11.0,1711.7,0.0003,1617.8
1970,p11p12,11.0,12.0,1905.5,0.0003,1808.6
1970,p12p13,12.0,13.0,2105.4,0.0003,2005.4
1970,p13p14,13.0,14.0,2311.7,0.0004,2208.5
1970,p14p15,14.0,15.0,2524.6,0.0004,2418.2
1970,p15p16,15.0,16.0,2744.5,0.0005,2634.6
1970,p16p17,16.0,17.0,2971.4,0.0005,2857.9
1970,p17p18,17.0,18.0,3205.8,0.0005,3088.6
1970,p18p19,18.0,19.0,3447.8,0.0006,3326.8
1970,p19p20,19.0,20.0,3697.8,0.0006,3572.8
1970,p20p21,20.0,21.0,3956.2,0.0007,3827.0
1970,p21p22,21.0,22.0,4223.1,0.0007,4089.6
1970,p22p23,22.0,23.0,4499.0,0.0007,4361.0
1970,p23p24,23.0,24.0,4784.2,0.0008,4641.6
1970,p24p25,24.0,25.0,5079.1,0.0008,4931.700000000001
1970,p25p26,25.0,26.0,5384.1,0.0009,5231.6
1970,p26p27,26.0,27.0,5699.6,0.0009,5541.8
1970,p27p28,27.0,28.0,6026.0,0.001,5862.8
1970,p28p29,28.0,29.0,6363.900000000001,0.001,6194.900000000001
1970,p29p30,29.0,30.0,6713.6,0.0011,6538.700000000001
1970,p30p31,30.0,31.0,7075.6,0.0012,6894.6
1970,p31p32,31.0,32.0,7450.700000000001,0.0012,7263.200000000001
1970,p32p33,32.0,33.0,7839.200000000001,0.0013,7644.900000000001
1970,p33p34,33.0,34.0,8241.7,0.0014,8040.400000000001
1970,p34p35,34.0,35.0,8659.0,0.0014,8450.4
1970,p35p36,35.0,36.0,9091.7,0.0015,8875.300000000001
1970,p36p37,36.0,37.0,9540.4,0.0016,9316.0
1970,p37p38,37.0,38.0,10006.0,0.0016,9773.2
1970,p38p39,38.0,39.0,10489.1,0.0017,10247.5
1970,p39p40,39.0,40.0,10990.7,0.0018,10739.9
1970,p40p41,40.0,41.0,11511.6,0.0019,11251.1
1970,p41p42,41.0,42.0,12052.8,0.002,11782.2
1970,p42p43,42.0,43.0,12615.2,0.0021,12334.0
1970,p43p44,43.0,44.0,13199.9,0.0022,12907.5
1970,p44p45,44.0,45.0,13808.0,0.0023,13504.0
1970,p45p46,45.0,46.0,14440.8,0.0024,14124.4
1970,p46p47,46.0,47.0,15099.5,0.0025,14770.2
1970,p47p48,47.0,48.0,15785.5,0.0026,15442.5
1970,p48p49,48.0,49.0,16500.1,0.0027,16142.8
1970,p49p50,49.0,50.0,17245.1,0.0028,16872.6
1970,p50p51,50.0,51.0,18022.0,0.003,17633.6
1970,p51p52,51.0,52.0,18832.6,0.0031,18427.3
1970,p52p53,52.0,53.0,19678.9,0.0032,19255.7
1970,p53p54,53.0,54.0,20562.8,0.0034,20120.8
1970,p54p55,54.0,55.0,21486.7,0.0035,21024.7
1970,p55p56,55.0,56.0,22452.8,0.0037,21969.7
1970,p56p57,56.0,57.0,23463.7,0.0039,22958.2
1970,p57p58,57.0,58.0,24522.2,0.004,23993.0
1970,p58p59,58.0,59.0,25631.4,0.0042,25076.8
1970,p59p60,59.0,60.0,26794.4,0.0044,26212.9
1970,p60p61,60.0,61.0,28014.7,0.0046,27404.5
1970,p61p62,61.0,62.0,29296.2,0.0048,28655.4
1970,p62p63,62.0,63.0,30643.0,0.005,29969.6
1970,p63p64,63.0,64.0,32059.7,0.0053,31351.3
1970,p64p65,64.0,65.0,33551.2,0.0055,32805.5
1970,p65p66,65.0,66.0,35123.0,0.0058,34337.1
1970,p66p67,66.0,67.0,36781.0,0.006,35952.0
1970,p67p68,67.0,68.0,38531.7,0.0063,37656.4
1970,p68p69,68.0,69.0,40382.5,0.0066,39457.10000000001
1970,p69p70,69.0,70.0,42341.3,0.007,41361.9
1970,p70p71,70.0,71.0,44417.0,0.0073,43379.2
1970,p71p72,71.0,72.0,46619.5,0.0077,45518.3
1970,p72p73,72.0,73.0,48959.8,0.008,47789.60000000001
1970,p73p74,73.0,74.0,51450.10000000001,0.0085,50205.0
1970,p74p75,74.0,75.0,54104.5,0.0089,52777.3
1970,p75p76,75.0,76.0,56938.60000000001,0.0094,55521.5
1970,p76p77,76.0,77.0,59970.0,0.0099,58454.3
1970,p77p78,77.0,78.0,63219.0,0.0104,61594.5
1970,p78p79,78.0,79.0,66708.8,0.011,64963.9
1970,p79p80,79.0,80.0,70465.90000000001,0.0116,68587.3
1970,p80p81,80.0,81.0,74521.0,0.0123,72493.40000000001
1970,p81p82,81.0,82.0,78910.20000000001,0.013,76715.6
1970,p82p83,82.0,83.0,83675.40000000001,0.0138,81292.8
1970,p83p84,83.0,84.0,88866.6,0.0146,86271.0
1970,p84p85,84.0,85.0,94543.3,0.0155,91705.0
1970,p85p86,85.0,86.0,100777.2,0.0166,97660.3
1970,p86p87,86.0,87.0,107656.2,0.0177,104216.7
1970,p87p88,87.0,88.0,115288.5,0.019,111472.3
1970,p88p89,88.0,89.0,123810.4,0.0204,119549.4
1970,p89p90,89.0,90.0,133396.1,0.0219,128603.2
1970,p90p91,90.0,91.0,144273.1,0.0237,138834.6
1970,p91p92,91.0,92.0,156746.4,0.0258,150509.8
1970,p92p93,92.0,93.0,171237.6,0.0281,163992.1
1970,p93p94,93.0,94.0,188353.1,0.031,179795.4
1970,p94p95,94.0,95.0,209010.3,0.0344,198681.7
1970,p95p96,95.0,96.0,234696.0,0.0386,221853.2
1970,p96p97,96.0,97.0,268066.6,0.0441,251381.4
1970,p97p98,97.0,98.0,314660.9,0.0517,291363.8
1970,p98p99,98.0,99.0,390148.8,0.0641,352404.9
1970,p99p99.1,99.0,99.1,457317.1,0.0075,423733.0
1970,p99.1p99.2,99.1,99.2,475382.9,0.0078,466350.1
1970,p99.2p99.3,99.2,99.3,494962.6,0.0081,485172.8
1970,p99.3p99.4,99.3,99.4,515952.8,0.0085,505457.7
1970,p99.4p99.5,99.4,99.5,537931.2000000001,0.0088,526942.0
1970,p99.5p99.6,99.5,99.6,559773.4,0.0092,548852.3
1970,p99.6p99.7,99.6,99.7,580585.6,0.0095,570179.6
1970,p99.7p99.8,99.7,99.8,619937.8,0.0102,600261.7000000001
1970,p99.8p99.9,99.8,99.9,745264.0,0.0123,682600.9
1970,p99.9p99.91,99.9,99.91,917291.6000000001,0.0015,831277.9
1970,p99.91p99.92,99.91,99.92,978552.5,0.0016,947922.1000000001
1970,p99.92p99.93,99.92,99.93,1056614.2,0.0017,1017583.4
1970,p99.93p99.94,99.93,99.94,1159076.3,0.0019,1107845.3
1970,p99.94p99.95,99.94,99.95,1298994.5,0.0021,1229035.5
1970,p99.95p99.96,99.95,99.96,1500939.4,0.0025,1399967.1
1970,p99.96p99.97,99.96,99.97,1817563.9,0.003,1659251.6
1970,p99.97p99.98,99.97,99.98,2387147.0,0.0039,2102355.5
1970,p99.98p99.99,99.98,99.99,3743108.8,0.0062,3065128.1
1970,p99.99p99.991,99.99,99.991,5404418.0,0.0009,4573763.7
1970,p99.991p99.992,99.991,99.992,5967332.100000001,0.001,5685875.100000001
1970,p99.992p99.993,99.992,99.993,6675972.600000001,0.0011,6321652.9
1970,p99.993p99.994,99.993,99.994,7596415.0,0.0012,7136194.100000001
1970,p99.994p99.995,99.994,99.995,8842341.200000001,0.0015,8219379.0
1970,p99.995p99.996,99.995,99.996,10627894.6,0.0017,9735118.700000001
1970,p99.996p99.997,99.996,99.997,13412184.5,0.0022,12020039.4
1970,p99.997p99.998,99.997,99.998,18401282.8,0.003,15906734.3
1970,p99.998p99.999,99.998,99.999,30248925.2,0.005,24325106.2
1970,p99.999p100,99.999,100.0,800342659.0,0.1316,415295796.9
1972,p0p1,0.0,1.0,81.30000000000001,0.0,0.0
1972,p1p2,1.0,2.0,247.4,0.0,164.4
1972,p2p3,2.0,3.0,418.4,0.0001,332.9
1972,p3p4,3.0,4.0,594.8000000000001,0.0001,506.6
1972,p4p5,4.0,5.0,776.5,0.0001,685.7
1972,p5p6,5.0,6.0,963.9000000000001,0.0001,870.2
1972,p6p7,6.0,7.0,1157.1,0.0002,1060.5
1972,p7p8,7.0,8.0,1356.3,0.0002,1256.7
1972,p8p9,8.0,9.0,1561.8,0.0002,1459.1
1972,p9p10,9.0,10.0,1773.7,0.0003,1667.8
1972,p10p11,10.0,11.0,1992.3,0.0003,1883.0
1972,p11p12,11.0,12.0,2217.8,0.0003,2105.1
1972,p12p13,12.0,13.0,2450.5,0.0004,2334.2
1972,p13p14,13.0,14.0,2690.6,0.0004,2570.6
1972,p14p15,14.0,15.0,2938.5,0.0004,2814.6
1972,p15p16,15.0,16.0,3194.3,0.0005,3066.4
1972,p16p17,16.0,17.0,3458.5,0.0005,3326.4
1972,p17p18,17.0,18.0,3731.2,0.0005,3594.8
1972,p18p19,18.0,19.0,4012.9,0.0006,3872.1
1972,p19p20,19.0,20.0,4303.900000000001,0.0006,4158.400000000001
1972,p20p21,20.0,21.0,4604.6,0.0007,4454.3
1972,p21p22,21.0,22.0,4915.3,0.0007,4759.900000000001
1972,p22p23,22.0,23.0,5236.400000000001,0.0008,5075.8
1972,p23p24,23.0,24.0,5568.3,0.0008,5402.3
1972,p24p25,24.0,25.0,5911.5,0.0009,5739.900000000001
1972,p25p26,25.0,26.0,6266.5,0.0009,6089.0
1972,p26p27,26.0,27.0,6633.6,0.001,6450.0
1972,p27p28,27.0,28.0,7013.5,0.001,6823.6
1972,p28p29,28.0,29.0,7406.700000000001,0.0011,7210.1
1972,p29p30,29.0,30.0,7813.6,0.0011,7610.200000000001
1972,p30p31,30.0,31.0,8235.0,0.0012,8024.3
1972,p31p32,31.0,32.0,8671.4,0.0013,8453.2
1972,p32p33,32.0,33.0,9123.5,0.0013,8897.5
1972,p33p34,33.0,34.0,9592.0,0.0014,9357.7
1972,p34p35,34.0,35.0,10077.5,0.0015,9834.800000000001
1972,p35p36,35.0,36.0,10581.0,0.0016,10329.3
1972,p36p37,36.0,37.0,11103.1,0.0016,10842.1
1972,p37p38,37.0,38.0,11644.8,0.0017,11374.0
1972,p38p39,38.0,39.0,12207.0,0.0018,11925.9
1972,p39p40,39.0,40.0,12790.6,0.0019,12498.8
1972,p40p41,40.0,41.0,13396.6,0.002,13093.6
1972,p41p42,41.0,42.0,14026.2,0.0021,13711.4
1972,p42p43,42.0,43.0,14680.5,0.0022,14353.4
1972,p43p44,43.0,44.0,15360.8,0.0023,15020.7
1972,p44p45,44.0,45.0,16068.2,0.0024,15714.5
1972,p45p46,45.0,46.0,16804.3,0.0025,16436.3
1972,p46p47,46.0,47.0,17570.5,0.0026,17187.4
1972,p47p48,47.0,48.0,18368.4,0.0027,17969.4
1972,p48p49,48.0,49.0,19199.6,0.0028,18784.0
1972,p49p50,49.0,50.0,20066.0,0.003,19632.8
1972,p50p51,50.0,51.0,20969.5,0.0031,20517.8
1972,p51p52,51.0,52.0,21912.2,0.0032,21440.8
1972,p52p53,52.0,53.0,22896.2,0.0034,22404.2
1972,p53p54,53.0,54.0,23924.0,0.0035,23410.1
1972,p54p55,54.0,55.0,24998.1,0.0037,24461.1
1972,p55p56,55.0,56.0,26121.3,0.0038,25559.7
1972,p56p57,56.0,57.0,27296.5,0.004,26708.9
1972,p57p58,57.0,58.0,28526.9,0.0042,27911.7
1972,p58p59,58.0,59.0,29816.0,0.0044,29171.5
1972,p59p60,59.0,60.0,31167.6,0.0046,30491.8
1972,p60p61,60.0,61.0,32585.6,0.0048,31876.6
1972,p61p62,61.0,62.0,34074.6,0.005,33330.1
1972,p62p63,62.0,63.0,35639.3,0.0052,34856.9
1972,p63p64,63.0,64.0,37284.9,0.0055,36462.1
1972,p64p65,64.0,65.0,39017.2,0.0057,38151.1
1972,p65p66,65.0,66.0,40842.5,0.006,39929.9
1972,p66p67,66.0,67.0,42767.60000000001,0.0063,41805.10000000001
1972,p67p68,67.0,68.0,44800.10000000001,0.0066,43783.9
1972,p68p69,68.0,69.0,46948.3,0.0069,45874.2
1972,p69p70,69.0,70.0,49221.5,0.0072,48084.9
1972,p70p71,70.0,71.0,51629.8,0.0076,50425.7
1972,p71p72,71.0,72.0,54184.7,0.008,52907.2
1972,p72p73,72.0,73.0,56898.7,0.0084,55541.7
1972,p73p74,73.0,74.0,59786.10000000001,0.0088,58342.4
1972,p74p75,74.0,75.0,62862.8,0.0092,61324.4
1972,p75p76,75.0,76.0,66146.7,0.0097,64504.8
1972,p76p77,76.0,77.0,69658.3,0.0102,67902.5
1972,p77p78,77.0,78.0,73420.6,0.0108,71539.40000000001
1972,p78p79,78.0,79.0,77460.1,0.0114,75440.3
1972,p79p80,79.0,80.0,81807.20000000001,0.012,79633.6
1972,p80p81,80.0,81.0,86497.1,0.0127,84152.20000000001
1972,p81p82,81.0,82.0,91570.8,0.0135,89034.0
1972,p82p83,82.0,83.0,97076.3,0.0143,94323.6
1972,p83p84,83.0,84.0,103070.4,0.0152,100073.3
1972,p84p85,84.0,85.0,109620.7,0.0161,106345.5
1972,p85p86,85.0,86.0,116808.9,0.0172,113214.8
1972,p86p87,86.0,87.0,124734.5,0.0183,120771.7
1972,p87p88,87.0,88.0,133520.4,0.0196,129127.4
1972,p88p89,88.0,89.0,143320.7,0.0211,138420.5
1972,p89p90,89.0,90.0,154332.2,0.0227,148826.5
1972,p90p91,90.0,91.0,166811.9,0.0245,160572.1
1972,p91p92,91.0,92.0,181103.5,0.0266,173957.7
1972,p92p93,92.0,93.0,197681.7,0.0291,189392.5
1972,p93p94,93.0,94.0,217229.0,0.0319,207455.3
1972,p94p95,94.0,95.0,240778.0,0.0354,229003.5
1972,p95p96,95.0,96.0,270004.3,0.0397,255391.2
1972,p96p97,96.0,97.0,307911.2,0.0453,288957.8
1972,p97p98,97.0,98.0,360799.6,0.0531,334355.4
1972,p98p99,98.0,99.0,446561.5,0.0657,403680.5
1972,p99p99.1,99.0,99.1,522670.8,0.0077,484616.2
1972,p99.1p99.2,99.1,99.2,542935.9,0.008,532803.4
1972,p99.2p99.3,99.2,99.3,564841.5,0.0083,553888.7000000001
1972,p99.3p99.4,99.3,99.4,588126.5,0.0086,576484.0
1972,p99.4p99.5,99.4,99.5,612034.0,0.009,600080.3
1972,p99.5p99.6,99.5,99.6,634804.5,0.0093,623419.3
1972,p99.6p99.7,99.6,99.7,655692.0,0.0096,645248.3
1972,p99.7p99.8,99.7,99.8,707467.4,0.0104,681579.7000000001
1972,p99.8p99.9,99.8,99.9,877849.1000000001,0.0129,792658.3
1972,p99.9p99.91,99.9,99.91,1103854.8,0.0016,990852.0
1972,p99.91p99.92,99.91,99.92,1182582.3,0.0017,1143218.5
1972,p99.92p99.93,99.92,99.93,1282227.6,0.0019,1232404.9
1972,p99.93p99.94,99.93,99.94,1412194.7,0.0021,1347211.1
1972,p99.94p99.95,99.94,99.95,1588625.7,0.0023,1500410.2
1972,p99.95p99.96,99.95,99.96,1841848.3,0.0027,1715237.0
1972,p99.96p99.97,99.96,99.97,2236681.8,0.0033,2039264.9
1972,p99.97p99.98,99.97,99.98,2942720.7,0.0043,2589701.4
1972,p99.98p99.99,99.98,99.99,4610392.600000001,0.0068,3776556.6
1972,p99.99p99.991,99.99,99.991,6641194.7,0.001,5625793.4
1972,p99.991p99.992,99.991,99.992,7326284.9,0.0011,6983740.100000001
1972,p99.992p99.993,99.992,99.993,8187194.2,0.0012,7756739.600000001
1972,p99.993p99.994,99.993,99.994,9303153.3,0.0014,8745174.5
1972,p99.994p99.995,99.994,99.995,10810190.0,0.0016,10056671.9
1972,p99.995p99.996,99.995,99.996,12963899.0,0.0019,11887044.7
1972,p99.996p99.997,99.996,99.997,16310580.5,0.0024,14637239.7
1972,p99.997p99.998,99.997,99.998,22279598.5,0.0033,19295087.8
1972,p99.998p99.999,99.998,99.999,36352845.4,0.0053,29316221.2
1972,p99.999p100,99.999,100.0,682768726.9000001,0.1004,359560792.1
1974,p0p1,0.0,1.0,88.9,0.0,0.0
1974,p1p2,1.0,2.0,270.2,0.0,179.6
1974,p2p3,2.0,3.0,457.2,0.0001,363.7
1974,p3p4,3.0,4.0,649.8000000000001,0.0001,553.5
1974,p4p5,4.0,5.0,848.4000000000001,0.0001,749.1
1974,p5p6,5.0,6.0,1053.1,0.0001,950.8000000000001
1974,p6p7,6.0,7.0,1264.2,0.0002,1158.6
1974,p7p8,7.0,8.0,1481.8,0.0002,1373.0
1974,p8p9,8.0,9.0,1706.2,0.0002,1594.0
1974,p9p10,9.0,10.0,1937.7,0.0003,1822.0
1974,p10p11,10.0,11.0,2176.5,0.0003,2057.1
1974,p11p12,11.0,12.0,2422.8,0.0003,2299.6
1974,p12p13,12.0,13.0,2676.9,0.0004,2549.8
1974,p13p14,13.0,14.0,2939.1,0.0004,2808.0
1974,p14p15,14.0,15.0,3209.8,0.0004,3074.5
1974,p15p16,15.0,16.0,3489.1,0.0005,3349.4
1974,p16p17,16.0,17.0,3777.5,0.0005,3633.3
1974,p17p18,17.0,18.0,4075.3,0.0005,3926.4
1974,p18p19,18.0,19.0,4382.8,0.0006,4229.0
1974,p19p20,19.0,20.0,4700.400000000001,0.0006,4541.6
1974,p20p21,20.0,21.0,5028.5,0.0007,4864.400000000001
1974,p21p22,21.0,22.0,5367.5,0.0007,5198.0
1974,p22p23,22.0,23.0,5717.8,0.0008,5542.700000000001
1974,p23p24,23.0,24.0,6079.900000000001,0.0008,5898.900000000001
1974,p24p25,24.0,25.0,6454.3,0.0009,6267.1
1974,p25p26,25.0,26.0,6841.400000000001,0.0009,6647.900000000001
1974,p26p27,26.0,27.0,7241.8,0.001,7041.6
1974,p27p28,27.0,28.0,7655.900000000001,0.001,7448.900000000001
1974,p28p29,28.0,29.0,8084.5,0.0011,7870.200000000001
1974,p29p30,29.0,30.0,8528.0,0.0011,8306.300000000001
1974,p30p31,30.0,31.0,8987.2,0.0012,8757.6
1974,p31p32,31.0,32.0,9462.6,0.0013,9224.9
1974,p32p33,32.0,33.0,9955.0,0.0013,9708.800000000001
1974,p33p34,33.0,34.0,10465.2,0.0014,10210.1
1974,p34p35,34.0,35.0,10993.8,0.0015,10729.5
1974,p35p36,35.0,36.0,11541.8,0.0015,11267.8
1974,p36p37,36.0,37.0,12110.0,0.0016,11825.9
1974,p37p38,37.0,38.0,12699.4,0.0017,12404.7
1974,p38p39,38.0,39.0,13310.8,0.0018,13005.1
1974,p39p40,39.0,40.0,13945.4,0.0018,13628.1
1974,p40p41,40.0,41.0,14604.3,0.0019,14274.9
1974,p41p42,41.0,42.0,15288.5,0.002,14946.4
1974,p42p43,42.0,43.0,15999.4,0.0021,15643.9
1974,p43p44,43.0,44.0,16738.2,0.0022,16368.8
1974,p44p45,44.0,45.0,17506.3,0.0023,17122.2
1974,p45p46,45.0,46.0,18305.2,0.0024,17905.8
1974,p46p47,46.0,47.0,19136.6,0.0025,18720.9
1974,p47p48,47.0,48.0,20001.9,0.0026,19569.3
1974,p48p49,48.0,49.0,20903.2,0.0028,20452.6
1974,p49p50,49.0,50.0,21842.2,0.0029,21372.7
1974,p50p51,50.0,51.0,22821.0,0.003,22331.6
1974,p51p52,51.0,52.0,23841.8,0.0032,23331.4
1974,p52p53,52.0,53.0,24907.0,0.0033,24374.4
1974,p53p54,53.0,54.0,26019.0,0.0034,25463.0
1974,p54p55,54.0,55.0,27180.6,0.0036,26599.8
1974,p55p56,55.0,56.0,28394.7,0.0038,27787.7
1974,p56p57,56.0,57.0,29664.4,0.0039,29029.5
1974,p57p58,57.0,58.0,30993.0,0.0041,30328.7
1974,p58p59,58.0,59.0,32384.3,0.0043,31688.6
1974,p59p60,59.0,60.0,33842.1,0.0045,33113.2
1974,p60p61,60.0,61.0,35370.8,0.0047,34606.5
1974,p61p62,61.0,62.0,36975.0,0.0049,36172.9
1974,p62p63,62.0,63.0,38659.6,0.0051,37817.3
1974,p63p64,63.0,64.0,40430.3,0.0053,39545.0
1974,p64p65,64.0,65.0,42293.0,0.0056,41361.7
1974,p65p66,65.0,66.0,44254.3,0.0059,43273.7
1974,p66p67,66.0,67.0,46321.3,0.0061,45287.8
1974,p67p68,67.0,68.0,48501.9,0.0064,47411.60000000001
1974,p68p69,68.0,69.0,50804.8,0.0067,49653.4
1974,p69p70,69.0,70.0,53239.7,0.007,52022.3
1974,p70p71,70.0,71.0,55817.10000000001,0.0074,54528.4
1974,p71p72,71.0,72.0,58548.8,0.0077,57182.9
1974,p72p73,72.0,73.0,61447.9,0.0081,59998.3
1974,p73p74,73.0,74.0,64529.2,0.0085,62988.5
1974,p74p75,74.0,75.0,67809.0,0.009,66169.1
1974,p75p76,75.0,76.0,71306.0,0.0094,69557.5
1974,p76p77,76.0,77.0,75041.0,0.0099,73173.5
1974,p77p78,77.0,78.0,79037.90000000001,0.0105,77039.5
1974,p78p79,78.0,79.0,83323.8,0.011,81180.90000000001
1974,p79p80,79.0,80.0,87930.0,0.0116,85626.90000000001
1974,p80p81,80.0,81.0,92892.3,0.0123,90411.1
1974,p81p82,81.0,82.0,98252.6,0.013,95572.40000000001
1974,p82p83,82.0,83.0,104059.7,0.0138,101156.1
1974,p83p84,83.0,84.0,110371.4,0.0146,107215.6
1974,p84p85,84.0,85.0,117256.4,0.0155,113813.9
1974,p85p86,85.0,86.0,124797.0,0.0165,121026.7
1974,p86p87,86.0,87.0,133093.7,0.0176,128945.3
1974,p87p88,87.0,88.0,142269.8,0.0188,137681.7
1974,p88p89,88.0,89.0,152479.8,0.0202,147374.8
1974,p89p90,89.0,90.0,163920.1,0.0217,158199.9
1974,p90p91,90.0,91.0,176845.6,0.0234,170382.8
1974,p91p92,91.0,92.0,191596.0,0.0254,184220.8
1974,p92p93,92.0,93.0,208637.0,0.0276,200116.5
1974,p93p94,93.0,94.0,228633.1,0.0303,218635.0
1974,p94p95,94.0,95.0,252578.4,0.0334,240605.7
1974,p95p96,95.0,96.0,282063.1,0.0373,267320.7
1974,p96p97,96.0,97.0,319880.3,0.0423,300971.7
1974,p97p98,97.0,98.0,371732.1,0.0492,345806.1
1974,p98p99,98.0,99.0,453658.2,0.06,412695.1
1974,p99p99.1,99.0,99.1,526016.3,0.007,489837.2
1974,p99.1p99.2,99.1,99.2,545797.3,0.0072,535906.8
1974,p99.2p99.3,99.2,99.3,567179.6,0.0075,556488.4
1974,p99.3p99.4,99.3,99.4,590255.5,0.0078,578717.5
1974,p99.4p99.5,99.4,99.5,615003.6,0.0081,602629.5
1974,p99.5p99.6,99.5,99.6,641041.9,0.0085,628022.7000000001
1974,p99.6p99.7,99.6,99.7,667018.6000000001,0.0088,654030.2000000001
1974,p99.7p99.8,99.7,99.8,693737.7000000001,0.0092,680378.1000000001
1974,p99.8p99.9,99.8,99.9,768581.3,0.0102,731159.4
1974,p99.9p99.91,99.9,99.91,887134.5,0.0012,827857.8
1974,p99.91p99.92,99.91,99.92,933051.4,0.0012,910092.8
1974,p99.92p99.93,99.92,99.93,992965.0,0.0013,963008.1000000001
1974,p99.93p99.94,99.93,99.94,1073291.6,0.0014,1033128.3
1974,p99.94p99.95,99.94,99.95,1185050.6,0.0016,1129171.0
1974,p99.95p99.96,99.95,99.96,1349026.8,0.0018,1267038.6
1974,p99.96p99.97,99.96,99.97,1609966.6,0.0021,1479496.7
1974,p99.97p99.98,99.97,99.98,2086223.2,0.0028,1848094.9
1974,p99.98p99.99,99.98,99.99,3239485.3,0.0043,2662854.4
1974,p99.99p99.991,99.99,99.991,4670030.100000001,0.0006,3954757.6
1974,p99.991p99.992,99.991,99.992,5158954.800000001,0.0007,4914492.100000001
1974,p99.992p99.993,99.992,99.993,5776575.5,0.0008,5467765.300000001
1974,p99.993p99.994,99.993,99.994,6581918.9,0.0009,6179247.4
1974,p99.994p99.995,99.994,99.995,7676940.600000001,0.001,7129429.4
1974,p99.995p99.996,99.995,99.996,9254584.6,0.0012,8465762.5
1974,p99.996p99.997,99.996,99.997,11730853.4,0.0016,10492719.0
1974,p99.997p99.998,99.997,99.998,16206636.8,0.0021,13968744.4
1974,p99.998p99.999,99.998,99.999,26976896.6,0.0036,21591763.9
1974,p99.999p100,99.999,100.0,1217483573.8,0.1611,622230226.5
1977,p0p1,0.0,1.0,91.7,0.0,0.0
1977,p1p2,1.0,2.0,278.9,0.0,185.3
1977,p2p3,2.0,3.0,471.8,0.0001,375.3
1977,p3p4,3.0,4.0,670.6,0.0001,571.2
1977,p4p5,4.0,5.0,875.6,0.0001,773.1
1977,p5p6,5.0,6.0,1086.9,0.0001,981.2
1977,p6p7,6.0,7.0,1304.7,0.0002,1195.8
1977,p7p8,7.0,8.0,1529.4,0.0002,1417.1
1977,p8p9,8.0,9.0,1761.1,0.0002,1645.2
1977,p9p10,9.0,10.0,2000.1,0.0002,1880.6
1977,p10p11,10.0,11.0,2246.6,0.0003,2123.3
1977,p11p12,11.0,12.0,2501.0,0.0003,2373.8
1977,p12p13,12.0,13.0,2763.4,0.0003,2632.2
1977,p13p14,13.0,14.0,3034.3,0.0004,2898.9
1977,p14p15,14.0,15.0,3313.9,0.0004,3174.1
1977,p15p16,15.0,16.0,3602.6,0.0004,3458.3
1977,p16p17,16.0,17.0,3900.7,0.0005,3751.6
1977,p17p18,17.0,18.0,4208.5,0.0005,4054.6
1977,p18p19,18.0,19.0,4526.400000000001,0.0005,4367.5
1977,p19p20,19.0,20.0,4854.900000000001,0.0006,4690.7
1977,p20p21,20.0,21.0,5194.3,0.0006,5024.6
1977,p21p22,21.0,22.0,5545.1,0.0007,5369.700000000001
1977,p22p23,22.0,23.0,5907.700000000001,0.0007,5726.400000000001
1977,p23p24,23.0,24.0,6282.6,0.0007,6095.1
1977,p24p25,24.0,25.0,6670.3,0.0008,6476.400000000001
1977,p25p26,25.0,26.0,7071.3,0.0008,6870.8
1977,p26p27,26.0,27.0,7486.200000000001,0.0009,7278.700000000001
1977,p27p28,27.0,28.0,7915.6,0.0009,7700.900000000001
1977,p28p29,28.0,29.0,8360.0,0.001,8137.8
1977,p29p30,29.0,30.0,8820.1,0.001,8590.1
1977,p30p31,30.0,31.0,9296.7,0.0011,9058.4
1977,p31p32,31.0,32.0,9790.300000000001,0.0012,9543.5
1977,p32p33,32.0,33.0,10301.8,0.0012,10046.1
1977,p33p34,33.0,34.0,10832.0,0.0013,10566.9
1977,p34p35,34.0,35.0,11381.7,0.0013,11106.8
1977,p35p36,35.0,36.0,11951.8,0.0014,11666.7
1977,p36p37,36.0,37.0,12543.2,0.0015,12247.5
1977,p37p38,37.0,38.0,13156.9,0.0016,12850.0
1977,p38p39,38.0,39.0,13794.1,0.0016,13475.5
1977,p39p40,39.0,40.0,14455.7,0.0017,14124.9
1977,p40p41,40.0,41.0,15143.1,0.0018,14799.4
1977,p41p42,41.0,42.0,15857.4,0.0019,15500.2
1977,p42p43,42.0,43.0,16600.0,0.002,16228.7
1977,p43p44,43.0,44.0,17372.4,0.0021,16986.2
1977,p44p45,44.0,45.0,18176.0,0.0022,17774.2
1977,p45p46,45.0,46.0,19012.4,0.0023,18594.2
1977,p46p47,46.0,47.0,19883.5,0.0024,19448.0
1977,p47p48,47.0,48.0,20791.0,0.0025,20337.3
1977,p48p49,48.0,49.0,21737.0,0.0026,21264.0
1977,p49p50,49.0,50.0,22723.4,0.0027,22230.2
1977,p50p51,50.0,51.0,23752.6,0.0028,23238.0
1977,p51p52,51.0,52.0,24827.1,0.0029,24289.9
1977,p52p53,52.0,53.0,25949.3,0.0031,25388.2
1977,p53p54,53.0,54.0,27122.2,0.0032,26535.8
1977,p54p55,54.0,55.0,28348.7,0.0034,27735.4
1977,p55p56,55.0,56.0,29632.0,0.0035,28990.4
1977,p56p57,56.0,57.0,30975.8,0.0037,30303.9
1977,p57p58,57.0,58.0,32383.7,0.0038,31679.7
1977,p58p59,58.0,59.0,33859.8,0.004,33121.8
1977,p59p60,59.0,60.0,35408.7,0.0042,34634.3
1977,p60p61,60.0,61.0,37035.2,0.0044,36222.0
1977,p61p62,61.0,62.0,38744.4,0.0046,37889.8
1977,p62p63,62.0,63.0,40542.3,0.0048,39643.4
1977,p63p64,63.0,64.0,42434.9,0.005,41488.60000000001
1977,p64p65,64.0,65.0,44429.3,0.0053,43432.10000000001
1977,p65p66,65.0,66.0,46532.8,0.0055,45481.0
1977,p66p67,66.0,67.0,48753.8,0.0058,47643.3
1977,p67p68,67.0,68.0,51101.5,0.0061,49927.7
1977,p68p69,68.0,69.0,53585.9,0.0063,52343.7
1977,p69p70,69.0,70.0,56218.10000000001,0.0067,54902.0
1977,p70p71,70.0,71.0,59010.60000000001,0.007,57614.3
1977,p71p72,71.0,72.0,61977.3,0.0073,60493.9
1977,p72p73,72.0,73.0,65133.5,0.0077,63555.4
1977,p73p74,73.0,74.0,68496.8,0.0081,66815.2
1977,p74p75,74.0,75.0,72086.7,0.0085,70291.7
1977,p75p76,75.0,76.0,75925.2,0.009,74005.90000000001
1977,p76p77,76.0,77.0,80037.70000000001,0.0095,77981.5
1977,p77p78,77.0,78.0,84452.8,0.01,82245.20000000001
1977,p78p79,78.0,79.0,89203.40000000001,0.0106,86828.1
1977,p79p80,79.0,80.0,94327.70000000001,0.0112,91765.6
1977,p80p81,80.0,81.0,99869.8,0.0118,97098.70000000001
1977,p81p82,81.0,82.0,105881.3,0.0125,102875.6
1977,p82p83,82.0,83.0,112423.1,0.0133,109152.2
1977,p83p84,83.0,84.0,119567.5,0.0142,115995.3
1977,p84p85,84.0,85.0,127400.9,0.0151,123484.2
1977,p85p86,85.0,86.0,136028.3,0.0161,131714.6
1977,p86p87,86.0,87.0,145578.3,0.0172,140803.3
1977,p87p88,87.0,88.0,156210.6,0.0185,150894.5
1977,p88p89,88.0,89.0,168126.8,0.0199,162168.7
1977,p89p90,89.0,90.0,181586.0,0.0215,174856.4
1977,p90p91,90.0,91.0,196928.4,0.0233,189257.2
1977,p91p92,91.0,92.0,214612.7,0.0254,205770.6
1977,p92p93,92.0,93.0,235276.9,0.0279,224944.8
1977,p93p94,93.0,94.0,259844.8,0.0308,247560.9
1977,p94p95,94.0,95.0,289724.6,0.0343,274784.7
1977,p95p96,95.0,96.0,327216.5,0.0388,308470.5
1977,p96p97,96.0,97.0,376467.5,0.0446,351842.0
1977,p97p98,97.0,98.0,446203.6,0.0529,411335.6
1977,p98p99,98.0,99.0,561135.3,0.0665,503669.5
1977,p99p99.1,99.0,99.1,664130.4,0.0079,612632.8
1977,p99.1p99.2,99.1,99.2,691729.4,0.0082,677929.9
1977,p99.2p99.3,99.2,99.3,721754.6000000001,0.0086,706742.1000000001
1977,p99.3p99.4,99.3,99.4,753995.4,0.0089,737875.0
1977,p99.4p99.5,99.4,99.5,787663.6000000001,0.0093,770829.5
1977,p99.5p99.6,99.5,99.6,820719.3,0.0097,804191.4
1977,p99.6p99.7,99.6,99.7,851900.5,0.0101,836309.9
1977,p99.7p99.8,99.7,99.8,920237.7000000001,0.0109,886069.2000000001
1977,p99.8p99.9,99.8,99.9,1142296.2,0.0135,1031267.0
1977,p99.9p99.91,99.9,99.91,1439657.2,0.0017,1290976.7
1977,p99.91p99.92,99.91,99.92,1543725.0,0.0018,1491691.1
1977,p99.92p99.93,99.92,99.93,1675647.3,0.002,1609686.2
1977,p99.93p99.94,99.93,99.94,1847999.6,0.0022,1761823.5
1977,p99.94p99.95,99.94,99.95,2082402.3,0.0025,1965201.0
1977,p99.95p99.96,99.95,99.96,2419552.8,0.0029,2250977.5
1977,p99.96p99.97,99.96,99.97,2946633.4,0.0035,2683093.3
1977,p99.97p99.98,99.97,99.98,3892434.4,0.0046,3419534.0
1977,p99.98p99.99,99.98,99.99,6138374.7,0.0073,5015404.8
1977,p99.99p99.991,99.99,99.991,8885529.9,0.0011,7511952.300000001
1977,p99.991p99.992,99.991,99.992,9815339.4,0.0012,9350435.4
1977,p99.992p99.993,99.992,99.993,10985345.1,0.0013,10400342.1
1977,p99.993p99.994,99.993,99.994,12504296.7,0.0015,11744822.1
1977,p99.994p99.995,99.994,99.995,14559199.8,0.0017,13531747.8
1977,p99.995p99.996,99.995,99.996,17502098.7,0.0021,16030650.7
1977,p99.996p99.997,99.996,99.997,22087174.7,0.0026,19794637.5
1977,p99.997p99.998,99.997,99.998,30293631.9,0.0036,26190403.8
1977,p99.998p99.999,99.998,99.999,49746435.8,0.0059,40020032.4
1977,p99.999p100,99.999,100.0,1108227813.7,0.1313,578987130.9
1980,p0p1,0.0,1.0,112.3,0.0,0.0
1980,p1p2,1.0,2.0,341.6,0.0,218.6
1980,p2p3,2.0,3.0,577.8000000000001,0.0001,442.7
1980,p3p4,3.0,4.0,821.4000000000001,0.0001,673.8000000000001
1980,p4p5,4.0,5.0,1072.4,0.0001,911.9000000000001
1980,p5p6,5.0,6.0,1331.2,0.0001,1157.4
1980,p6p7,6.0,7.0,1598.1,0.0001,1410.6
1980,p7p8,7.0,8.0,1873.2,0.0002,1671.6
1980,p8p9,8.0,9.0,2157.1,0.0002,1940.8
1980,p9p10,9.0,10.0,2449.8,0.0002,2218.5
1980,p10p11,10.0,11.0,2751.9,0.0003,2504.9
1980,p11p12,11.0,12.0,3063.5,0.0003,2800.4
1980,p12p13,12.0,13.0,3385.2,0.0003,3105.4
1980,p13p14,13.0,14.0,3717.1,0.0003,3420.1
1980,p14p15,14.0,15.0,4059.8,0.0004,3745.0
1980,p15p16,15.0,16.0,4413.6,0.0004,4080.4
1980,p16p17,16.0,17.0,4779.0,0.0004,4426.7
1980,p17p18,17.0,18.0,5156.3,0.0005,4967.700000000001
1980,p18p19,18.0,19.0,5546.200000000001,0.0005,5351.200000000001
1980,p19p20,19.0,20.0,5949.0,0.0005,5747.6
1980,p20p21,20.0,21.0,6365.200000000001,0.0006,6157.1
1980,p21p22,21.0,22.0,6795.5,0.0006,6580.3
1980,p22p23,22.0,23.0,7240.3,0.0007,7017.900000000001
1980,p23p24,23.0,24.0,7700.3,0.0007,7470.3
1980,p24p25,24.0,25.0,8176.1,0.0008,7938.200000000001
1980,p25p26,25.0,26.0,8668.300000000001,0.0008,8422.2
1980,p26p27,26.0,27.0,9177.7,0.0008,8923.0
1980,p27p28,27.0,28.0,9704.9,0.0009,9441.300000000001
1980,p28p29,28.0,29.0,10250.7,0.0009,9977.800000000001
1980,p29p30,29.0,30.0,10816.0,0.001,10533.4
1980,p30p31,30.0,31.0,11401.5,0.0011,11108.8
1980,p31p32,31.0,32.0,12008.2,0.0011,11704.9
1980,p32p33,32.0,33.0,12637.1,0.0012,12322.7
1980,p33p34,33.0,34.0,13289.0,0.0012,12963.0
1980,p34p35,34.0,35.0,13965.1,0.0013,13627.1
1980,p35p36,35.0,36.0,14666.6,0.0014,14315.8
1980,p36p37,36.0,37.0,15394.4,0.0014,15030.5
1980,p37p38,37.0,38.0,16150.1,0.0015,15772.2
1980,p38p39,38.0,39.0,16934.7,0.0016,16542.4
1980,p39p40,39.0,40.0,17749.9,0.0016,17342.3
1980,p40p41,40.0,41.0,18597.0,0.0017,18173.4
1980,p41p42,41.0,42.0,19477.6,0.0018,19037.3
1980,p42p43,42.0,43.0,20393.5,0.0019,19935.6
1980,p43p44,43.0,44.0,21346.5,0.002,20870.0
1980,p44p45,44.0,45.0,22338.4,0.0021,21842.5
1980,p45p46,45.0,46.0,23371.4,0.0022,22854.9
1980,p46p47,46.0,47.0,24447.6,0.0023,23909.5
1980,p47p48,47.0,48.0,25569.3,0.0024,25008.4
1980,p48p49,48.0,49.0,26739.1,0.0025,26154.2
1980,p49p50,49.0,50.0,27959.6,0.0026,27349.4
1980,p50p51,50.0,51.0,29233.8,0.0027,28596.7
1980,p51p52,51.0,52.0,30564.6,0.0028,29899.2
1980,p52p53,52.0,53.0,31955.5,0.0029,31260.0
1980,p53p54,53.0,54.0,33409.9,0.0031,32682.7
1980,p54p55,54.0,55.0,34931.8,0.0032,34170.9
1980,p55p56,55.0,56.0,36525.3,0.0034,35728.6
1980,p56p57,56.0,57.0,38194.9,0.0035,37360.1
1980,p57p58,57.0,58.0,39945.5,0.0037,39070.2
1980,p58p59,58.0,59.0,41782.3,0.0039,40863.9
1980,p59p60,59.0,60.0,43711.10000000001,0.004,42746.7
1980,p60p61,60.0,61.0,45738.10000000001,0.0042,44724.60000000001
1980,p61p62,61.0,62.0,47870.10000000001,0.0044,46804.10000000001
1980,p62p63,62.0,63.0,50114.5,0.0046,48992.3
1980,p63p64,63.0,64.0,52479.4,0.0048,51296.9
1980,p64p65,64.0,65.0,54973.7,0.0051,53726.60000000001
1980,p65p66,65.0,66.0,57607.3,0.0053,56290.5
1980,p66p67,66.0,67.0,60390.9,0.0056,58999.10000000001
1980,p67p68,67.0,68.0,63336.4,0.0058,61863.60000000001
1980,p68p69,68.0,69.0,66456.90000000001,0.0061,64896.60000000001
1980,p69p70,69.0,70.0,69767.2,0.0064,68112.0
1980,p70p71,70.0,71.0,73283.40000000001,0.0068,71525.3
1980,p71p72,71.0,72.0,77023.90000000001,0.0071,75153.7
1980,p72p73,72.0,73.0,81009.0,0.0075,79016.5
1980,p73p74,73.0,74.0,85261.70000000001,0.0079,83135.3
1980,p74p75,74.0,75.0,89807.90000000001,0.0083,87534.8
1980,p75p76,75.0,76.0,94676.90000000001,0.0087,92242.40000000001
1980,p76p77,76.0,77.0,99902.40000000001,0.0092,97289.70000000001
1980,p77p78,77.0,78.0,105522.6,0.0097,102712.5
1980,p78p79,78.0,79.0,111581.8,0.0103,108552.2
1980,p79p80,79.0,80.0,118130.8,0.0109,114856.3
1980,p80p81,80.0,81.0,125229.4,0.0116,121680.1
1980,p81p82,81.0,82.0,132947.2,0.0123,129088.3
1980,p82p83,82.0,83.0,141366.7,0.013,137156.9
1980,p83p84,83.0,84.0,150586.2,0.0139,145976.4
1980,p84p85,84.0,85.0,160724.0,0.0148,155655.1
1980,p85p86,85.0,86.0,171924.1,0.0159,166324.0
1980,p86p87,86.0,87.0,184363.4,0.017,181721.3
1980,p87p88,87.0,88.0,198263.0,0.0183,191313.2
1980,p88p89,88.0,89.0,213903.1,0.0197,198479.0
1980,p89p90,89.0,90.0,231645.9,0.0214,214554.6
1980,p90p91,90.0,91.0,251969.5,0.0232,232885.5
1980,p91p92,91.0,92.0,275522.2,0.0254,254014.2
1980,p92p93,92.0,93.0,303211.7,0.028,278689.9
1980,p93p94,93.0,94.0,336361.6,0.031,307987.1
1980,p94p95,94.0,95.0,377005.5,0.0348,343522.6
1980,p95p96,95.0,96.0,428494.7,0.0395,387889.4
1980,p96p97,96.0,97.0,496932.6,0.0459,445640.4
1980,p97p98,97.0,98.0,595303.5,0.0549,525967.4
1980,p98p99,98.0,99.0,760521.5,0.0702,652898.9
1980,p99p99.1,99.0,99.1,909822.9,0.0084,835172.2000000001
1980,p99.1p99.2,99.1,99.2,949636.7000000001,0.0088,929729.8
1980,p99.2p99.3,99.2,99.3,992891.5,0.0092,971264.1000000001
1980,p99.3p99.4,99.3,99.4,1038968.2,0.0096,1025570.3
1980,p99.4p99.5,99.4,99.5,1086069.1,0.01,1054237.3
1980,p99.5p99.6,99.5,99.6,1130327.5,0.0104,1108198.3
1980,p99.6p99.7,99.6,99.7,1177987.3,0.0109,1154157.4
1980,p99.7p99.8,99.7,99.8,1311852.5,0.0121,1198984.9
1980,p99.8p99.9,99.8,99.9,1694285.1,0.0156,1447608.6
1980,p99.9p99.91,99.9,99.91,2183930.3,0.002,1867558.5
1980,p99.91p99.92,99.91,99.92,2351883.4,0.0022,2184225.8
1980,p99.92p99.93,99.92,99.93,2563624.2,0.0024,2367067.5
1980,p99.93p99.94,99.93,99.94,2838788.8,0.0026,2601537.5
1980,p99.94p99.95,99.94,99.95,3211047.3,0.003,2913304.8
1980,p99.95p99.96,99.95,99.96,3743574.7,0.0035,3349005.3
1980,p99.96p99.97,99.96,99.97,4571167.2,0.0042,4003972.5
1980,p99.97p99.98,99.97,99.98,6045718.4,0.0056,5112572.0
1980,p99.98p99.99,99.98,99.99,9512256.3,0.0088,7491958.5
1980,p99.99p99.991,99.99,99.991,13718409.0,0.0013,11186750.0
1980,p99.991p99.992,99.991,99.992,15133702.0,0.0014,13893763.0
1980,p99.992p99.993,99.992,99.993,16910373.1,0.0016,15430857.0
1980,p99.993p99.994,99.993,99.994,19210703.5,0.0018,17394142.0
1980,p99.994p99.995,99.994,99.995,22312968.6,0.0021,19995768.0
1980,p99.995p99.996,99.995,99.996,26739309.4,0.0025,23621174.0
1980,p99.996p99.997,99.996,99.997,33603822.4,0.0031,29058296.0
1980,p99.997p99.998,99.997,99.998,45814924.2,0.0042,38244176.0
1980,p99.998p99.999,99.998,99.999,74489418.5,0.0069,57932680.0
1980,p99.999p100,99.999,100.0,1254275483.7,0.1157,639868096.0
1981,p0p1,0.0,1.0,169.3,0.0,0.0
1981,p1p2,1.0,2.0,452.9,0.0,299.1
1981,p2p3,2.0,3.0,761.5,0.0001,583.7
1981,p3p4,3.0,4.0,1082.2,0.0001,886.1
1981,p4p5,4.0,5.0,1413.6,0.0001,1199.5
1981,p5p6,5.0,6.0,1755.4,0.0002,1523.1
1981,p6p7,6.0,7.0,2107.8,0.0002,1856.7
1981,p7p8,7.0,8.0,2471.3,0.0002,2200.8
1981,p8p9,8.0,9.0,2846.5,0.0003,2555.8
1981,p9p10,9.0,10.0,3233.5,0.0003,2922.2
1981,p10p11,10.0,11.0,3633.3,0.0003,3300.3
1981,p11p12,11.0,12.0,4045.6,0.0004,3690.7
1981,p12p13,12.0,13.0,4470.6,0.0004,4093.1
1981,p13p14,13.0,14.0,4908.7,0.0004,4507.900000000001
1981,p14p15,14.0,15.0,5360.200000000001,0.0005,4935.5
1981,p15p16,15.0,16.0,5825.8,0.0005,5376.3
1981,p16p17,16.0,17.0,6306.200000000001,0.0006,6066.0
1981,p17p18,17.0,18.0,6801.900000000001,0.0006,6554.1
1981,p18p19,18.0,19.0,7313.3,0.0006,7057.6
1981,p19p20,19.0,20.0,7841.3,0.0007,7577.3
1981,p20p21,20.0,21.0,8386.4,0.0007,8113.900000000001
1981,p21p22,21.0,22.0,8949.2,0.0008,8667.800000000001
1981,p22p23,22.0,23.0,9530.300000000001,0.0008,9239.800000000001
1981,p23p24,23.0,24.0,10130.4,0.0009,9830.400000000001
1981,p24p25,24.0,25.0,10750.4,0.001,10440.4
1981,p25p26,25.0,26.0,11390.8,0.001,11070.6
1981,p26p27,26.0,27.0,12052.2,0.0011,11721.5
1981,p27p28,27.0,28.0,12736.0,0.0011,12394.1
1981,p28p29,28.0,29.0,13442.5,0.0012,13089.3
1981,p29p30,29.0,30.0,14172.4,0.0013,13807.5
1981,p30p31,30.0,31.0,14929.0,0.0013,14550.7
1981,p31p32,31.0,32.0,15710.9,0.0014,15319.9
1981,p32p33,32.0,33.0,16519.8,0.0015,16115.3
1981,p33p34,33.0,34.0,17356.8,0.0015,16938.3
1981,p34p35,34.0,35.0,18223.0,0.0016,17789.9
1981,p35p36,35.0,36.0,19119.7,0.0017,18671.4
1981,p36p37,36.0,37.0,20048.2,0.0018,19583.9
1981,p37p38,37.0,38.0,21009.8,0.0019,20529.0
1981,p38p39,38.0,39.0,22006.1,0.0019,21508.0
1981,p39p40,39.0,40.0,23038.5,0.002,22522.3
1981,p40p41,40.0,41.0,24108.5,0.0021,23573.5
1981,p41p42,41.0,42.0,25218.0,0.0022,24663.2
1981,p42p43,42.0,43.0,26368.7,0.0023,25793.4
1981,p43p44,43.0,44.0,27562.4,0.0024,26965.5
1981,p44p45,44.0,45.0,28801.3,0.0026,28181.8
1981,p45p46,45.0,46.0,30087.7,0.0027,29444.5
1981,p46p47,46.0,47.0,31423.9,0.0028,30755.8
1981,p47p48,47.0,48.0,32812.3,0.0029,32118.1
1981,p48p49,48.0,49.0,34255.1,0.003,33533.7
1981,p49p50,49.0,50.0,35755.0,0.0032,35005.0
1981,p50p51,50.0,51.0,37314.9,0.0033,36534.9
1981,p51p52,51.0,52.0,38937.9,0.0034,38126.4
1981,p52p53,52.0,53.0,40627.60000000001,0.0036,39782.8
1981,p53p54,53.0,54.0,42387.3,0.0038,41507.4
1981,p54p55,54.0,55.0,44221.3,0.0039,43304.3
1981,p55p56,55.0,56.0,46133.5,0.0041,45177.4
1981,p56p57,56.0,57.0,48128.3,0.0043,47130.9
1981,p57p58,57.0,58.0,50207.8,0.0044,49168.0
1981,p58p59,58.0,59.0,52380.3,0.0046,51294.10000000001
1981,p59p60,59.0,60.0,54656.9,0.0048,53518.60000000001
1981,p60p61,60.0,61.0,57033.7,0.0051,55845.3
1981,p61p62,61.0,62.0,59521.0,0.0053,58277.3
1981,p62p63,62.0,63.0,62126.10000000001,0.0055,60823.60000000001
1981,p63p64,63.0,64.0,64856.5,0.0057,63491.3
1981,p64p65,64.0,65.0,67720.6,0.006,66288.5
1981,p65p66,65.0,66.0,70727.3,0.0063,69224.0
1981,p66p67,66.0,67.0,73887.2,0.0065,72307.2
1981,p67p68,67.0,68.0,77211.2,0.0068,75549.2
1981,p68p69,68.0,69.0,80711.20000000001,0.0071,78961.20000000001
1981,p69p70,69.0,70.0,84400.90000000001,0.0075,82556.1
1981,p70p71,70.0,71.0,88296.3,0.0078,86348.6
1981,p71p72,71.0,72.0,92413.5,0.0082,90354.90000000001
1981,p72p73,72.0,73.0,96769.90000000001,0.0086,94591.70000000001
1981,p73p74,73.0,74.0,101386.6,0.009,99078.3
1981,p74p75,74.0,75.0,106285.9,0.0094,103836.3
1981,p75p76,75.0,76.0,111493.7,0.0099,108889.8
1981,p76p77,76.0,77.0,117038.5,0.0104,114266.1
1981,p77p78,77.0,78.0,122952.0,0.0109,119995.2
1981,p78p79,78.0,79.0,129272.8,0.0115,126112.4
1981,p79p80,79.0,80.0,136043.4,0.0121,132658.1
1981,p80p81,80.0,81.0,143311.8,0.0127,139677.6
1981,p81p82,81.0,82.0,151133.3,0.0134,147222.5
1981,p82p83,82.0,83.0,159573.1,0.0141,155353.2
1981,p83p84,83.0,84.0,168707.9,0.0149,164140.5
1981,p84p85,84.0,85.0,178628.5,0.0158,173668.2
1981,p85p86,85.0,86.0,189441.8,0.0168,184035.1
1981,p86p87,86.0,87.0,201277.4,0.0178,195359.6
1981,p87p88,87.0,88.0,214294.2,0.019,207785.8
1981,p88p89,88.0,89.0,228689.9,0.0203,221492.0
1981,p89p90,89.0,90.0,244709.5,0.0217,236699.7
1981,p90p91,90.0,91.0,262665.1,0.0233,258871.8
1981,p91p92,91.0,92.0,282985.0,0.0251,272825.1
1981,p92p93,92.0,93.0,306250.8,0.0271,283199.9
1981,p93p94,93.0,94.0,333293.4,0.0295,307379.3
1981,p94p95,94.0,95.0,365408.1,0.0324,335811.6
1981,p95p96,95.0,96.0,404821.1,0.0359,370189.4
1981,p96p97,96.0,97.0,456265.0,0.0404,413857.3
1981,p97p98,97.0,98.0,534293.7000000001,0.0473,476084.8
1981,p98p99,98.0,99.0,715879.3,0.0634,600861.3
1981,p99p99.1,99.0,99.1,927642.0,0.0082,821760.7000000001
1981,p99.1p99.2,99.1,99.2,984868.2000000001,0.0087,956255.1000000001
1981,p99.2p99.3,99.2,99.3,1050426.9,0.0093,1017647.6
1981,p99.3p99.4,99.3,99.4,1125439.6,0.01,1087933.3
1981,p99.4p99.5,99.4,99.5,1209940.5,0.0107,1167998.0
1981,p99.5p99.6,99.5,99.6,1304523.3,0.0116,1257231.9
1981,p99.6p99.7,99.6,99.7,1424492.1,0.0126,1311626.1
1981,p99.7p99.8,99.7,99.8,1659385.6,0.0147,1482180.9
1981,p99.8p99.9,99.8,99.9,2229121.3,0.0197,1868903.9
1981,p99.9p99.91,99.9,99.91,2914328.2,0.0026,2816093.5
1981,p99.91p99.92,99.91,99.92,3142011.0,0.0028,3028169.6
1981,p99.92p99.93,99.92,99.93,3425915.2,0.003,3156693.3
1981,p99.93p99.94,99.93,99.94,3790775.6,0.0034,3468503.5
1981,p99.94p99.95,99.94,99.95,4277517.9,0.0038,3877803.3
1981,p99.95p99.96,99.95,99.96,4964016.9,0.0044,4441689.5
1981,p99.96p99.97,99.96,99.97,6012044.7,0.0053,5275342.0
1981,p99.97p99.98,99.97,99.98,7836588.2,0.0069,6655964.0
1981,p99.98p99.99,99.98,99.99,11978348.7,0.0106,9523504.0
1981,p99.99p99.991,99.99,99.991,16853971.2,0.0015,13857462.0
1981,p99.991p99.992,99.991,99.992,18459469.5,0.0016,16972434.0
1981,p99.992p99.993,99.992,99.993,20461526.6,0.0018,18706304.0
1981,p99.993p99.994,99.993,99.994,23016144.5,0.002,20896346.0
1981,p99.994p99.995,99.994,99.995,26426918.3,0.0023,23763448.0
1981,p99.995p99.996,99.995,99.996,31225319.0,0.0028,27708962.0
1981,p99.996p99.997,99.996,99.997,38535947.0,0.0034,33528832.0
1981,p99.997p99.998,99.997,99.998,51255065.8,0.0045,43155576.0
1981,p99.998p99.999,99.998,99.999,80015308.8,0.0071,63091496.0
1981,p99.999p100,99.999,100.0,841994661.6,0.0746,443138720.0
1982,p0p1,0.0,1.0,205.8,0.0,0.0
1982,p1p2,1.0,2.0,561.6,0.0,369.3
1982,p2p3,2.0,3.0,945.1,0.0001,725.0
1982,p3p4,3.0,4.0,1343.1,0.0001,1101.1
1982,p4p5,4.0,5.0,1754.1,0.0001,1490.4
1982,p5p6,5.0,6.0,2178.0,0.0002,1892.2
1982,p6p7,6.0,7.0,2614.9,0.0002,2306.4
1982,p7p8,7.0,8.0,3065.6,0.0003,2733.5
1982,p8p9,8.0,9.0,3530.4,0.0003,3174.0
1982,p9p10,9.0,10.0,4009.7,0.0003,3628.3
1982,p10p11,10.0,11.0,4504.6,0.0004,4097.1
1982,p11p12,11.0,12.0,5014.900000000001,0.0004,4580.8
1982,p12p13,12.0,13.0,5540.700000000001,0.0005,5079.400000000001
1982,p13p14,13.0,14.0,6082.5,0.0005,5593.1
1982,p14p15,14.0,15.0,6640.900000000001,0.0006,6122.5
1982,p15p16,15.0,16.0,7216.400000000001,0.0006,6668.1
1982,p16p17,16.0,17.0,7809.900000000001,0.0007,7230.6
1982,p17p18,17.0,18.0,8421.9,0.0007,8115.900000000001
1982,p18p19,18.0,19.0,9053.1,0.0008,8737.5
1982,p19p20,19.0,20.0,9704.300000000001,0.0008,9378.7
1982,p20p21,20.0,21.0,10376.3,0.0009,10040.3
1982,p21p22,21.0,22.0,11069.5,0.0009,10722.9
1982,p22p23,22.0,23.0,11784.8,0.001,11427.1
1982,p23p24,23.0,24.0,12522.9,0.0011,12153.9
1982,p24p25,24.0,25.0,13284.8,0.0011,12903.9
1982,p25p26,25.0,26.0,14071.3,0.0012,13678.0
1982,p26p27,26.0,27.0,14882.8,0.0013,14477.0
1982,p27p28,27.0,28.0,15721.0,0.0013,15301.9
1982,p28p29,28.0,29.0,16586.2,0.0014,16153.6
1982,p29p30,29.0,30.0,17479.3,0.0015,17032.8
1982,p30p31,30.0,31.0,18403.7,0.0016,17941.5
1982,p31p32,31.0,32.0,19358.0,0.0016,18880.8
1982,p32p33,32.0,33.0,20344.1,0.0017,19851.1
1982,p33p34,33.0,34.0,21363.2,0.0018,20853.7
1982,p34p35,34.0,35.0,22416.6,0.0019,21889.9
1982,p35p36,35.0,36.0,23505.4,0.002,22961.0
1982,p36p37,36.0,37.0,24631.4,0.0021,24068.4
1982,p37p38,37.0,38.0,25795.8,0.0022,25213.6
1982,p38p39,38.0,39.0,27000.2,0.0023,26398.0
1982,p39p40,39.0,40.0,28246.4,0.0024,27623.3
1982,p40p41,40.0,41.0,29535.7,0.0025,28891.0
1982,p41p42,41.0,42.0,30870.3,0.0026,30203.0
1982,p42p43,42.0,43.0,32251.9,0.0027,31561.1
1982,p43p44,43.0,44.0,33682.4,0.0029,32967.1
1982,p44p45,44.0,45.0,35164.1,0.003,34423.2
1982,p45p46,45.0,46.0,36699.3,0.0031,35931.7
1982,p46p47,46.0,47.0,38290.6,0.0033,37495.0
1982,p47p48,47.0,48.0,39940.2,0.0034,39115.4
1982,p48p49,48.0,49.0,41650.4,0.0035,40795.3
1982,p49p50,49.0,50.0,43424.0,0.0037,42537.2
1982,p50p51,50.0,51.0,45263.8,0.0039,44343.9
1982,p51p52,51.0,52.0,47172.9,0.004,46218.3
1982,p52p53,52.0,53.0,49154.9,0.0042,48163.9
1982,p53p54,53.0,54.0,51213.0,0.0044,50183.9
1982,p54p55,54.0,55.0,53351.4,0.0045,52282.2
1982,p55p56,55.0,56.0,55573.9,0.0047,54462.7
1982,p56p57,56.0,57.0,57884.60000000001,0.0049,56729.3
1982,p57p58,57.0,58.0,60285.5,0.0051,59085.10000000001
1982,p58p59,58.0,59.0,62784.4,0.0053,61534.9
1982,p59p60,59.0,60.0,65392.7,0.0056,64088.5
1982,p60p61,60.0,61.0,68105.1,0.0058,66748.90000000001
1982,p61p62,61.0,62.0,70932.0,0.006,69518.5
1982,p62p63,62.0,63.0,73879.8,0.0063,72405.90000000001
1982,p63p64,63.0,64.0,76955.2,0.0065,75417.5
1982,p64p65,64.0,65.0,80165.90000000001,0.0068,78560.6
1982,p65p66,65.0,66.0,83519.5,0.0071,81842.70000000001
1982,p66p67,66.0,67.0,87025.40000000001,0.0074,85272.5
1982,p67p68,67.0,68.0,90693.20000000001,0.0077,88859.3
1982,p68p69,68.0,69.0,94532.6,0.008,92612.90000000001
1982,p69p70,69.0,70.0,98555.5,0.0084,96544.0
1982,p70p71,70.0,71.0,102775.4,0.0087,100665.5
1982,p71p72,71.0,72.0,107205.5,0.0091,104990.5
1982,p72p73,72.0,73.0,111859.7,0.0095,109532.6
1982,p73p74,73.0,74.0,116755.0,0.0099,114307.4
1982,p74p75,74.0,75.0,121909.0,0.0104,119332.0
1982,p75p76,75.0,76.0,127341.8,0.0108,124625.4
1982,p76p77,76.0,77.0,133074.9,0.0113,130208.4
1982,p77p78,77.0,78.0,139132.1,0.0118,136103.5
1982,p78p79,78.0,79.0,145542.1,0.0124,142337.1
1982,p79p80,79.0,80.0,152335.9,0.013,148939.0
1982,p80p81,80.0,81.0,159547.1,0.0136,155941.5
1982,p81p82,81.0,82.0,167213.7,0.0142,163380.4
1982,p82p83,82.0,83.0,175380.1,0.0149,171296.9
1982,p83p84,83.0,84.0,184096.7,0.0157,179738.4
1982,p84p85,84.0,85.0,193422.3,0.0165,188759.5
1982,p85p86,85.0,86.0,203423.4,0.0173,198422.8
1982,p86p87,86.0,87.0,214178.6,0.0182,208801.0
1982,p87p88,87.0,88.0,225781.3,0.0192,219979.9
1982,p88p89,88.0,89.0,238344.5,0.0203,232062.9
1982,p89p90,89.0,90.0,252001.3,0.0214,245172.9
1982,p90p91,90.0,91.0,266913.3,0.0227,259457.3
1982,p91p92,91.0,92.0,283303.4,0.0241,275108.4
1982,p92p93,92.0,93.0,301465.1,0.0256,292384.3
1982,p93p94,93.0,94.0,321816.2,0.0274,316874.8
1982,p94p95,94.0,95.0,345049.5,0.0294,333432.9
1982,p95p96,95.0,96.0,372528.8,0.0317,345299.0
1982,p96p97,96.0,97.0,407983.5,0.0347,375582.9
1982,p97p98,97.0,98.0,467066.2,0.0397,421074.3
1982,p98p99,98.0,99.0,657033.1000000001,0.0559,540917.2000000001
1982,p99p99.1,99.0,99.1,922610.2000000001,0.0078,760125.2000000001
1982,p99.1p99.2,99.1,99.2,996382.9,0.0085,923420.4
1982,p99.2p99.3,99.2,99.3,1084097.6,0.0092,1001128.2
1982,p99.3p99.4,99.3,99.4,1189293.9,0.0101,1093957.1
1982,p99.4p99.5,99.4,99.5,1314989.7,0.0112,1205062.5
1982,p99.5p99.6,99.5,99.6,1468749.8,0.0125,1339536.9
1982,p99.6p99.7,99.6,99.7,1680411.2,0.0143,1515377.8
1982,p99.7p99.8,99.7,99.8,2047576.2,0.0174,1793909.4
1982,p99.8p99.9,99.8,99.9,2861116.6,0.0243,2362065.5
1982,p99.9p99.91,99.9,99.91,3794134.2,0.0032,3202510.3
1982,p99.91p99.92,99.91,99.92,4095230.9,0.0035,3796366.3
1982,p99.92p99.93,99.92,99.93,4466705.3,0.0038,4120007.8
1982,p99.93p99.94,99.93,99.94,4938550.4,0.0042,4525813.5
1982,p99.94p99.95,99.94,99.95,5559759.5,0.0047,5051792.0
1982,p99.95p99.96,99.95,99.96,6422594.2,0.0055,5765915.0
1982,p99.96p99.97,99.96,99.97,7715524.100000001,0.0066,6803269.5
1982,p99.97p99.98,99.97,99.98,9912430.9,0.0084,8482580.0
1982,p99.98p99.99,99.98,99.99,14720161.8,0.0125,11853216.0
1982,p99.99p99.991,99.99,99.991,20208237.8,0.0017,16807564.0
1982,p99.991p99.992,99.991,99.992,21974714.6,0.0019,20298458.0
1982,p99.992p99.993,99.992,99.993,24157786.9,0.0021,22198982.0
1982,p99.993p99.994,99.993,99.994,26913415.3,0.0023,24575488.0
1982,p99.994p99.995,99.994,99.995,30548918.3,0.0026,27650902.0
1982,p99.995p99.996,99.995,99.996,35590276.6,0.003,31826212.0
1982,p99.996p99.997,99.996,99.997,43134759.7,0.0037,37882528.0
1982,p99.997p99.998,99.997,99.998,55954145.3,0.0048,47681628.0
1982,p99.998p99.999,99.998,99.999,83904163.4,0.0071,67299888.0
1982,p99.999p100,99.999,100.0,552139166.6,0.047,306064352.0
1983,p0p1,0.0,1.0,217.4,0.0,0.0
1983,p1p2,1.0,2.0,661.0,0.0001,421.4
1983,p2p3,2.0,3.0,1118.2,0.0001,853.5
1983,p3p4,3.0,4.0,1589.2,0.0001,1298.8
1983,p4p5,4.0,5.0,2074.7,0.0002,1757.7
1983,p5p6,5.0,6.0,2574.9,0.0002,2230.6
1983,p6p7,6.0,7.0,3090.5,0.0003,2717.9
1983,p7p8,7.0,8.0,3621.8,0.0003,3220.1
1983,p8p9,8.0,9.0,4169.400000000001,0.0003,3737.7
1983,p9p10,9.0,10.0,4733.7,0.0004,4271.1
1983,p10p11,10.0,11.0,5315.400000000001,0.0004,4820.900000000001
1983,p11p12,11.0,12.0,5915.0,0.0005,5387.6
1983,p12p13,12.0,13.0,6533.0,0.0005,5971.700000000001
1983,p13p14,13.0,14.0,7170.1,0.0006,6573.8
1983,p14p15,14.0,15.0,7826.900000000001,0.0006,7194.5
1983,p15p16,15.0,16.0,8504.0,0.0007,8165.400000000001
1983,p16p17,16.0,17.0,9202.1,0.0008,8853.0
1983,p17p18,17.0,18.0,9921.900000000001,0.0008,9562.0
1983,p18p19,18.0,19.0,10664.1,0.0009,10293.0
1983,p19p20,19.0,20.0,11429.5,0.0009,11046.8
1983,p20p21,20.0,21.0,12218.8,0.001,11824.1
1983,p21p22,21.0,22.0,13032.9,0.0011,12625.9
1983,p22p23,22.0,23.0,13872.7,0.0011,13452.8
1983,p23p24,23.0,24.0,14738.9,0.0012,14305.8
1983,p24p25,24.0,25.0,15632.5,0.0013,15185.7
1983,p25p26,25.0,26.0,16554.5,0.0014,16093.5
1983,p26p27,26.0,27.0,17505.8,0.0014,17030.2
1983,p27p28,27.0,28.0,18487.6,0.0015,17996.7
1983,p28p29,28.0,29.0,19500.8,0.0016,18994.2
1983,p29p30,29.0,30.0,20546.6,0.0017,20023.7
1983,p30p31,30.0,31.0,21626.1,0.0018,21086.3
1983,p31p32,31.0,32.0,22740.6,0.0019,22183.3
1983,p32p33,32.0,33.0,23891.3,0.002,23316.0
1983,p33p34,33.0,34.0,25079.7,0.0021,24485.5
1983,p34p35,34.0,35.0,26306.9,0.0022,25693.3
1983,p35p36,35.0,36.0,27574.6,0.0023,26940.8
1983,p36p37,36.0,37.0,28884.2,0.0024,28229.4
1983,p37p38,37.0,38.0,30237.3,0.0025,29560.7
1983,p38p39,38.0,39.0,31635.5,0.0026,30936.4
1983,p39p40,39.0,40.0,33080.5,0.0027,32358.0
1983,p40p41,40.0,41.0,34574.2,0.0028,33827.4
1983,p41p42,41.0,42.0,36118.5,0.003,35346.4
1983,p42p43,42.0,43.0,37715.3,0.0031,36916.9
1983,p43p44,43.0,44.0,39366.8,0.0032,38541.0
1983,p44p45,44.0,45.0,41074.9,0.0034,40220.8
1983,p45p46,45.0,46.0,42842.2,0.0035,41958.5
1983,p46p47,46.0,47.0,44670.8,0.0037,43756.5
1983,p47p48,47.0,48.0,46563.4,0.0038,45617.10000000001
1983,p48p49,48.0,49.0,48522.60000000001,0.004,47543.0
1983,p49p50,49.0,50.0,50551.0,0.0041,49536.8
1983,p50p51,50.0,51.0,52651.7,0.0043,51601.4
1983,p51p52,51.0,52.0,54827.7,0.0045,53739.7
1983,p52p53,52.0,53.0,57082.10000000001,0.0047,55954.9
1983,p53p54,53.0,54.0,59418.4,0.0049,58250.3
1983,p54p55,54.0,55.0,61840.10000000001,0.0051,60629.3
1983,p55p56,55.0,56.0,64351.0,0.0053,63095.60000000001
1983,p56p57,56.0,57.0,66955.0,0.0055,65653.0
1983,p57p58,57.0,58.0,69656.3,0.0057,68305.7
1983,p58p59,58.0,59.0,72459.3,0.0059,71057.8
1983,p59p60,59.0,60.0,75368.6,0.0062,73913.90000000001
1983,p60p61,60.0,61.0,78389.1,0.0064,76878.8
1983,p61p62,61.0,62.0,81526.1,0.0067,79957.6
1983,p62p63,62.0,63.0,84785.1,0.007,83155.6
1983,p63p64,63.0,64.0,88171.90000000001,0.0072,86478.5
1983,p64p65,64.0,65.0,91692.70000000001,0.0075,89932.3
1983,p65p66,65.0,66.0,95354.1,0.0078,93523.40000000001
1983,p66p67,66.0,67.0,99163.0,0.0081,97258.5
1983,p67p68,67.0,68.0,103126.9,0.0085,101144.9
1983,p68p69,68.0,69.0,107253.6,0.0088,105190.2
1983,p69p70,69.0,70.0,111551.6,0.0091,109402.6
1983,p70p71,70.0,71.0,116029.8,0.0095,113790.7
1983,p71p72,71.0,72.0,120697.8,0.0099,118363.8
1983,p72p73,72.0,73.0,125565.9,0.0103,123131.8
1983,p73p74,73.0,74.0,130644.8,0.0107,128105.3
1983,p74p75,74.0,75.0,135946.4,0.0112,133295.6
1983,p75p76,75.0,76.0,141483.2,0.0116,138714.8
1983,p76p77,76.0,77.0,147268.7,0.0121,144375.9
1983,p77p78,77.0,78.0,153317.2,0.0126,150292.9
1983,p78p79,78.0,79.0,159644.3,0.0131,156480.7
1983,p79p80,79.0,80.0,166266.7,0.0136,162955.5
1983,p80p81,80.0,81.0,173202.6,0.0142,169734.7
1983,p81p82,81.0,82.0,180471.2,0.0148,176836.9
1983,p82p83,82.0,83.0,188093.6,0.0154,184282.4
1983,p83p84,83.0,84.0,196092.4,0.0161,192093.0
1983,p84p85,84.0,85.0,204492.2,0.0168,200292.3
1983,p85p86,85.0,86.0,213319.2,0.0175,208905.7
1983,p86p87,86.0,87.0,222602.0,0.0183,217960.6
1983,p87p88,87.0,88.0,232371.3,0.0191,227486.6
1983,p88p89,88.0,89.0,242660.3,0.0199,237515.8
1983,p89p90,89.0,90.0,253504.8,0.0208,248082.5
1983,p90p91,90.0,91.0,264944.6,0.0217,259224.7
1983,p91p92,91.0,92.0,277025.7,0.0227,270985.1
1983,p92p93,92.0,93.0,289809.3,0.0238,283417.5
1983,p93p94,93.0,94.0,303400.0,0.0249,296604.6
1983,p94p95,94.0,95.0,318043.9,0.0261,310721.9
1983,p95p96,95.0,96.0,334510.3,0.0274,327240.1
1983,p96p97,96.0,97.0,355855.7,0.0292,345183.0
1983,p97p98,97.0,98.0,398292.0,0.0327,361789.5
1983,p98p99,98.0,99.0,589132.8,0.0483,473700.1
1983,p99p99.1,99.0,99.1,896965.2000000001,0.0074,712930.0
1983,p99.1p99.2,99.1,99.2,985389.2000000001,0.0081,903027.3
1983,p99.2p99.3,99.2,99.3,1093743.2,0.009,997428.1000000001
1983,p99.3p99.4,99.3,99.4,1228595.7,0.0101,1114102.3
1983,p99.4p99.5,99.4,99.5,1397136.3,0.0115,1259650.0
1983,p99.5p99.6,99.5,99.6,1616593.5,0.0133,1445785.1
1983,p99.6p99.7,99.6,99.7,1937861.3,0.0159,1705188.8
1983,p99.7p99.8,99.7,99.8,2469940.1,0.0203,2114567.3
1983,p99.8p99.9,99.8,99.9,3590170.8,0.0294,2907234.3
1983,p99.9p99.91,99.9,99.91,4829246.5,0.004,4646316.8
1983,p99.91p99.92,99.91,99.92,5218481.9,0.0043,5023864.2
1983,p99.92p99.93,99.92,99.93,5693782.7,0.0047,5234971.5
1983,p99.93p99.94,99.93,99.94,6290136.800000001,0.0052,5749080.0
1983,p99.94p99.95,99.94,99.95,7065615.100000001,0.0058,6407193.0
1983,p99.95p99.96,99.95,99.96,8125071.2,0.0067,7287471.0
1983,p99.96p99.97,99.96,99.97,9681980.3,0.0079,8542627.0
1983,p99.97p99.98,99.97,99.98,12260641.0,0.0101,10526596.0
1983,p99.98p99.99,99.98,99.99,17690306.4,0.0145,14368453.0
1983,p99.99p99.991,99.99,99.991,23696650.6,0.0019,22798368.5
1983,p99.991p99.992,99.991,99.992,25583607.3,0.0021,24640128.9
1983,p99.992p99.993,99.992,99.993,27887876.1,0.0023,25652028.0
1983,p99.993p99.994,99.993,99.994,30779133.7,0.0025,28144492.0
1983,p99.994p99.995,99.994,99.995,34538996.8,0.0028,31335254.0
1983,p99.995p99.996,99.995,99.996,39676003.2,0.0033,35603372.0
1983,p99.996p99.997,99.996,99.997,47225540.2,0.0039,41689524.0
1983,p99.997p99.998,99.997,99.998,59730763.0,0.0049,51310448.0
1983,p99.998p99.999,99.998,99.999,86065646.2,0.0071,69943328.0
1983,p99.999p100,99.999,100.0,354415656.5,0.0291,211313360.0
1984,p0p1,0.0,1.0,244.6,0.0,0.0
1984,p1p2,1.0,2.0,701.8000000000001,0.0001,452.1
1984,p2p3,2.0,3.0,1184.0,0.0001,900.8000000000001
1984,p3p4,3.0,4.0,1682.8,0.0001,1369.5
1984,p4p5,4.0,5.0,2197.4,0.0002,1853.6
1984,p5p6,5.0,6.0,2727.9,0.0002,2352.8
1984,p6p7,6.0,7.0,3274.6,0.0003,2867.3
1984,p7p8,7.0,8.0,3838.2,0.0003,3397.7
1984,p8p9,8.0,9.0,4419.2,0.0003,3944.5
1984,p9p10,9.0,10.0,5018.3,0.0004,4508.2
1984,p10p11,10.0,11.0,5636.200000000001,0.0004,5089.5
1984,p11p12,11.0,12.0,6273.1,0.0005,5688.900000000001
1984,p12p13,12.0,13.0,6929.400000000001,0.0005,6306.700000000001
1984,p13p14,13.0,14.0,7605.700000000001,0.0006,7267.6
1984,p14p15,14.0,15.0,8302.800000000001,0.0006,7954.3
1984,p15p16,15.0,16.0,9021.2,0.0007,8662.0
1984,p16p17,16.0,17.0,9761.800000000001,0.0008,9391.5
1984,p17p18,17.0,18.0,10525.4,0.0008,10143.6
1984,p18p19,18.0,19.0,11312.8,0.0009,10919.1
1984,p19p20,19.0,20.0,12124.7,0.0009,11718.7
1984,p20p21,20.0,21.0,12962.1,0.001,12543.4
1984,p21p22,21.0,22.0,13825.7,0.0011,13393.9
1984,p22p23,22.0,23.0,14716.5,0.0011,14271.1
1984,p23p24,23.0,24.0,15635.3,0.0012,15175.9
1984,p24p25,24.0,25.0,16583.2,0.0013,16109.3
1984,p25p26,25.0,26.0,17561.2,0.0014,17072.2
1984,p26p27,26.0,27.0,18570.1,0.0014,18065.7
1984,p27p28,27.0,28.0,19611.4,0.0015,19090.7
1984,p28p29,28.0,29.0,20685.8,0.0016,20148.6
1984,p29p30,29.0,30.0,21794.4,0.0017,21240.1
1984,p30p31,30.0,31.0,22940.1,0.0018,22367.2
1984,p31p32,31.0,32.0,24122.4,0.0019,23531.2
1984,p32p33,32.0,33.0,25343.2,0.002,24732.8
1984,p33p34,33.0,34.0,26604.0,0.0021,25973.6
1984,p34p35,34.0,35.0,27906.0,0.0022,27255.0
1984,p35p36,35.0,36.0,29250.9,0.0023,28578.5
1984,p36p37,36.0,37.0,30640.4,0.0024,29945.6
1984,p37p38,37.0,38.0,32076.0,0.0025,31358.2
1984,p38p39,38.0,39.0,33559.5,0.0026,32817.7
1984,p39p40,39.0,40.0,35092.8,0.0027,34326.2
1984,p40p41,40.0,41.0,36677.8,0.0029,35885.3
1984,p41p42,41.0,42.0,38316.5,0.003,37497.1
1984,p42p43,42.0,43.0,40011.0,0.0031,39163.7
1984,p43p44,43.0,44.0,41763.4,0.0033,40887.2
1984,p44p45,44.0,45.0,43576.10000000001,0.0034,42669.8
1984,p45p46,45.0,46.0,45451.8,0.0035,44514.0
1984,p46p47,46.0,47.0,47393.0,0.0037,46422.4
1984,p47p48,47.0,48.0,49402.4,0.0038,48397.7
1984,p48p49,48.0,49.0,51482.3,0.004,50442.3
1984,p49p50,49.0,50.0,53635.9,0.0042,52559.10000000001
1984,p50p51,50.0,51.0,55866.10000000001,0.0043,54751.0
1984,p51p52,51.0,52.0,58176.2,0.0045,57021.10000000001
1984,p52p53,52.0,53.0,60569.7,0.0047,59372.9
1984,p53p54,53.0,54.0,63050.2,0.0049,61810.0
1984,p54p55,54.0,55.0,65621.7,0.0051,64336.0
1984,p55p56,55.0,56.0,68288.1,0.0053,66954.90000000001
1984,p56p57,56.0,57.0,71053.5,0.0055,69670.8
1984,p57p58,57.0,58.0,73920.5,0.0058,72487.0
1984,p58p59,58.0,59.0,76895.90000000001,0.006,75408.2
1984,p59p60,59.0,60.0,79989.0,0.0062,78442.5
1984,p60p61,60.0,61.0,83197.5,0.0065,81593.3
1984,p61p62,61.0,62.0,86529.90000000001,0.0067,84863.70000000001
1984,p62p63,62.0,63.0,89992.20000000001,0.007,88261.1
1984,p63p64,63.0,64.0,93590.20000000001,0.0073,91791.20000000001
1984,p64p65,64.0,65.0,97330.70000000001,0.0076,95460.5
1984,p65p66,65.0,66.0,101220.4,0.0079,99275.6
1984,p66p67,66.0,67.0,105267.1,0.0082,103243.8
1984,p67p68,67.0,68.0,109478.7,0.0085,107372.9
1984,p68p69,68.0,69.0,113863.0,0.0089,111670.8
1984,p69p70,69.0,70.0,118429.6,0.0092,116146.3
1984,p70p71,70.0,71.0,123188.6,0.0096,120809.1
1984,p71p72,71.0,72.0,128150.1,0.01,125669.4
1984,p72p73,72.0,73.0,133324.3,0.0104,130737.2
1984,p73p74,73.0,74.0,138723.2,0.0108,136023.7
1984,p74p75,74.0,75.0,144359.1,0.0112,141541.1
1984,p75p76,75.0,76.0,150245.5,0.0117,147302.3
1984,p76p77,76.0,77.0,156396.6,0.0122,153321.1
1984,p77p78,77.0,78.0,162827.1,0.0127,159611.8
1984,p78p79,78.0,79.0,169554.8,0.0132,166191.0
1984,p79p80,79.0,80.0,176598.0,0.0137,173076.4
1984,p80p81,80.0,81.0,183975.5,0.0143,180286.8
1984,p81p82,81.0,82.0,191707.6,0.0149,187841.6
1984,p82p83,82.0,83.0,199817.2,0.0156,195762.4
1984,p83p84,83.0,84.0,208328.9,0.0162,204073.1
1984,p84p85,84.0,85.0,217269.8,0.0169,212799.3
1984,p85p86,85.0,86.0,226668.1,0.0176,221969.0
1984,p86p87,86.0,87.0,236555.2,0.0184,231611.6
1984,p87p88,87.0,88.0,246964.8,0.0192,241760.0
1984,p88p89,88.0,89.0,257934.9,0.0201,252449.9
1984,p89p90,89.0,90.0,269503.2,0.021,263719.0
1984,p90p91,90.0,91.0,281709.1,0.0219,275606.1
1984,p91p92,91.0,92.0,294607.8,0.0229,288158.4
1984,p92p93,92.0,93.0,308267.9,0.024,301437.9
1984,p93p94,93.0,94.0,322797.7,0.0251,315532.8
1984,p94p95,94.0,95.0,338451.6,0.0263,330624.6
1984,p95p96,95.0,96.0,355986.8,0.0277,346706.3
1984,p96p97,96.0,97.0,378394.9,0.0294,367190.8
1984,p97p98,97.0,98.0,421525.2,0.0328,382114.7
1984,p98p99,98.0,99.0,610328.3,0.0475,492907.2
1984,p99p99.1,99.0,99.1,914417.1000000001,0.0071,728357.3
1984,p99.1p99.2,99.1,99.2,1002607.0,0.0078,915745.3
1984,p99.2p99.3,99.2,99.3,1110941.5,0.0086,1009623.3
1984,p99.3p99.4,99.3,99.4,1246198.8,0.0097,1125984.9
1984,p99.4p99.5,99.4,99.5,1415864.5,0.011,1271643.9
1984,p99.5p99.6,99.5,99.6,1635610.2,0.0127,1457662.3
1984,p99.6p99.7,99.6,99.7,1957497.1,0.0152,1716395.4
1984,p99.7p99.8,99.7,99.8,2493156.9,0.0194,2126037.8
1984,p99.8p99.9,99.8,99.9,3629077.3,0.0282,2924536.5
1984,p99.9p99.91,99.9,99.91,4893265.3,0.0038,4261171.3
1984,p99.91p99.92,99.91,99.92,5292213.100000001,0.0041,5092144.300000001
1984,p99.92p99.93,99.92,99.93,5780213.600000001,0.0045,5536213.300000001
1984,p99.93p99.94,99.93,99.94,6393966.600000001,0.005,5815497.0
1984,p99.94p99.95,99.94,99.95,7193398.2,0.0056,6490562.5
1984,p99.95p99.96,99.95,99.96,8289079.4,0.0065,7395841.5
1984,p99.96p99.97,99.96,99.97,9904798.6,0.0077,8691053.0
1984,p99.97p99.98,99.97,99.98,12593184.4,0.0098,10747086.0
1984,p99.98p99.99,99.98,99.99,18293991.6,0.0142,14754528.0
1984,p99.99p99.991,99.99,99.991,24637743.8,0.0019,21465867.7
1984,p99.991p99.992,99.991,99.992,26639843.1,0.0021,25634149.5
1984,p99.992p99.993,99.992,99.993,29093261.5,0.0023,27866552.3
1984,p99.993p99.994,99.993,99.994,32167942.4,0.0025,29263930.0
1984,p99.994p99.995,99.994,99.995,36181314.4,0.0028,32649830.0
1984,p99.995p99.996,99.995,99.996,41680481.7,0.0032,37193884.0
1984,p99.996p99.997,99.996,99.997,49789850.5,0.0039,43694564.0
1984,p99.997p99.998,99.997,99.998,63297018.8,0.0049,54020588.0
1984,p99.998p99.999,99.998,99.999,91901550.4,0.0072,74136968.0
1984,p99.999p100,99.999,100.0,400228176.8,0.0311,235085968.0
1985,p0p1,0.0,1.0,269.5,0.0,0.0
1985,p1p2,1.0,2.0,734.4000000000001,0.0001,479.3
1985,p2p3,2.0,3.0,1236.2,0.0001,940.7
1985,p3p4,3.0,4.0,1756.9,0.0001,1428.8
1985,p4p5,4.0,5.0,2294.7,0.0002,1934.2
1985,p5p6,5.0,6.0,2849.3,0.0002,2455.7
1985,p6p7,6.0,7.0,3420.8,0.0003,2993.2
1985,p7p8,7.0,8.0,4010.1,0.0003,3547.4
1985,p8p9,8.0,9.0,4618.0,0.0003,4118.900000000001
1985,p9p10,9.0,10.0,5244.8,0.0004,4708.3
1985,p10p11,10.0,11.0,5891.8,0.0004,5316.400000000001
1985,p11p12,11.0,12.0,6558.8,0.0005,5943.700000000001
1985,p12p13,12.0,13.0,7245.900000000001,0.0005,6590.1
1985,p13p14,13.0,14.0,7953.700000000001,0.0006,7599.8
1985,p14p15,14.0,15.0,8682.9,0.0007,8318.300000000001
1985,p15p16,15.0,16.0,9434.300000000001,0.0007,9058.6
1985,p16p17,16.0,17.0,10209.0,0.0008,9821.7
1985,p17p18,17.0,18.0,11007.6,0.0008,10608.3
1985,p18p19,18.0,19.0,11831.0,0.0009,11419.3
1985,p19p20,19.0,20.0,12680.1,0.0009,12255.5
1985,p20p21,20.0,21.0,13555.9,0.001,13118.0
1985,p21p22,21.0,22.0,14459.1,0.0011,14007.5
1985,p22p23,22.0,23.0,15390.6,0.0012,14924.8
1985,p23p24,23.0,24.0,16351.5,0.0012,15871.1
1985,p24p25,24.0,25.0,17342.8,0.0013,16847.1
1985,p25p26,25.0,26.0,18365.5,0.0014,17854.1
1985,p26p27,26.0,27.0,19420.3,0.0015,18892.9
1985,p27p28,27.0,28.0,20509.0,0.0015,19964.7
1985,p28p29,28.0,29.0,21632.4,0.0016,21070.7
1985,p29p30,29.0,30.0,22791.0,0.0017,22211.7
1985,p30p31,30.0,31.0,23989.6,0.0018,23390.3
1985,p31p32,31.0,32.0,25226.2,0.0019,24607.9
1985,p32p33,32.0,33.0,26503.0,0.002,25864.6
1985,p33p34,33.0,34.0,27821.7,0.0021,27162.3
1985,p34p35,34.0,35.0,29183.5,0.0022,28502.6
1985,p35p36,35.0,36.0,30590.1,0.0023,29886.8
1985,p36p37,36.0,37.0,32043.5,0.0024,31316.8
1985,p37p38,37.0,38.0,33545.1,0.0025,32794.3
1985,p38p39,38.0,39.0,35096.9,0.0026,34321.0
1985,p39p40,39.0,40.0,36700.9,0.0027,35898.9
1985,p40p41,40.0,41.0,38358.8,0.0029,37529.9
1985,p41p42,41.0,42.0,40073.10000000001,0.003,39216.0
1985,p42p43,42.0,43.0,41845.9,0.0031,40959.5
1985,p43p44,43.0,44.0,43679.10000000001,0.0033,42762.5
1985,p44p45,44.0,45.0,45575.7,0.0034,44627.4
1985,p45p46,45.0,46.0,47538.4,0.0036,46557.0
1985,p46p47,46.0,47.0,49569.9,0.0037,48554.10000000001
1985,p47p48,47.0,48.0,51672.9,0.0039,50621.4
1985,p48p49,48.0,49.0,53849.9,0.004,52761.4
1985,p49p50,49.0,50.0,56103.8,0.0042,54976.9
1985,p50p51,50.0,51.0,58438.0,0.0044,57270.9
1985,p51p52,51.0,52.0,60855.9,0.0046,59647.0
1985,p52p53,52.0,53.0,63361.2,0.0047,62108.5
1985,p53p54,53.0,54.0,65957.5,0.0049,64659.3
1985,p54p55,54.0,55.0,68649.5,0.0051,67303.5
1985,p55p56,55.0,56.0,71440.8,0.0053,70045.2
1985,p56p57,56.0,57.0,74336.1,0.0056,72888.5
1985,p57p58,57.0,58.0,77336.0,0.0058,75836.0
1985,p58p59,58.0,59.0,80449.90000000001,0.006,78893.0
1985,p59p60,59.0,60.0,83691.8,0.0063,82070.90000000001
1985,p60p61,60.0,61.0,87051.70000000001,0.0065,85371.8
1985,p61p62,61.0,62.0,90541.6,0.0068,88796.70000000001
1985,p62p63,62.0,63.0,94167.70000000001,0.0071,92354.70000000001
1985,p63p64,63.0,64.0,97936.1,0.0073,96051.90000000001
1985,p64p65,64.0,65.0,101853.9,0.0076,99895.0
1985,p65p66,65.0,66.0,105927.7,0.0079,103890.8
1985,p66p67,66.0,67.0,110166.3,0.0082,108047.0
1985,p67p68,67.0,68.0,114577.7,0.0086,112372.0
1985,p68p69,68.0,69.0,119170.1,0.0089,116873.9
1985,p69p70,69.0,70.0,123953.5,0.0093,121561.8
1985,p70p71,70.0,71.0,128939.5,0.0097,126446.5
1985,p71p72,71.0,72.0,134138.3,0.01,131538.9
1985,p72p73,72.0,73.0,139560.2,0.0104,136849.3
1985,p73p74,73.0,74.0,145218.2,0.0109,142389.2
1985,p74p75,74.0,75.0,151124.9,0.0113,148171.5
1985,p75p76,75.0,76.0,157294.6,0.0118,154209.8
1985,p76p77,76.0,77.0,163742.1,0.0123,160518.4
1985,p77p78,77.0,78.0,170482.3,0.0128,167112.2
1985,p78p79,78.0,79.0,177535.1,0.0133,174008.7
1985,p79p80,79.0,80.0,184920.0,0.0138,181227.6
1985,p80p81,80.0,81.0,192656.5,0.0144,188788.3
1985,p81p82,81.0,82.0,200765.7,0.015,196711.1
1985,p82p83,82.0,83.0,209271.9,0.0157,205018.8
1985,p83p84,83.0,84.0,218201.6,0.0163,213736.8
1985,p84p85,84.0,85.0,227584.3,0.017,222893.0
1985,p85p86,85.0,86.0,237449.8,0.0178,232517.1
1985,p86p87,86.0,87.0,247831.8,0.0186,242640.8
1985,p87p88,87.0,88.0,258767.3,0.0194,253299.5
1985,p88p89,88.0,89.0,270298.3,0.0202,264532.8
1985,p89p90,89.0,90.0,282464.4,0.0211,276381.4
1985,p90p91,90.0,91.0,295304.0,0.0221,288884.2
1985,p91p92,91.0,92.0,308881.6,0.0231,302092.8
1985,p92p93,92.0,93.0,323272.3,0.0242,316077.0
1985,p93p94,93.0,94.0,338587.2,0.0253,330929.8
1985,p94p95,94.0,95.0,355084.7,0.0266,346836.0
1985,p95p96,95.0,96.0,373495.5,0.028,363371.6
1985,p96p97,96.0,97.0,396685.3,0.0297,385090.4
1985,p97p98,97.0,98.0,439824.0,0.0329,399334.2
1985,p98p99,98.0,99.0,623366.8,0.0467,507547.8
1985,p99p99.1,99.0,99.1,919052.2000000001,0.0069,881464.2000000001
1985,p99.1p99.2,99.1,99.2,1005730.2,0.0075,962391.2000000001
1985,p99.2p99.3,99.2,99.3,1112489.7,0.0083,1011199.4
1985,p99.3p99.4,99.3,99.4,1246224.0,0.0093,1126006.8
1985,p99.4p99.5,99.4,99.5,1414609.8,0.0106,1270233.4
1985,p99.5p99.6,99.5,99.6,1631519.7,0.0122,1454166.5
1985,p99.6p99.7,99.6,99.7,1949461.0,0.0146,1709494.6
1985,p99.7p99.8,99.7,99.8,2481129.0,0.0186,2115082.5
1985,p99.8p99.9,99.8,99.9,3616726.2,0.0271,2911004.3
1985,p99.9p99.91,99.9,99.91,4888290.9,0.0037,4252508.5
1985,p99.91p99.92,99.91,99.92,5291386.5,0.004,5089741.9
1985,p99.92p99.93,99.92,99.93,5785303.300000001,0.0043,5538344.9
1985,p99.93p99.94,99.93,99.94,6407955.4,0.0048,5820838.5
1985,p99.94p99.95,99.94,99.95,7220351.0,0.0054,6505903.5
1985,p99.95p99.96,99.95,99.96,8337307.0,0.0062,7426941.5
1985,p99.96p99.97,99.96,99.97,9990056.5,0.0075,8749148.0
1985,p99.97p99.98,99.97,99.98,12752625.0,0.0095,10856939.0
1985,p99.98p99.99,99.98,99.99,18651944.1,0.014,14991966.0
1985,p99.99p99.991,99.99,99.991,25255627.4,0.0019,21953785.7
1985,p99.991p99.992,99.991,99.992,27349217.0,0.002,26311781.8
1985,p99.992p99.993,99.992,99.993,29923311.0,0.0022,28636264.0
1985,p99.993p99.994,99.993,99.994,33146223.8,0.0025,30108240.0
1985,p99.994p99.995,99.994,99.995,37368295.3,0.0028,33662340.0
1985,p99.995p99.996,99.995,99.996,43170009.0,0.0032,38447512.0
1985,p99.996p99.997,99.996,99.997,51754690.1,0.0039,45315312.0
1985,p99.997p99.998,99.997,99.998,66131702.40000001,0.005,56276804.0
1985,p99.998p99.999,99.998,99.999,96752553.4,0.0072,77757960.0
1985,p99.999p100,99.999,100.0,445613670.4,0.0334,258915696.0
1986,p0p1,0.0,1.0,246.5,0.0,0.0
1986,p1p2,1.0,2.0,749.6,0.0001,477.4
1986,p2p3,2.0,3.0,1268.1,0.0001,967.0
1986,p3p4,3.0,4.0,1802.3,0.0001,1471.5
1986,p4p5,4.0,5.0,2352.8,0.0002,1991.4
1986,p5p6,5.0,6.0,2920.1,0.0002,2527.1
1986,p6p7,6.0,7.0,3504.8,0.0003,3079.3
1986,p7p8,7.0,8.0,4107.400000000001,0.0003,3648.3
1986,p8p9,8.0,9.0,4728.400000000001,0.0003,4234.7
1986,p9p10,9.0,10.0,5368.5,0.0004,4839.1
1986,p10p11,10.0,11.0,6028.200000000001,0.0004,5462.0
1986,p11p12,11.0,12.0,6708.200000000001,0.0005,6104.1
1986,p12p13,12.0,13.0,7409.200000000001,0.0005,6766.0
1986,p13p14,13.0,14.0,8131.8,0.0006,7448.3
1986,p14p15,14.0,15.0,8876.800000000001,0.0007,8504.300000000001
1986,p15p16,15.0,16.0,9644.800000000001,0.0007,9260.800000000001
1986,p16p17,16.0,17.0,10436.7,0.0008,10040.7
1986,p17p18,17.0,18.0,11253.2,0.0008,10844.9
1986,p18p19,18.0,19.0,12095.1,0.0009,11674.2
1986,p19p20,19.0,20.0,12963.4,0.001,12529.3
1986,p20p21,20.0,21.0,13858.9,0.001,13411.2
1986,p21p22,21.0,22.0,14782.5,0.0011,14320.7
1986,p22p23,22.0,23.0,15735.3,0.0012,15258.9
1986,p23p24,23.0,24.0,16718.1,0.0012,16226.7
1986,p24p25,24.0,25.0,17732.1,0.0013,17225.1
1986,p25p26,25.0,26.0,18778.3,0.0014,18255.2
1986,p26p27,26.0,27.0,19857.8,0.0015,19318.0
1986,p27p28,27.0,28.0,20971.9,0.0015,20414.9
1986,p28p29,28.0,29.0,22121.8,0.0016,21546.8
1986,p29p30,29.0,30.0,23308.7,0.0017,22715.2
1986,p30p31,30.0,31.0,24534.0,0.0018,23921.3
1986,p31p32,31.0,32.0,25799.0,0.0019,25166.5
1986,p32p33,32.0,33.0,27105.3,0.002,26452.1
1986,p33p34,33.0,34.0,28454.3,0.0021,27779.8
1986,p34p35,34.0,35.0,29847.6,0.0022,29150.9
1986,p35p36,35.0,36.0,31286.8,0.0023,30567.2
1986,p36p37,36.0,37.0,32773.8,0.0024,32030.3
1986,p37p38,37.0,38.0,34310.2,0.0025,33542.0
1986,p38p39,38.0,39.0,35898.0,0.0026,35104.1
1986,p39p40,39.0,40.0,37539.2,0.0028,36718.6
1986,p40p41,40.0,41.0,39235.7,0.0029,38387.4
1986,p41p42,41.0,42.0,40989.8,0.003,40112.8
1986,p42p43,42.0,43.0,42803.8,0.0031,41896.8
1986,p43p44,43.0,44.0,44679.9,0.0033,43741.8
1986,p44p45,44.0,45.0,46620.7,0.0034,45650.3
1986,p45p46,45.0,46.0,48628.7,0.0036,47624.7
1986,p46p47,46.0,47.0,50706.8,0.0037,49667.8
1986,p47p48,47.0,48.0,52857.7,0.0039,51782.3
1986,p48p49,48.0,49.0,55084.5,0.0041,53971.10000000001
1986,p49p50,49.0,50.0,57390.4,0.0042,56237.5
1986,p50p51,50.0,51.0,59778.60000000001,0.0044,58584.5
1986,p51p52,51.0,52.0,62252.60000000001,0.0046,61015.60000000001
1986,p52p53,52.0,53.0,64816.2,0.0048,63534.4
1986,p53p54,53.0,54.0,67473.2,0.005,66144.7
1986,p54p55,54.0,55.0,70227.7,0.0052,68850.40000000001
1986,p55p56,55.0,56.0,73083.90000000001,0.0054,71655.8
1986,p56p57,56.0,57.0,76046.5,0.0056,74565.2
1986,p57p58,57.0,58.0,79120.1,0.0058,77583.3
1986,p58p59,58.0,59.0,82309.90000000001,0.0061,80715.0
1986,p59p60,59.0,60.0,85621.3,0.0063,83965.6
1986,p60p61,60.0,61.0,89059.8,0.0066,87340.5
1986,p61p62,61.0,62.0,92631.40000000001,0.0068,90845.6
1986,p62p63,62.0,63.0,96342.5,0.0071,94486.90000000001
1986,p63p64,63.0,64.0,100199.8,0.0074,98271.1
1986,p64p65,64.0,65.0,104210.4,0.0077,102205.1
1986,p65p66,65.0,66.0,108381.9,0.008,106296.1
1986,p66p67,66.0,67.0,112722.4,0.0083,110552.1
1986,p67p68,67.0,68.0,117240.3,0.0086,114981.3
1986,p68p69,68.0,69.0,121944.9,0.009,119592.6
1986,p69p70,69.0,70.0,126845.8,0.0093,124395.3
1986,p70p71,70.0,71.0,131953.4,0.0097,129399.6
1986,p71p72,71.0,72.0,137278.7,0.0101,134616.0
1986,p72p73,72.0,73.0,142833.7,0.0105,140056.2
1986,p73p74,73.0,74.0,148631.0,0.0109,145732.3
1986,p74p75,74.0,75.0,154684.1,0.0114,151657.5
1986,p75p76,75.0,76.0,161007.7,0.0118,157845.9
1986,p76p77,76.0,77.0,167617.5,0.0123,164312.6
1986,p77p78,77.0,78.0,174530.4,0.0128,171073.9
1986,p78p79,78.0,79.0,181764.5,0.0134,178147.4
1986,p79p80,79.0,80.0,189339.4,0.0139,185551.9
1986,p80p81,80.0,81.0,197276.6,0.0145,193308.0
1986,p81p82,81.0,82.0,205598.8,0.0151,201437.7
1986,p82p83,82.0,83.0,214331.2,0.0158,209965.0
1986,p83p84,83.0,84.0,223500.8,0.0164,218916.0
1986,p84p85,84.0,85.0,233137.1,0.0172,228318.9
1986,p85p86,85.0,86.0,243272.2,0.0179,238204.6
1986,p86p87,86.0,87.0,253941.3,0.0187,248606.7
1986,p87p88,87.0,88.0,265182.7,0.0195,259562.0
1986,p88p89,88.0,89.0,277038.6,0.0204,271110.6
1986,p89p90,89.0,90.0,289555.5,0.0213,283297.0
1986,p90p91,90.0,91.0,302785.6,0.0223,296170.5
1986,p91p92,91.0,92.0,316789.9,0.0233,309787.8
1986,p92p93,92.0,93.0,331646.1,0.0244,324218.0
1986,p93p94,93.0,94.0,347473.6,0.0256,339559.8
1986,p94p95,94.0,95.0,364518.0,0.0268,355995.8
1986,p95p96,95.0,96.0,383477.9,0.0282,374383.9
1986,p96p97,96.0,97.0,407020.7,0.0299,395249.3
1986,p97p98,97.0,98.0,449246.4,0.033,410379.3
1986,p98p99,98.0,99.0,623390.8,0.0459,514078.0
1986,p99p99.1,99.0,99.1,904550.4,0.0067,732289.5
1986,p99.1p99.2,99.1,99.2,987956.5,0.0073,907013.2000000001
1986,p99.2p99.3,99.2,99.3,1090987.2,0.008,996365.9
1986,p99.3p99.4,99.3,99.4,1220512.2,0.009,1107821.9
1986,p99.4p99.5,99.4,99.5,1384238.4,0.0102,1248367.1
1986,p99.5p99.6,99.5,99.6,1593985.1,0.0117,1427359.6
1986,p99.6p99.7,99.6,99.7,1901648.6,0.014,1675336.6
1986,p99.7p99.8,99.7,99.8,2418651.4,0.0178,2070570.8
1986,p99.8p99.9,99.8,99.9,3530923.5,0.026,2851426.0
1986,p99.9p99.91,99.9,99.91,4783819.2,0.0035,4601617.4
1986,p99.91p99.92,99.91,99.92,5182757.2,0.0038,4983288.2
1986,p99.92p99.93,99.92,99.93,5672533.300000001,0.0042,5202566.5
1986,p99.93p99.94,99.93,99.94,6290817.100000001,0.0046,5733621.5
1986,p99.94p99.95,99.94,99.95,7100524.600000001,0.0052,6418007.5
1986,p99.95p99.96,99.95,99.96,8216107.9,0.006,7340733.5
1986,p99.96p99.97,99.96,99.97,9872706.200000001,0.0073,8669344.0
1986,p99.97p99.98,99.97,99.98,12654681.1,0.0093,10796599.0
1986,p99.98p99.99,99.98,99.99,18636966.4,0.0137,14997006.0
1986,p99.99p99.991,99.99,99.991,25374445.7,0.0019,24409109.6
1986,p99.991p99.992,99.991,99.992,27519661.8,0.002,26447053.7
1986,p99.992p99.993,99.992,99.993,30153351.0,0.0022,27640684.0
1986,p99.993p99.994,99.993,99.994,33478092.9,0.0025,30496356.0
1986,p99.994p99.995,99.994,99.995,37832260.6,0.0028,34176592.0
1986,p99.995p99.996,99.995,99.996,43831416.0,0.0032,39138580.0
1986,p99.996p99.997,99.996,99.997,52740285.8,0.0039,46283484.0
1986,p99.997p99.998,99.997,99.998,67702119.7,0.005,57723892.0
1986,p99.998p99.999,99.998,99.999,99878966.0,0.0073,80315824.0
1986,p99.999p100,99.999,100.0,487100842.7,0.0358,281319168.0
1987,p0p1,0.0,1.0,291.0,0.0,0.0
1987,p1p2,1.0,2.0,753.4000000000001,0.0001,500.4
1987,p2p3,2.0,3.0,1269.6,0.0001,969.2
1987,p3p4,3.0,4.0,1807.6,0.0001,1474.2
1987,p4p5,4.0,5.0,2364.1,0.0002,1998.6
1987,p5p6,5.0,6.0,2937.8,0.0002,2540.1
1987,p6p7,6.0,7.0,3529.0,0.0003,3098.2
1987,p7p8,7.0,8.0,4138.7,0.0003,3673.5
1987,p8p9,8.0,9.0,4767.7,0.0003,4267.0
1987,p9p10,9.0,10.0,5416.6,0.0004,4879.2
1987,p10p11,10.0,11.0,6087.1,0.0004,5511.3
1987,p11p12,11.0,12.0,6778.400000000001,0.0005,6163.700000000001
1987,p12p13,12.0,13.0,7490.1,0.0005,6835.900000000001
1987,p13p14,13.0,14.0,8223.0,0.0006,7528.0
1987,p14p15,14.0,15.0,8977.800000000001,0.0006,8600.4
1987,p15p16,15.0,16.0,9755.300000000001,0.0007,9366.6
1987,p16p17,16.0,17.0,10557.0,0.0007,10156.2
1987,p17p18,17.0,18.0,11383.5,0.0008,10970.3
1987,p18p19,18.0,19.0,12235.6,0.0009,11809.6
1987,p19p20,19.0,20.0,13114.5,0.0009,12675.1
1987,p20p21,20.0,21.0,14021.3,0.001,13567.9
1987,p21p22,21.0,22.0,14956.5,0.0011,14488.9
1987,p22p23,22.0,23.0,15921.4,0.0011,15438.9
1987,p23p24,23.0,24.0,16916.6,0.0012,16419.0
1987,p24p25,24.0,25.0,17943.7,0.0013,17430.2
1987,p25p26,25.0,26.0,19003.5,0.0013,18473.6
1987,p26p27,26.0,27.0,20096.6,0.0014,19550.1
1987,p27p28,27.0,28.0,21225.2,0.0015,20660.9
1987,p28p29,28.0,29.0,22389.7,0.0016,21807.5
1987,p29p30,29.0,30.0,23590.2,0.0017,22990.0
1987,p30p31,30.0,31.0,24835.0,0.0018,24212.6
1987,p31p32,31.0,32.0,26118.5,0.0019,25476.8
1987,p32p33,32.0,33.0,27444.2,0.0019,26781.4
1987,p33p34,33.0,34.0,28813.8,0.002,28129.0
1987,p34p35,34.0,35.0,30228.5,0.0021,29521.1
1987,p35p36,35.0,36.0,31690.3,0.0023,30959.4
1987,p36p37,36.0,37.0,33201.1,0.0024,32445.7
1987,p37p38,37.0,38.0,34762.7,0.0025,33981.9
1987,p38p39,38.0,39.0,36377.2,0.0026,35570.0
1987,p39p40,39.0,40.0,38046.5,0.0027,37211.8
1987,p40p41,40.0,41.0,39772.7,0.0028,38909.6
1987,p41p42,41.0,42.0,41558.4,0.003,40665.5
1987,p42p43,42.0,43.0,43406.0,0.0031,42482.2
1987,p43p44,43.0,44.0,45317.4,0.0032,44361.7
1987,p44p45,44.0,45.0,47295.9,0.0034,46306.60000000001
1987,p45p46,45.0,46.0,49344.8,0.0035,48320.3
1987,p46p47,46.0,47.0,51467.2,0.0037,50406.0
1987,p47p48,47.0,48.0,53665.8,0.0038,52566.5
1987,p48p49,48.0,49.0,55942.8,0.004,54804.3
1987,p49p50,49.0,50.0,58301.7,0.0041,57122.2
1987,p50p51,50.0,51.0,60745.8,0.0043,59523.7
1987,p51p52,51.0,52.0,63279.10000000001,0.0045,62012.5
1987,p52p53,52.0,53.0,65905.90000000001,0.0047,64592.5
1987,p53p54,53.0,54.0,68630.1,0.0049,67268.0
1987,p54p55,54.0,55.0,71457.1,0.0051,70043.6
1987,p55p56,55.0,56.0,74391.0,0.0053,72924.0
1987,p56p57,56.0,57.0,77436.6,0.0055,75913.8
1987,p57p58,57.0,58.0,80591.40000000001,0.0057,79014.0
1987,p58p59,58.0,59.0,83869.70000000001,0.006,82230.6
1987,p59p60,59.0,60.0,87296.0,0.0062,85582.90000000001
1987,p60p61,60.0,61.0,90844.20000000001,0.0065,89070.1
1987,p61p62,61.0,62.0,94533.40000000001,0.0067,92688.8
1987,p62p63,62.0,63.0,98371.1,0.007,96452.3
1987,p63p64,63.0,64.0,102363.7,0.0073,100367.4
1987,p64p65,64.0,65.0,106519.7,0.0076,104441.7
1987,p65p66,65.0,66.0,110846.1,0.0079,108682.9
1987,p66p67,66.0,67.0,115353.4,0.0082,113099.7
1987,p67p68,67.0,68.0,120051.2,0.0085,117702.3
1987,p68p69,68.0,69.0,124948.2,0.0089,122499.7
1987,p69p70,69.0,70.0,130056.8,0.0092,127502.5
1987,p70p71,70.0,71.0,135391.9,0.0096,132724.3
1987,p71p72,71.0,72.0,140965.3,0.01,138178.6
1987,p72p73,72.0,73.0,146788.0,0.0104,143876.7
1987,p73p74,73.0,74.0,152876.6,0.0109,149832.3
1987,p74p75,74.0,75.0,159245.8,0.0113,156061.2
1987,p75p76,75.0,76.0,165913.8,0.0118,162579.8
1987,p76p77,76.0,77.0,172897.8,0.0123,169405.8
1987,p77p78,77.0,78.0,180215.6,0.0128,176556.7
1987,p78p79,78.0,79.0,187894.3,0.0133,184054.9
1987,p79p80,79.0,80.0,195958.9,0.0139,191926.6
1987,p80p81,80.0,81.0,204434.1,0.0145,200196.5
1987,p81p82,81.0,82.0,213347.1,0.0151,208890.6
1987,p82p83,82.0,83.0,222730.6,0.0158,218038.8
1987,p83p84,83.0,84.0,232620.9,0.0165,227675.7
1987,p84p85,84.0,85.0,243060.0,0.0173,237840.4
1987,p85p86,85.0,86.0,254090.0,0.018,248575.0
1987,p86p87,86.0,87.0,265761.4,0.0189,259925.7
1987,p87p88,87.0,88.0,278131.1,0.0197,271946.2
1987,p88p89,88.0,89.0,291267.9,0.0207,284699.5
1987,p89p90,89.0,90.0,305238.3,0.0217,298253.1
1987,p90p91,90.0,91.0,320109.4,0.0227,312673.8
1987,p91p92,91.0,92.0,336003.4,0.0239,328056.4
1987,p92p93,92.0,93.0,353061.7,0.0251,344532.6
1987,p93p94,93.0,94.0,371473.9,0.0264,362267.8
1987,p94p95,94.0,95.0,391604.7,0.0278,381539.3
1987,p95p96,95.0,96.0,414247.5,0.0294,405386.7
1987,p96p97,96.0,97.0,442038.1,0.0314,428142.8
1987,p97p98,97.0,98.0,487753.2,0.0346,445454.5
1987,p98p99,98.0,99.0,650076.5,0.0462,545123.8
1987,p99p99.1,99.0,99.1,902752.7000000001,0.0064,869894.8
1987,p99.1p99.2,99.1,99.2,980756.1000000001,0.007,941754.4
1987,p99.2p99.3,99.2,99.3,1077551.2,0.0077,986116.3
1987,p99.3p99.4,99.3,99.4,1199972.6,0.0085,1091140.9
1987,p99.4p99.5,99.4,99.5,1356293.7,0.0096,1224683.8
1987,p99.5p99.6,99.5,99.6,1556116.0,0.011,1395308.9
1987,p99.6p99.7,99.6,99.7,1842586.6,0.0131,1628287.5
1987,p99.7p99.8,99.7,99.8,2327970.6,0.0165,1998076.0
1987,p99.8p99.9,99.8,99.9,3386986.4,0.0241,2737984.0
1987,p99.9p99.91,99.9,99.91,4593901.2,0.0033,4419335.4
1987,p99.91p99.92,99.91,99.92,4981463.8,0.0035,4787682.5
1987,p99.92p99.93,99.92,99.93,5458681.5,0.0039,5001778.5
1987,p99.93p99.94,99.93,99.94,6064129.100000001,0.0043,5520474.0
1987,p99.94p99.95,99.94,99.95,6858412.4,0.0049,6191071.5
1987,p99.95p99.96,99.95,99.96,7959922.800000001,0.0057,7099329.5
1987,p99.96p99.97,99.96,99.97,9605774.700000001,0.0068,8415566.0
1987,p99.97p99.98,99.97,99.98,12392492.5,0.0088,10539169.0
1987,p99.98p99.99,99.98,99.99,18462388.0,0.0131,14782292.0
1987,p99.99p99.991,99.99,99.991,25370823.8,0.0018,21000092.0
1987,p99.991p99.992,99.991,99.992,27589005.6,0.002,25372572.0
1987,p99.992p99.993,99.992,99.993,30338793.0,0.0022,27752680.0
1987,p99.993p99.994,99.993,99.994,33779919.0,0.0024,30718690.0
1987,p99.994p99.995,99.994,99.995,38329683.2,0.0027,34547056.0
1987,p99.995p99.996,99.995,99.996,44631626.7,0.0032,39746004.0
1987,p99.996p99.997,99.996,99.997,54046198.90000001,0.0038,47275644.0
1987,p99.997p99.998,99.997,99.998,70045978.10000001,0.005,59451428.0
1987,p99.998p99.999,99.998,99.999,104705873.4,0.0074,83722016.0
1987,p99.999p100,99.999,100.0,579001720.8000001,0.0411,327558080.0
1988,p0p1,0.0,1.0,225.3,0.0,0.0
1988,p1p2,1.0,2.0,754.9000000000001,0.0001,467.6
1988,p2p3,2.0,3.0,1284.6,0.0001,973.0
1988,p3p4,3.0,4.0,1827.6,0.0001,1484.7
1988,p4p5,4.0,5.0,2386.4,0.0002,2010.3
1988,p5p6,5.0,6.0,2961.8,0.0002,2551.3
1988,p6p7,6.0,7.0,3554.8,0.0002,3108.7
1988,p7p8,7.0,8.0,4165.6,0.0003,3683.0
1988,p8p9,8.0,9.0,4794.8,0.0003,4274.6
1988,p9p10,9.0,10.0,5443.200000000001,0.0004,4884.0
1988,p10p11,10.0,11.0,6110.8,0.0004,5511.8
1988,p11p12,11.0,12.0,6799.0,0.0005,6158.6
1988,p12p13,12.0,13.0,7508.8,0.0005,6825.5
1988,p13p14,13.0,14.0,8241.0,0.0006,7874.900000000001
1988,p14p15,14.0,15.0,8996.2,0.0006,8618.6
1988,p15p16,15.0,16.0,9775.4,0.0007,9385.800000000001
1988,p16p17,16.0,17.0,10578.9,0.0007,10177.1
1988,p17p18,17.0,18.0,11407.8,0.0008,10993.4
1988,p18p19,18.0,19.0,12262.9,0.0008,11835.3
1988,p19p20,19.0,20.0,13145.0,0.0009,12703.9
1988,p20p21,20.0,21.0,14054.9,0.001,13599.9
1988,p21p22,21.0,22.0,14993.9,0.001,14524.4
1988,p22p23,22.0,23.0,15962.8,0.0011,15478.3
1988,p23p24,23.0,24.0,16962.8,0.0012,16462.8
1988,p24p25,24.0,25.0,17995.0,0.0012,17478.9
1988,p25p26,25.0,26.0,19060.5,0.0013,18527.8
1988,p26p27,26.0,27.0,20160.8,0.0014,19610.6
1988,p27p28,27.0,28.0,21296.7,0.0015,20728.8
1988,p28p29,28.0,29.0,22469.9,0.0015,21883.3
1988,p29p30,29.0,30.0,23682.0,0.0016,23076.0
1988,p30p31,30.0,31.0,24932.4,0.0017,24307.2
1988,p31p32,31.0,32.0,26224.6,0.0018,25578.5
1988,p32p33,32.0,33.0,27559.7,0.0019,26892.1
1988,p33p34,33.0,34.0,28939.2,0.002,28249.4
1988,p34p35,34.0,35.0,30364.9,0.0021,29652.0
1988,p35p36,35.0,36.0,31838.8,0.0022,31101.9
1988,p36p37,36.0,37.0,33362.5,0.0023,32600.6
1988,p37p38,37.0,38.0,34938.0,0.0024,34150.2
1988,p38p39,38.0,39.0,36567.3,0.0025,35752.6
1988,p39p40,39.0,40.0,38252.7,0.0026,37410.0
1988,p40p41,40.0,41.0,39996.5,0.0028,39124.6
1988,p41p42,41.0,42.0,41801.0,0.0029,40898.8
1988,p42p43,42.0,43.0,43668.60000000001,0.003,42734.8
1988,p43p44,43.0,44.0,45602.2,0.0031,44635.4
1988,p44p45,44.0,45.0,47604.3,0.0033,46603.2
1988,p45p46,45.0,46.0,49677.60000000001,0.0034,48641.0
1988,p46p47,46.0,47.0,51825.2,0.0036,50751.4
1988,p47p48,47.0,48.0,54050.2,0.0037,52937.7
1988,p48p49,48.0,49.0,56356.5,0.0039,55203.4
1988,p49p50,49.0,50.0,58747.60000000001,0.004,57552.10000000001
1988,p50p51,50.0,51.0,61227.3,0.0042,59987.5
1988,p51p52,51.0,52.0,63799.60000000001,0.0044,62513.5
1988,p52p53,52.0,53.0,66468.6,0.0046,65134.10000000001
1988,p53p54,53.0,54.0,69238.8,0.0048,67853.7
1988,p54p55,54.0,55.0,72114.6,0.005,70676.7
1988,p55p56,55.0,56.0,75101.2,0.0052,73607.90000000001
1988,p56p57,56.0,57.0,78203.90000000001,0.0054,76652.5
1988,p57p58,57.0,58.0,81430.6,0.0056,79817.20000000001
1988,p58p59,58.0,59.0,84784.5,0.0058,83107.5
1988,p59p60,59.0,60.0,88267.8,0.0061,86526.1
1988,p60p61,60.0,61.0,91895.0,0.0063,90081.40000000001
1988,p61p62,61.0,62.0,95670.3,0.0066,93782.70000000001
1988,p62p63,62.0,63.0,99601.3,0.0069,97635.8
1988,p63p64,63.0,64.0,103696.6,0.0071,101649.0
1988,p64p65,64.0,65.0,107964.6,0.0074,105830.6
1988,p65p66,65.0,66.0,112415.3,0.0077,110189.9
1988,p66p67,66.0,67.0,117058.2,0.0081,114736.7
1988,p67p68,67.0,68.0,121904.1,0.0084,119481.1
1988,p68p69,68.0,69.0,126965.2,0.0087,124434.7
1988,p69p70,69.0,70.0,132253.5,0.0091,129609.4
1988,p70p71,70.0,71.0,137781.5,0.0095,135017.5
1988,p71p72,71.0,72.0,143564.3,0.0099,140672.9
1988,p72p73,72.0,73.0,149618.0,0.0103,146591.1
1988,p73p74,73.0,74.0,155959.4,0.0107,152788.7
1988,p74p75,74.0,75.0,162607.3,0.0112,159283.3
1988,p75p76,75.0,76.0,169581.8,0.0117,166094.5
1988,p76p77,76.0,77.0,176905.1,0.0122,173243.4
1988,p77p78,77.0,78.0,184602.0,0.0127,180753.6
1988,p78p79,78.0,79.0,192697.6,0.0133,188649.8
1988,p79p80,79.0,80.0,201221.0,0.0138,196959.3
1988,p80p81,80.0,81.0,210204.7,0.0145,205712.8
1988,p81p82,81.0,82.0,219685.3,0.0151,214945.0
1988,p82p83,82.0,83.0,229702.4,0.0158,224693.8
1988,p83p84,83.0,84.0,240300.3,0.0165,235001.3
1988,p84p85,84.0,85.0,251528.7,0.0173,245914.5
1988,p85p86,85.0,86.0,263445.1,0.0181,257486.9
1988,p86p87,86.0,87.0,276115.1,0.019,269780.1
1988,p87p88,87.0,88.0,289613.6,0.0199,282864.4
1988,p88p89,88.0,89.0,304027.6,0.0209,296820.6
1988,p89p90,89.0,90.0,319464.9,0.022,311746.3
1988,p90p91,90.0,91.0,336059.4,0.0231,327762.2
1988,p91p92,91.0,92.0,353965.3,0.0244,345012.4
1988,p92p93,92.0,93.0,373389.5,0.0257,363677.4
1988,p93p94,93.0,94.0,394629.2,0.0272,384009.4
1988,p94p95,94.0,95.0,418152.3,0.0288,406390.7
1988,p95p96,95.0,96.0,444906.3,0.0306,434869.4
1988,p96p97,96.0,97.0,477487.9,0.0329,461197.1
1988,p97p98,97.0,98.0,526993.5,0.0363,479186.1
1988,p98p99,98.0,99.0,675119.8,0.0465,573466.1
1988,p99p99.1,99.0,99.1,897567.4,0.0062,786343.6000000001
1988,p99.1p99.2,99.1,99.2,969996.5,0.0067,935679.4
1988,p99.2p99.3,99.2,99.3,1060422.5,0.0073,1015209.5
1988,p99.3p99.4,99.3,99.4,1175649.1,0.0081,1066714.0
1988,p99.4p99.5,99.4,99.5,1324463.8,0.0091,1192674.5
1988,p99.5p99.6,99.5,99.6,1514286.5,0.0104,1354220.8
1988,p99.6p99.7,99.6,99.7,1779948.6,0.0122,1571509.0
1988,p99.7p99.8,99.7,99.8,2234302.0,0.0154,1914991.1
1988,p99.8p99.9,99.8,99.9,3240474.7,0.0223,2611732.5
1988,p99.9p99.91,99.9,99.91,4400393.100000001,0.003,4217033.4
1988,p99.91p99.92,99.91,99.92,4775960.4,0.0033,4588176.8
1988,p99.92p99.93,99.92,99.93,5240137.9,0.0036,4778162.0
1988,p99.93p99.94,99.93,99.94,5830335.9,0.004,5281150.0
1988,p99.94p99.95,99.94,99.95,6610515.800000001,0.0045,5934886.5
1988,p99.95p99.96,99.95,99.96,7696175.600000001,0.0053,6824981.5
1988,p99.96p99.97,99.96,99.97,9329004.3,0.0064,8121832.0
1988,p99.97p99.98,99.97,99.98,12117485.8,0.0083,10231010.0
1988,p99.98p99.99,99.98,99.99,18268568.4,0.0126,14495613.0
1988,p99.99p99.991,99.99,99.991,25346601.4,0.0017,24295599.4
1988,p99.991p99.992,99.991,99.992,27636715.5,0.0019,26491658.4
1988,p99.992p99.993,99.992,99.993,30462781.6,0.0021,27716264.0
1988,p99.993p99.994,99.993,99.994,34065145.9,0.0023,30782934.0
1988,p99.994p99.995,99.994,99.995,38818211.1,0.0027,34768876.0
1988,p99.995p99.996,99.995,99.996,45432882.6,0.0031,40191840.0
1988,p99.996p99.997,99.996,99.997,55379818.1,0.0038,48092520.0
1988,p99.997p99.998,99.997,99.998,72352144.2,0.005,60934304.0
1988,p99.998p99.999,99.998,99.999,109826200.9,0.0076,86907856.0
1988,p99.999p100,99.999,100.0,691343201.7,0.0476,382196448.0
1989,p0p1,0.0,1.0,254.7,0.0,0.0
1989,p1p2,1.0,2.0,774.5,0.0001,489.4
1989,p2p3,2.0,3.0,1310.1,0.0001,991.2
1989,p3p4,3.0,4.0,1862.0,0.0001,1508.3
1989,p4p5,4.0,5.0,2430.9,0.0002,2041.2
1989,p5p6,5.0,6.0,3017.2,0.0002,2590.5
1989,p6p7,6.0,7.0,3621.4,0.0002,3156.6
1989,p7p8,7.0,8.0,4244.3,0.0003,3740.1
1989,p8p9,8.0,9.0,4886.400000000001,0.0003,4341.5
1989,p9p10,9.0,10.0,5548.200000000001,0.0004,4961.5
1989,p10p11,10.0,11.0,6230.6,0.0004,5600.700000000001
1989,p11p12,11.0,12.0,6934.1,0.0005,6259.700000000001
1989,p12p13,12.0,13.0,7659.5,0.0005,7296.8
1989,p13p14,13.0,14.0,8407.6,0.0006,8033.6
1989,p14p15,14.0,15.0,9179.0,0.0006,8793.300000000001
1989,p15p16,15.0,16.0,9974.5,0.0007,9576.7
1989,p16p17,16.0,17.0,10795.1,0.0007,10384.8
1989,p17p18,17.0,18.0,11641.6,0.0008,11218.3
1989,p18p19,18.0,19.0,12514.8,0.0008,12078.2
1989,p19p20,19.0,20.0,13415.7,0.0009,12965.3
1989,p20p21,20.0,21.0,14345.4,0.0009,13880.6
1989,p21p22,21.0,22.0,15304.7,0.001,14825.1
1989,p22p23,22.0,23.0,16294.8,0.0011,15799.8
1989,p23p24,23.0,24.0,17316.8,0.0011,16805.8
1989,p24p25,24.0,25.0,18371.9,0.0012,17844.4
1989,p25p26,25.0,26.0,19461.2,0.0013,18916.5
1989,p26p27,26.0,27.0,20585.9,0.0013,20023.5
1989,p27p28,27.0,28.0,21747.5,0.0014,21166.7
1989,p28p29,28.0,29.0,22947.3,0.0015,22347.4
1989,p29p30,29.0,30.0,24186.7,0.0016,23567.0
1989,p30p31,30.0,31.0,25467.3,0.0017,24827.0
1989,p31p32,31.0,32.0,26790.6,0.0018,26128.9
1989,p32p33,32.0,33.0,28158.2,0.0018,27474.4
1989,p33p34,33.0,34.0,29571.8,0.0019,28865.0
1989,p34p35,34.0,35.0,31033.4,0.002,30302.6
1989,p35p36,35.0,36.0,32544.8,0.0021,31789.1
1989,p36p37,36.0,37.0,34107.9,0.0022,33326.3
1989,p37p38,37.0,38.0,35724.8,0.0023,34916.3
1989,p38p39,38.0,39.0,37397.7,0.0024,36561.3
1989,p39p40,39.0,40.0,39129.0,0.0026,38263.4
1989,p40p41,40.0,41.0,40921.0,0.0027,40025.0
1989,p41p42,41.0,42.0,42776.3,0.0028,41848.60000000001
1989,p42p43,42.0,43.0,44697.5,0.0029,43736.9
1989,p43p44,43.0,44.0,46687.4,0.0031,45692.4
1989,p44p45,44.0,45.0,48748.9,0.0032,47718.10000000001
1989,p45p46,45.0,46.0,50885.3,0.0033,49817.10000000001
1989,p46p47,46.0,47.0,53099.8,0.0035,51992.5
1989,p47p48,47.0,48.0,55395.7,0.0036,54247.7
1989,p48p49,48.0,49.0,57776.9,0.0038,56586.3
1989,p49p50,49.0,50.0,60247.10000000001,0.0039,59012.0
1989,p50p51,50.0,51.0,62810.4,0.0041,61528.8
1989,p51p52,51.0,52.0,65471.2,0.0043,64140.8
1989,p52p53,52.0,53.0,68234.0,0.0045,66852.6
1989,p53p54,53.0,54.0,71103.7,0.0047,69668.8
1989,p54p55,54.0,55.0,74085.3,0.0048,72594.5
1989,p55p56,55.0,56.0,77184.40000000001,0.0051,75634.90000000001
1989,p56p57,56.0,57.0,80406.8,0.0053,78795.6
1989,p57p58,57.0,58.0,83758.5,0.0055,82082.6
1989,p58p59,58.0,59.0,87246.3,0.0057,85502.40000000001
1989,p59p60,59.0,60.0,90877.0,0.0059,89061.6
1989,p60p61,60.0,61.0,94658.1,0.0062,92767.5
1989,p61p62,61.0,62.0,98597.6,0.0065,96627.90000000001
1989,p62p63,62.0,63.0,102704.1,0.0067,100650.8
1989,p63p64,63.0,64.0,106986.5,0.007,104845.3
1989,p64p65,64.0,65.0,111454.8,0.0073,109220.6
1989,p65p66,65.0,66.0,116119.3,0.0076,113787.0
1989,p66p67,66.0,67.0,120991.5,0.0079,118555.4
1989,p67p68,67.0,68.0,126083.3,0.0083,123537.4
1989,p68p69,68.0,69.0,131408.0,0.0086,128745.7
1989,p69p70,69.0,70.0,136979.7,0.009,134193.9
1989,p70p71,70.0,71.0,142813.7,0.0093,139896.7
1989,p71p72,71.0,72.0,148926.6,0.0097,145870.2
1989,p72p73,72.0,73.0,155336.5,0.0102,152131.6
1989,p73p74,73.0,74.0,162063.1,0.0106,158699.8
1989,p74p75,74.0,75.0,169127.8,0.0111,165595.5
1989,p75p76,75.0,76.0,176554.2,0.0116,172841.0
1989,p76p77,76.0,77.0,184368.1,0.0121,180461.1
1989,p77p78,77.0,78.0,192598.0,0.0126,188483.0
1989,p78p79,78.0,79.0,201275.2,0.0132,196936.6
1989,p79p80,79.0,80.0,210434.9,0.0138,205855.1
1989,p80p81,80.0,81.0,220115.8,0.0144,215275.3
1989,p81p82,81.0,82.0,230361.6,0.0151,225238.7
1989,p82p83,82.0,83.0,241221.2,0.0158,235791.4
1989,p83p84,83.0,84.0,252750.3,0.0165,246985.8
1989,p84p85,84.0,85.0,265012.2,0.0173,258881.3
1989,p85p86,85.0,86.0,278079.7,0.0182,271546.0
1989,p86p87,86.0,87.0,292037.4,0.0191,285058.6
1989,p87p88,87.0,88.0,306984.2,0.0201,299510.8
1989,p88p89,88.0,89.0,323037.9,0.0211,315011.0
1989,p89p90,89.0,90.0,340340.9,0.0223,331689.4
1989,p90p91,90.0,91.0,359068.8,0.0235,349704.9
1989,p91p92,91.0,92.0,379444.3,0.0248,369256.6
1989,p92p93,92.0,93.0,401760.9,0.0263,390602.6
1989,p93p94,93.0,94.0,426428.8,0.0279,414094.9
1989,p94p95,94.0,95.0,454074.4,0.0297,440251.6
1989,p95p96,95.0,96.0,485813.7,0.0318,474685.1
1989,p96p97,96.0,97.0,524226.1,0.0343,505019.9
1989,p97p98,97.0,98.0,578524.0,0.0379,524344.2000000001
1989,p98p99,98.0,99.0,712173.9,0.0466,613711.1
1989,p99p99.1,99.0,99.1,906166.0,0.0059,809170.0
1989,p99.1p99.2,99.1,99.2,974100.6000000001,0.0064,937535.0
1989,p99.2p99.3,99.2,99.3,1059544.8,0.0069,1016822.7
1989,p99.3p99.4,99.3,99.4,1169365.2,0.0077,1059819.5
1989,p99.4p99.5,99.4,99.5,1312967.4,0.0086,1180318.8
1989,p99.5p99.6,99.5,99.6,1495775.8,0.0098,1335523.1
1989,p99.6p99.7,99.6,99.7,1745172.5,0.0114,1541031.4
1989,p99.7p99.8,99.7,99.8,2176312.3,0.0142,1864618.1
1989,p99.8p99.9,99.8,99.9,3146085.3,0.0206,2530735.3
1989,p99.9p99.91,99.9,99.91,4277211.4,0.0028,3711648.4
1989,p99.91p99.92,99.91,99.92,4646494.8,0.003,4460938.5
1989,p99.92p99.93,99.92,99.93,5104358.5,0.0033,4875426.600000001
1989,p99.93p99.94,99.93,99.94,5688841.9,0.0037,5132035.0
1989,p99.94p99.95,99.94,99.95,6464203.0,0.0042,5778624.5
1989,p99.95p99.96,99.95,99.96,7548909.7,0.0049,6663064.0
1989,p99.96p99.97,99.96,99.97,9190352.700000001,0.006,7959315.0
1989,p99.97p99.98,99.97,99.98,12016520.3,0.0079,10083609.0
1989,p99.98p99.99,99.98,99.99,18329012.7,0.012,14428930.0
1989,p99.99p99.991,99.99,99.991,25670396.0,0.0017,24539242.7
1989,p99.991p99.992,99.991,99.992,28064471.6,0.0018,26867433.8
1989,p99.992p99.993,99.992,99.993,31032027.5,0.002,28099664.0
1989,p99.993p99.994,99.993,99.994,34819343.8,0.0023,31311522.0
1989,p99.994p99.995,99.994,99.995,39842467.8,0.0026,35500780.0
1989,p99.995p99.996,99.995,99.996,46868448.7,0.0031,41229984.0
1989,p99.996p99.997,99.996,99.997,57499139.8,0.0038,49625516.0
1989,p99.997p99.998,99.997,99.998,75800893.3,0.005,63382536.0
1989,p99.998p99.999,99.998,99.999,116677936.7,0.0076,91521328.0
1989,p99.999p100,99.999,100.0,834047874.2,0.0546,452058496.0
1990,p0p1,0.0,1.0,-20871.7,-0.0014,-41743.3
1990,p1p2,1.0,2.0,-2189.5,-0.0001,-10962.7
1990,p2p3,2.0,3.0,-1256.7,-0.0001,-1638.2
1990,p3p4,3.0,4.0,-514.4,0.0,-841.9000000000001
1990,p4p5,4.0,5.0,236.6,0.0,-132.1
1990,p5p6,5.0,6.0,999.7,0.0001,587.7
1990,p6p7,6.0,7.0,1776.3,0.0001,1319.7
1990,p7p8,7.0,8.0,2565.5,0.0002,2064.0
1990,p8p9,8.0,9.0,3367.5,0.0002,2820.4
1990,p9p10,9.0,10.0,4181.3,0.0003,3588.5
1990,p10p11,10.0,11.0,4855.3,0.0003,4295.8
1990,p11p12,11.0,12.0,5555.900000000001,0.0004,4949.200000000001
1990,p12p13,12.0,13.0,6303.0,0.0004,5637.400000000001
1990,p13p14,13.0,14.0,7080.900000000001,0.0005,6362.400000000001
1990,p14p15,14.0,15.0,7880.3,0.0005,7480.6
1990,p15p16,15.0,16.0,8679.5,0.0006,8279.9
1990,p16p17,16.0,17.0,9417.0,0.0006,9048.2
1990,p17p18,17.0,18.0,10147.9,0.0007,9782.4
1990,p18p19,18.0,19.0,11020.8,0.0007,10584.4
1990,p19p20,19.0,20.0,11978.6,0.0008,11499.7
1990,p20p21,20.0,21.0,12983.8,0.0009,12481.2
1990,p21p22,21.0,22.0,14015.2,0.0009,13499.5
1990,p22p23,22.0,23.0,15049.8,0.001,14532.5
1990,p23p24,23.0,24.0,16027.1,0.0011,15538.4
1990,p24p25,24.0,25.0,16928.9,0.0011,16478.0
1990,p25p26,25.0,26.0,17991.2,0.0012,17460.1
1990,p26p27,26.0,27.0,19151.5,0.0013,18571.4
1990,p27p28,27.0,28.0,20365.2,0.0014,19758.4
1990,p28p29,28.0,29.0,21618.1,0.0015,20991.6
1990,p29p30,29.0,30.0,22920.4,0.0016,22269.3
1990,p30p31,30.0,31.0,24222.8,0.0016,23571.6
1990,p31p32,31.0,32.0,25522.1,0.0017,24872.5
1990,p32p33,32.0,33.0,26827.3,0.0018,26174.7
1990,p33p34,33.0,34.0,28184.0,0.0019,27505.6
1990,p34p35,34.0,35.0,29606.5,0.002,28895.3
1990,p35p36,35.0,36.0,31103.1,0.0021,30354.8
1990,p36p37,36.0,37.0,32661.2,0.0022,31882.2
1990,p37p38,37.0,38.0,34279.1,0.0023,33470.1
1990,p38p39,38.0,39.0,35955.6,0.0024,35117.3
1990,p39p40,39.0,40.0,37689.6,0.0026,36822.6
1990,p40p41,40.0,41.0,39513.60000000001,0.0027,38601.6
1990,p41p42,41.0,42.0,41423.10000000001,0.0028,40468.3
1990,p42p43,42.0,43.0,43389.60000000001,0.0029,42406.3
1990,p43p44,43.0,44.0,45415.8,0.0031,44402.7
1990,p44p45,44.0,45.0,47506.7,0.0032,46461.3
1990,p45p46,45.0,46.0,49576.3,0.0034,48541.5
1990,p46p47,46.0,47.0,51816.4,0.0035,50696.4
1990,p47p48,47.0,48.0,54238.9,0.0037,53027.7
1990,p48p49,48.0,49.0,56793.5,0.0038,55516.2
1990,p49p50,49.0,50.0,59463.60000000001,0.004,58128.60000000001
1990,p50p51,50.0,51.0,62234.4,0.0042,60849.0
1990,p51p52,51.0,52.0,65087.0,0.0044,63660.7
1990,p52p53,52.0,53.0,67999.3,0.0046,66543.1
1990,p53p54,53.0,54.0,70953.40000000001,0.0048,69476.40000000001
1990,p54p55,54.0,55.0,73953.3,0.005,72453.40000000001
1990,p55p56,55.0,56.0,77032.2,0.0052,75492.8
1990,p56p57,56.0,57.0,80220.3,0.0054,78626.3
1990,p57p58,57.0,58.0,83542.40000000001,0.0057,81881.40000000001
1990,p58p59,58.0,59.0,86988.8,0.0059,85265.6
1990,p59p60,59.0,60.0,90538.0,0.0061,88763.40000000001
1990,p60p61,60.0,61.0,94257.90000000001,0.0064,92398.0
1990,p61p62,61.0,62.0,98132.5,0.0066,96195.20000000001
1990,p62p63,62.0,63.0,102160.5,0.0069,100146.5
1990,p63p64,63.0,64.0,106331.9,0.0072,104246.2
1990,p64p65,64.0,65.0,110637.6,0.0075,108484.8
1990,p65p66,65.0,66.0,115092.0,0.0078,112864.8
1990,p66p67,66.0,67.0,119709.6,0.0081,117400.8
1990,p67p68,67.0,68.0,124508.7,0.0084,122109.2
1990,p68p69,68.0,69.0,129510.6,0.0088,127009.6
1990,p69p70,69.0,70.0,134730.9,0.0091,132120.7
1990,p70p71,70.0,71.0,140181.6,0.0095,137456.2
1990,p71p72,71.0,72.0,145880.6,0.0099,143031.1
1990,p72p73,72.0,73.0,151843.7,0.0103,148862.2
1990,p73p74,73.0,74.0,158065.9,0.0107,154954.8
1990,p74p75,74.0,75.0,164543.4,0.0111,161304.7
1990,p75p76,75.0,76.0,171298.9,0.0116,167921.2
1990,p76p77,76.0,77.0,178377.1,0.0121,174838.0
1990,p77p78,77.0,78.0,185831.6,0.0126,182104.4
1990,p78p79,78.0,79.0,193707.0,0.0131,189769.3
1990,p79p80,79.0,80.0,202057.0,0.0137,197882.0
1990,p80p81,80.0,81.0,210939.4,0.0143,206498.2
1990,p81p82,81.0,82.0,220409.7,0.0149,215674.6
1990,p82p83,82.0,83.0,230522.9,0.0156,225466.3
1990,p83p84,83.0,84.0,241344.1,0.0163,235933.5
1990,p84p85,84.0,85.0,252911.4,0.0171,247127.7
1990,p85p86,85.0,86.0,265196.8,0.018,259054.1
1990,p86p87,86.0,87.0,278241.4,0.0188,271719.1
1990,p87p88,87.0,88.0,292261.8,0.0198,285251.6
1990,p88p89,88.0,89.0,307507.2,0.0208,299884.5
1990,p89p90,89.0,90.0,324224.6,0.022,315865.9
1990,p90p91,90.0,91.0,342687.9,0.0232,333456.3
1990,p91p92,91.0,92.0,363101.0,0.0246,352894.5
1990,p92p93,92.0,93.0,385185.4,0.0261,374143.2
1990,p93p94,93.0,94.0,408394.3,0.0277,396789.9
1990,p94p95,94.0,95.0,434432.0,0.0294,421413.2
1990,p95p96,95.0,96.0,468011.4,0.0317,462210.7
1990,p96p97,96.0,97.0,515990.3,0.0349,492000.8
1990,p97p98,97.0,98.0,594314.4,0.0403,527811.1
1990,p98p99,98.0,99.0,766893.5,0.0519,647084.3
1990,p99p99.1,99.0,99.1,992857.8,0.0067,992004.6000000001
1990,p99.1p99.2,99.1,99.2,1068668.6,0.0072,1026496.6
1990,p99.2p99.3,99.2,99.3,1163229.4,0.0079,1115949.0
1990,p99.3p99.4,99.3,99.4,1283761.7,0.0087,1163238.5
1990,p99.4p99.5,99.4,99.5,1440159.6,0.0098,1294884.3
1990,p99.5p99.6,99.5,99.6,1639238.4,0.0111,1463869.0
1990,p99.6p99.7,99.6,99.7,1911823.4,0.0129,1688086.1
1990,p99.7p99.8,99.7,99.8,2373916.9,0.0161,2037334.0
1990,p99.8p99.9,99.8,99.9,3383949.3,0.0229,2737146.0
1990,p99.9p99.91,99.9,99.91,4533960.8,0.0031,4520903.5
1990,p99.91p99.92,99.91,99.92,4902992.7,0.0033,4699279.3
1990,p99.92p99.93,99.92,99.93,5357653.5,0.0036,5130323.100000001
1990,p99.93p99.94,99.93,99.94,5932250.9,0.004,5366939.0
1990,p99.94p99.95,99.94,99.95,6690907.7,0.0045,6000735.0
1990,p99.95p99.96,99.95,99.96,7738177.0,0.0052,6859227.0
1990,p99.96p99.97,99.96,99.97,9301898.0,0.0063,8100426.0
1990,p99.97p99.98,99.97,99.98,11946443.9,0.0081,10100932.0
1990,p99.98p99.99,99.98,99.99,17690419.9,0.012,14088626.0
1990,p99.99p99.991,99.99,99.991,24208075.7,0.0016,24188981.0
1990,p99.991p99.992,99.991,99.992,26295850.8,0.0018,25199016.5
1990,p99.992p99.993,99.992,99.993,28837571.7,0.002,27566711.3
1990,p99.993p99.994,99.993,99.994,32121248.7,0.0022,28978302.0
1990,p99.994p99.995,99.994,99.995,36397870.6,0.0025,32572280.0
1990,p99.995p99.996,99.995,99.996,42309465.5,0.0029,37415504.0
1990,p99.996p99.997,99.996,99.997,51132592.7,0.0035,44420024.0
1990,p99.997p99.998,99.997,99.998,65953039.8,0.0045,55659588.0
1990,p99.998p99.999,99.998,99.999,98412705.10000001,0.0067,78135376.0
1990,p99.999p100,99.999,100.0,560603186.3000001,0.038,313279712.0
1991,p0p1,0.0,1.0,-43404.10000000001,-0.0028,-86808.20000000001
1991,p1p2,1.0,2.0,-5281.8,-0.0003,-23723.4
1991,p2p3,2.0,3.0,-3929.1,-0.0003,-4488.3
1991,p3p4,3.0,4.0,-2963.6,-0.0002,-3358.7
1991,p4p5,4.0,5.0,-1990.4,-0.0001,-2414.0
1991,p5p6,5.0,6.0,-1008.5,-0.0001,-1461.3
1991,p6p7,6.0,7.0,-17.5,0.0,-500.0
1991,p7p8,7.0,8.0,982.6,0.0001,470.3
1991,p8p9,8.0,9.0,1992.0,0.0001,1449.5
1991,p9p10,9.0,10.0,3007.7,0.0002,2436.2
1991,p10p11,10.0,11.0,3721.7,0.0002,3279.1
1991,p11p12,11.0,12.0,4470.0,0.0003,3991.6
1991,p12p13,12.0,13.0,5289.1,0.0003,4755.400000000001
1991,p13p14,13.0,14.0,6146.1,0.0004,5572.1
1991,p14p15,14.0,15.0,7021.6,0.0005,6416.3
1991,p15p16,15.0,16.0,7870.1,0.0005,7256.400000000001
1991,p16p17,16.0,17.0,8566.5,0.0006,8009.200000000001
1991,p17p18,17.0,18.0,9223.1,0.0006,8668.4
1991,p18p19,18.0,19.0,10143.2,0.0007,9436.7
1991,p19p20,19.0,20.0,11210.3,0.0007,10405.0
1991,p20p21,20.0,21.0,12346.8,0.0008,11478.8
1991,p21p22,21.0,22.0,13506.4,0.0009,12597.6
1991,p22p23,22.0,23.0,14641.8,0.001,13715.9
1991,p23p24,23.0,24.0,15627.0,0.001,14666.9
1991,p24p25,24.0,25.0,16424.6,0.0011,16025.8
1991,p25p26,25.0,26.0,17516.7,0.0012,16538.7
1991,p26p27,26.0,27.0,18771.9,0.0012,17682.5
1991,p27p28,27.0,28.0,20101.0,0.0013,18941.8
1991,p28p29,28.0,29.0,21470.3,0.0014,20256.6
1991,p29p30,29.0,30.0,22895.2,0.0015,21618.2
1991,p30p31,30.0,31.0,24295.9,0.0016,22995.0
1991,p31p32,31.0,32.0,25641.6,0.0017,24325.8
1991,p32p33,32.0,33.0,26954.4,0.0018,25656.6
1991,p33p34,33.0,34.0,28327.8,0.0019,26987.3
1991,p34p35,34.0,35.0,29787.5,0.002,29057.7
1991,p35p36,35.0,36.0,31349.0,0.0021,30568.3
1991,p36p37,36.0,37.0,32985.7,0.0022,32167.4
1991,p37p38,37.0,38.0,34691.2,0.0023,33838.5
1991,p38p39,38.0,39.0,36461.0,0.0024,35576.1
1991,p39p40,39.0,40.0,38290.6,0.0025,37375.8
1991,p40p41,40.0,41.0,40243.8,0.0026,39267.2
1991,p41p42,41.0,42.0,42310.10000000001,0.0028,41276.9
1991,p42p43,42.0,43.0,44427.9,0.0029,43369.0
1991,p43p44,43.0,44.0,46598.3,0.0031,45513.10000000001
1991,p44p45,44.0,45.0,48830.9,0.0032,47714.60000000001
1991,p45p46,45.0,46.0,50947.60000000001,0.0033,49889.2
1991,p46p47,46.0,47.0,53339.60000000001,0.0035,52143.60000000001
1991,p47p48,47.0,48.0,56027.4,0.0037,54683.5
1991,p48p49,48.0,49.0,58900.60000000001,0.0039,57464.0
1991,p49p50,49.0,50.0,61921.4,0.0041,60411.0
1991,p50p51,50.0,51.0,65054.9,0.0043,63488.2
1991,p51p52,51.0,52.0,68258.5,0.0045,66656.7
1991,p52p53,52.0,53.0,71483.2,0.0047,69870.90000000001
1991,p53p54,53.0,54.0,74686.0,0.0049,73084.6
1991,p54p55,54.0,55.0,77873.2,0.0051,76279.6
1991,p55p56,55.0,56.0,81105.6,0.0053,79489.40000000001
1991,p56p57,56.0,57.0,84439.70000000001,0.0055,82772.70000000001
1991,p57p58,57.0,58.0,87894.6,0.0058,86167.20000000001
1991,p58p59,58.0,59.0,91472.5,0.006,89683.5
1991,p59p60,59.0,60.0,95183.90000000001,0.0062,93328.20000000001
1991,p60p61,60.0,61.0,99053.90000000001,0.0065,97118.90000000001
1991,p61p62,61.0,62.0,103084.0,0.0068,101068.9
1991,p62p63,62.0,63.0,107263.4,0.007,105173.7
1991,p63p64,63.0,64.0,111559.1,0.0073,109411.2
1991,p64p65,64.0,65.0,115943.4,0.0076,113751.3
1991,p65p66,65.0,66.0,120431.4,0.0079,118187.4
1991,p66p67,66.0,67.0,125046.2,0.0082,122738.8
1991,p67p68,67.0,68.0,129813.0,0.0085,127429.6
1991,p68p69,68.0,69.0,134757.1,0.0088,132285.0
1991,p69p70,69.0,70.0,139901.0,0.0092,137329.0
1991,p70p71,70.0,71.0,145264.2,0.0095,142582.6
1991,p71p72,71.0,72.0,150863.2,0.0099,148063.7
1991,p72p73,72.0,73.0,156703.9,0.0103,153783.6
1991,p73p74,73.0,74.0,162761.9,0.0107,159732.9
1991,p74p75,74.0,75.0,169003.8,0.0111,165882.9
1991,p75p76,75.0,76.0,175456.0,0.0115,172229.9
1991,p76p77,76.0,77.0,182180.2,0.012,178818.1
1991,p77p78,77.0,78.0,189249.5,0.0124,185714.8
1991,p78p79,78.0,79.0,196740.1,0.0129,192994.8
1991,p79p80,79.0,80.0,204729.7,0.0134,200734.9
1991,p80p81,80.0,81.0,213290.6,0.014,209010.2
1991,p81p82,81.0,82.0,222486.8,0.0146,217888.7
1991,p82p83,82.0,83.0,232382.3,0.0153,227434.5
1991,p83p84,83.0,84.0,243057.6,0.016,237719.9
1991,p84p85,84.0,85.0,254535.4,0.0167,248796.5
1991,p85p86,85.0,86.0,266682.1,0.0175,260608.7
1991,p86p87,86.0,87.0,279501.2,0.0184,273091.6
1991,p87p88,87.0,88.0,293338.0,0.0193,288400.0
1991,p88p89,88.0,89.0,308596.3,0.0203,300967.2
1991,p89p90,89.0,90.0,325610.8,0.0214,309033.0
1991,p90p91,90.0,91.0,344697.2,0.0226,326624.0
1991,p91p92,91.0,92.0,366103.2,0.024,346354.9
1991,p92p93,92.0,93.0,388993.0,0.0255,367939.2
1991,p93p94,93.0,94.0,411822.6,0.027,390217.0
1991,p94p95,94.0,95.0,437481.7,0.0287,413844.4
1991,p95p96,95.0,96.0,474356.5,0.0311,444315.5
1991,p96p97,96.0,97.0,534061.3,0.0351,491376.3
1991,p97p98,97.0,98.0,641489.0,0.0421,572815.7000000001
1991,p98p99,98.0,99.0,866837.9,0.0569,734969.3
1991,p99p99.1,99.0,99.1,1141367.0,0.0075,978547.1000000001
1991,p99.1p99.2,99.1,99.2,1230044.4,0.0081,1155528.5
1991,p99.2p99.3,99.2,99.3,1339722.1,0.0088,1252181.8
1991,p99.3p99.4,99.3,99.4,1478309.0,0.0097,1373154.8
1991,p99.4p99.5,99.4,99.5,1656695.8,0.0109,1527608.0
1991,p99.5p99.6,99.5,99.6,1883741.4,0.0124,1725164.9
1991,p99.6p99.7,99.6,99.7,2195702.5,0.0144,1987809.1
1991,p99.7p99.8,99.7,99.8,2714150.1,0.0178,2392446.0
1991,p99.8p99.9,99.8,99.9,3813867.3,0.025,3180936.5
1991,p99.9p99.91,99.9,99.91,5035496.4,0.0033,4312069.5
1991,p99.91p99.92,99.91,99.92,5420485.600000001,0.0036,5094933.5
1991,p99.92p99.93,99.92,99.93,5891131.7,0.0039,5511863.0
1991,p99.93p99.94,99.93,99.94,6482054.9,0.0043,6029138.5
1991,p99.94p99.95,99.94,99.95,7252069.600000001,0.0048,6692289.0
1991,p99.95p99.96,99.95,99.96,8304981.9,0.0055,7580555.0
1991,p99.96p99.97,99.96,99.97,9854685.9,0.0065,8848744.0
1991,p99.97p99.98,99.97,99.98,12426210.4,0.0082,10856914.0
1991,p99.98p99.99,99.98,99.99,17855076.9,0.0117,14755300.0
1991,p99.99p99.991,99.99,99.991,23862585.1,0.0016,20327954.0
1991,p99.991p99.992,99.991,99.992,25753334.4,0.0017,24176574.0
1991,p99.992p99.993,99.992,99.993,28058810.2,0.0018,26221286.0
1991,p99.993p99.994,99.993,99.994,30963452.7,0.002,28760044.0
1991,p99.994p99.995,99.994,99.995,34736929.2,0.0023,32014124.0
1991,p99.995p99.996,99.995,99.996,39895306.3,0.0026,36366388.0
1991,p99.996p99.997,99.996,99.997,47482649.0,0.0031,42577052.0
1991,p99.997p99.998,99.997,99.998,60050341.6,0.0039,52398088.0
1991,p99.998p99.999,99.998,99.999,86604923.0,0.0057,71461376.0
1991,p99.999p100,99.999,100.0,492307223.2,0.0323,282089152.0
1992,p0p1,0.0,1.0,-72297.5,-0.0043,-144595.0
1992,p1p2,1.0,2.0,-9066.0,-0.0005,-39458.0
1992,p2p3,2.0,3.0,-7148.6,-0.0004,-7863.400000000001
1992,p3p4,3.0,4.0,-5871.5,-0.0003,-6314.200000000001
1992,p4p5,4.0,5.0,-4590.2,-0.0003,-5073.5
1992,p5p6,5.0,6.0,-3304.1,-0.0002,-3828.4
1992,p6p7,6.0,7.0,-2013.0,-0.0001,-2578.6
1992,p7p8,7.0,8.0,-716.9000000000001,0.0,-1323.9
1992,p8p9,8.0,9.0,584.2,0.0,-64.4
1992,p9p10,9.0,10.0,1884.9,0.0001,1197.4
1992,p10p11,10.0,11.0,2681.6,0.0002,2214.6
1992,p11p12,11.0,12.0,3523.1,0.0002,3009.0
1992,p12p13,12.0,13.0,4468.1,0.0003,3875.4
1992,p13p14,13.0,14.0,5462.400000000001,0.0003,4815.900000000001
1992,p14p15,14.0,15.0,6473.900000000001,0.0004,5788.6
1992,p15p16,15.0,16.0,7427.700000000001,0.0004,6741.700000000001
1992,p16p17,16.0,17.0,8119.0,0.0005,7539.5
1992,p17p18,17.0,18.0,8730.9,0.0005,8171.5
1992,p18p19,18.0,19.0,9759.300000000001,0.0006,8967.0
1992,p19p20,19.0,20.0,11012.7,0.0007,10073.5
1992,p20p21,20.0,21.0,12364.0,0.0007,11336.7
1992,p21p22,21.0,22.0,13736.9,0.0008,12657.9
1992,p22p23,22.0,23.0,15053.4,0.0009,13962.1
1992,p23p24,23.0,24.0,16106.6,0.001,15580.0
1992,p24p25,24.0,25.0,16835.2,0.001,16470.9
1992,p25p26,25.0,26.0,18026.5,0.0011,16906.5
1992,p26p27,26.0,27.0,19464.8,0.0012,18181.7
1992,p27p28,27.0,28.0,21003.9,0.0012,19625.6
1992,p28p29,28.0,29.0,22587.5,0.0013,21140.0
1992,p29p30,29.0,30.0,24239.8,0.0014,22709.3
1992,p30p31,30.0,31.0,25832.1,0.0015,25036.0
1992,p31p32,31.0,32.0,27310.4,0.0016,26571.3
1992,p32p33,32.0,33.0,28710.8,0.0017,28010.6
1992,p33p34,33.0,34.0,30185.1,0.0018,29448.0
1992,p34p35,34.0,35.0,31774.4,0.0019,30979.8
1992,p35p36,35.0,36.0,33502.9,0.002,32638.7
1992,p36p37,36.0,37.0,35326.1,0.0021,34414.5
1992,p37p38,37.0,38.0,37232.5,0.0022,36279.3
1992,p38p39,38.0,39.0,39213.4,0.0023,38223.0
1992,p39p40,39.0,40.0,41260.4,0.0025,40236.9
1992,p40p41,40.0,41.0,43476.10000000001,0.0026,42368.3
1992,p41p42,41.0,42.0,45842.5,0.0027,44659.3
1992,p42p43,42.0,43.0,48257.10000000001,0.0029,47049.8
1992,p43p44,43.0,44.0,50720.2,0.003,49488.7
1992,p44p45,44.0,45.0,53246.0,0.0032,51983.10000000001
1992,p45p46,45.0,46.0,55541.7,0.0033,54393.8
1992,p46p47,46.0,47.0,58245.5,0.0035,56893.60000000001
1992,p47p48,47.0,48.0,61389.2,0.0037,59817.4
1992,p48p49,48.0,49.0,64789.9,0.0039,63089.60000000001
1992,p49p50,49.0,50.0,68384.3,0.0041,66587.1
1992,p50p51,50.0,51.0,72112.6,0.0043,70248.40000000001
1992,p51p52,51.0,52.0,75902.7,0.0045,74007.7
1992,p52p53,52.0,53.0,79672.1,0.0047,77787.40000000001
1992,p53p54,53.0,54.0,83346.6,0.005,81509.3
1992,p54p55,54.0,55.0,86934.20000000001,0.0052,85140.40000000001
1992,p55p56,55.0,56.0,90531.1,0.0054,88732.70000000001
1992,p56p57,56.0,57.0,94227.1,0.0056,92379.1
1992,p57p58,57.0,58.0,98046.90000000001,0.0058,96137.0
1992,p58p59,58.0,59.0,101994.4,0.0061,100020.7
1992,p59p60,59.0,60.0,106089.1,0.0063,104041.7
1992,p60p61,60.0,61.0,110356.6,0.0066,108222.9
1992,p61p62,61.0,62.0,114799.8,0.0068,112578.2
1992,p62p63,62.0,63.0,119395.9,0.0071,117097.9
1992,p63p64,63.0,64.0,124085.1,0.0074,121740.5
1992,p64p65,64.0,65.0,128816.7,0.0077,126450.9
1992,p65p66,65.0,66.0,133608.8,0.008,131212.8
1992,p66p67,66.0,67.0,138494.3,0.0082,136051.6
1992,p67p68,67.0,68.0,143507.7,0.0085,141001.0
1992,p68p69,68.0,69.0,148682.8,0.0088,146095.2
1992,p69p70,69.0,70.0,154049.8,0.0092,151366.3
1992,p70p71,70.0,71.0,159633.5,0.0095,156841.6
1992,p71p72,71.0,72.0,165451.5,0.0098,162542.5
1992,p72p73,72.0,73.0,171502.5,0.0102,168477.0
1992,p73p74,73.0,74.0,177737.0,0.0106,174619.8
1992,p74p75,74.0,75.0,184088.8,0.011,180912.9
1992,p75p76,75.0,76.0,190589.0,0.0113,187338.9
1992,p76p77,76.0,77.0,197325.3,0.0117,193957.2
1992,p77p78,77.0,78.0,204400.9,0.0122,200863.1
1992,p78p79,78.0,79.0,211925.2,0.0126,208163.1
1992,p79p80,79.0,80.0,220005.9,0.0131,215965.5
1992,p80p81,80.0,81.0,228738.1,0.0136,224372.0
1992,p81p82,81.0,82.0,238201.0,0.0142,233469.6
1992,p82p83,82.0,83.0,248471.8,0.0148,243336.4
1992,p83p84,83.0,84.0,259650.6,0.0155,254061.2
1992,p84p85,84.0,85.0,271741.3,0.0162,265695.9
1992,p85p86,85.0,86.0,284489.8,0.0169,278115.6
1992,p86p87,86.0,87.0,297858.7,0.0177,291174.2
1992,p87p88,87.0,88.0,312352.6,0.0186,305105.6
1992,p88p89,88.0,89.0,328559.8,0.0196,320456.2
1992,p89p90,89.0,90.0,346940.3,0.0206,341358.4
1992,p90p91,90.0,91.0,367902.7,0.0219,357421.5
1992,p91p92,91.0,92.0,391739.1,0.0233,368394.8
1992,p92p93,92.0,93.0,416954.9,0.0248,392470.5
1992,p93p94,93.0,94.0,440841.4,0.0262,428898.1
1992,p94p95,94.0,95.0,467734.7,0.0278,454288.0
1992,p95p96,95.0,96.0,510553.6,0.0304,474429.3
1992,p96p97,96.0,97.0,587119.8,0.0349,532326.2000000001
1992,p97p98,97.0,98.0,735532.1000000001,0.0438,641431.4
1992,p98p99,98.0,99.0,1040990.8,0.0619,861540.0
1992,p99p99.1,99.0,99.1,1394355.4,0.0083,1181042.1
1992,p99.1p99.2,99.1,99.2,1504645.4,0.009,1405895.4
1992,p99.2p99.3,99.2,99.3,1639959.1,0.0098,1525003.0
1992,p99.3p99.4,99.3,99.4,1809498.7,0.0108,1672844.1
1992,p99.4p99.5,99.4,99.5,2025984.7,0.0121,1860050.6
1992,p99.5p99.6,99.5,99.6,2301489.9,0.0137,2098646.0
1992,p99.6p99.7,99.6,99.7,2681386.2,0.016,2416488.5
1992,p99.7p99.8,99.7,99.8,3300035.4,0.0196,2900741.8
1992,p99.8p99.9,99.8,99.9,4571917.2,0.0272,3817571.0
1992,p99.9p99.91,99.9,99.91,5948714.5,0.0035,5102071.0
1992,p99.91p99.92,99.91,99.92,6374353.0,0.0038,5976177.5
1992,p99.92p99.93,99.92,99.93,6890753.0,0.0041,6433027.0
1992,p99.93p99.94,99.93,99.94,7533735.0,0.0045,6995279.5
1992,p99.94p99.95,99.94,99.95,8362980.7,0.005,7709248.5
1992,p99.95p99.96,99.95,99.96,9483904.3,0.0056,8655000.0
1992,p99.96p99.97,99.96,99.97,11109892.1,0.0066,9987138.0
1992,p99.97p99.98,99.97,99.98,13756706.9,0.0082,12059271.0
1992,p99.98p99.99,99.98,99.99,19184475.2,0.0114,15975109.0
1992,p99.99p99.991,99.99,99.991,25044849.4,0.0015,21449390.0
1992,p99.991p99.992,99.991,99.992,26855215.6,0.0016,25169384.0
1992,p99.992p99.993,99.992,99.993,29048715.5,0.0017,27111092.0
1992,p99.993p99.994,99.993,99.994,31783966.6,0.0019,29501332.0
1992,p99.994p99.995,99.994,99.995,35305985.8,0.0021,32535848.0
1992,p99.995p99.996,99.995,99.996,40065543.1,0.0024,36552072.0
1992,p99.996p99.997,99.996,99.997,46966503.7,0.0028,42206936.0
1992,p99.997p99.998,99.997,99.998,58188955.7,0.0035,50996044.0
1992,p99.998p99.999,99.998,99.999,81208234.30000001,0.0048,67601864.0
1992,p99.999p100,99.999,100.0,533247094.7,0.0317,297985376.0
1993,p0p1,0.0,1.0,-92331.20000000001,-0.0058,-184662.3
1993,p1p2,1.0,2.0,-11576.7,-0.0007,-50468.4
1993,p2p3,2.0,3.0,-9368.300000000001,-0.0006,-10173.0
1993,p3p4,3.0,4.0,-7963.6,-0.0005,-8418.2
1993,p4p5,4.0,5.0,-6558.8,-0.0004,-7053.6
1993,p5p6,5.0,6.0,-5154.0,-0.0003,-5689.0
1993,p6p7,6.0,7.0,-3749.3,-0.0002,-4324.400000000001
1993,p7p8,7.0,8.0,-2344.5,-0.0001,-2959.8
1993,p8p9,8.0,9.0,-939.8000000000001,-0.0001,-1595.2
1993,p9p10,9.0,10.0,457.8,0.0,-234.1
1993,p10p11,10.0,11.0,1220.1,0.0001,814.9000000000001
1993,p11p12,11.0,12.0,2031.1,0.0001,1579.1
1993,p12p13,12.0,13.0,2963.8,0.0002,2426.1
1993,p13p14,13.0,14.0,3949.9,0.0002,3358.0
1993,p14p15,14.0,15.0,4949.3,0.0003,4322.400000000001
1993,p15p16,15.0,16.0,5868.200000000001,0.0004,5254.1
1993,p16p17,16.0,17.0,6451.3,0.0004,5983.6
1993,p17p18,17.0,18.0,6926.400000000001,0.0004,6497.6
1993,p18p19,18.0,19.0,7911.700000000001,0.0005,7206.900000000001
1993,p19p20,19.0,20.0,9168.2,0.0006,8295.800000000001
1993,p20p21,20.0,21.0,10537.2,0.0007,9571.0
1993,p21p22,21.0,22.0,11922.8,0.0007,10908.9
1993,p22p23,22.0,23.0,13227.5,0.0008,12215.6
1993,p23p24,23.0,24.0,14193.0,0.0009,13710.3
1993,p24p25,24.0,25.0,14742.5,0.0009,14467.7
1993,p25p26,25.0,26.0,15857.2,0.001,14862.4
1993,p26p27,26.0,27.0,17267.6,0.0011,16088.9
1993,p27p28,27.0,28.0,18791.1,0.0012,17513.9
1993,p28p29,28.0,29.0,20357.0,0.0013,19014.4
1993,p29p30,29.0,30.0,21994.6,0.0014,20570.3
1993,p30p31,30.0,31.0,23544.6,0.0015,22118.6
1993,p31p32,31.0,32.0,24937.6,0.0016,24024.8
1993,p32p33,32.0,33.0,26218.3,0.0016,25930.9
1993,p33p34,33.0,34.0,27575.5,0.0017,26896.9
1993,p34p35,34.0,35.0,29059.9,0.0018,28317.7
1993,p35p36,35.0,36.0,30700.6,0.0019,29880.2
1993,p36p37,36.0,37.0,32442.0,0.002,31571.3
1993,p37p38,37.0,38.0,34268.8,0.0021,33355.4
1993,p38p39,38.0,39.0,36169.5,0.0023,35219.2
1993,p39p40,39.0,40.0,38132.8,0.0024,37151.1
1993,p40p41,40.0,41.0,40285.60000000001,0.0025,39209.2
1993,p41p42,41.0,42.0,42604.9,0.0027,41445.3
1993,p42p43,42.0,43.0,44962.0,0.0028,43783.5
1993,p43p44,43.0,44.0,47356.10000000001,0.003,46898.7
1993,p44p45,44.0,45.0,49804.10000000001,0.0031,48804.9
1993,p45p46,45.0,46.0,51939.8,0.0033,50711.10000000001
1993,p46p47,46.0,47.0,54558.3,0.0034,52617.2
1993,p47p48,47.0,48.0,57698.2,0.0036,56128.2
1993,p48p49,48.0,49.0,61130.2,0.0038,57715.4
1993,p49p50,49.0,50.0,64774.2,0.0041,63618.4
1993,p50p51,50.0,51.0,68554.5,0.0043,66664.40000000001
1993,p51p52,51.0,52.0,72379.40000000001,0.0045,70467.0
1993,p52p53,52.0,53.0,76143.90000000001,0.0048,74261.7
1993,p53p54,53.0,54.0,79753.20000000001,0.005,77948.6
1993,p54p55,54.0,55.0,83215.3,0.0052,81484.3
1993,p55p56,55.0,56.0,86648.40000000001,0.0054,84931.8
1993,p56p57,56.0,57.0,90163.0,0.0057,88405.70000000001
1993,p57p58,57.0,58.0,93786.20000000001,0.0059,91974.6
1993,p58p59,58.0,59.0,97522.70000000001,0.0061,95654.40000000001
1993,p59p60,59.0,60.0,101397.9,0.0064,99460.3
1993,p60p61,60.0,61.0,105435.2,0.0066,103416.6
1993,p61p62,61.0,62.0,109637.7,0.0069,107536.4
1993,p62p63,62.0,63.0,113973.9,0.0071,111805.8
1993,p63p64,63.0,64.0,118365.2,0.0074,116169.5
1993,p64p65,64.0,65.0,122744.7,0.0077,120554.9
1993,p65p66,65.0,66.0,127131.0,0.008,124937.8
1993,p66p67,66.0,67.0,131561.9,0.0083,129346.5
1993,p67p68,67.0,68.0,136076.9,0.0085,133819.4
1993,p68p69,68.0,69.0,140713.6,0.0088,138395.2
1993,p69p70,69.0,70.0,145505.3,0.0091,143109.4
1993,p70p71,70.0,71.0,150478.8,0.0094,147992.1
1993,p71p72,71.0,72.0,155650.4,0.0098,153064.6
1993,p72p73,72.0,73.0,161011.9,0.0101,158331.2
1993,p73p74,73.0,74.0,166495.5,0.0104,163753.7
1993,p74p75,74.0,75.0,172011.6,0.0108,169253.5
1993,p75p76,75.0,76.0,177592.4,0.0111,174802.0
1993,p76p77,76.0,77.0,183339.3,0.0115,180465.8
1993,p77p78,77.0,78.0,189371.4,0.0119,186355.4
1993,p78p79,78.0,79.0,195815.4,0.0123,192593.4
1993,p79p80,79.0,80.0,202793.0,0.0127,199304.2
1993,p80p81,80.0,81.0,210408.2,0.0132,206600.6
1993,p81p82,81.0,82.0,218743.0,0.0137,214575.6
1993,p82p83,82.0,83.0,227875.7,0.0143,223309.3
1993,p83p84,83.0,84.0,237911.2,0.0149,232893.5
1993,p84p85,84.0,85.0,248833.5,0.0156,243372.4
1993,p85p86,85.0,86.0,260306.7,0.0163,254570.1
1993,p86p87,86.0,87.0,272258.4,0.0171,266282.6
1993,p87p88,87.0,88.0,285277.1,0.0179,278767.8
1993,p88p89,88.0,89.0,300045.5,0.0188,293836.7
1993,p89p90,89.0,90.0,317078.9,0.0199,308562.2
1993,p90p91,90.0,91.0,336817.9,0.0211,317600.2
1993,p91p92,91.0,92.0,359557.3,0.0225,338232.1
1993,p92p93,92.0,93.0,383372.3,0.024,360524.8
1993,p93p94,93.0,94.0,404798.2,0.0254,394085.2
1993,p94p95,94.0,95.0,428966.2,0.0269,404962.6
1993,p95p96,95.0,96.0,471383.3,0.0296,437303.2
1993,p96p97,96.0,97.0,553686.3,0.0347,497880.2
1993,p97p98,97.0,98.0,723375.7000000001,0.0454,620273.9
1993,p98p99,98.0,99.0,1072153.0,0.0672,872095.2000000001
1993,p99p99.1,99.0,99.1,1460968.9,0.0092,1230347.0
1993,p99.1p99.2,99.1,99.2,1578617.1,0.0099,1476338.6
1993,p99.2p99.3,99.2,99.3,1721833.7,0.0108,1603041.6
1993,p99.3p99.4,99.3,99.4,1899778.2,0.0119,1759030.9
1993,p99.4p99.5,99.4,99.5,2125165.7,0.0133,1954930.8
1993,p99.5p99.6,99.5,99.6,2411964.6,0.0151,2203701.5
1993,p99.6p99.7,99.6,99.7,2808855.6,0.0176,2535772.5
1993,p99.7p99.8,99.7,99.8,3441907.9,0.0216,3036019.8
1993,p99.8p99.9,99.8,99.9,4701541.0,0.0295,3955304.5
1993,p99.9p99.91,99.9,99.91,6028634.4,0.0038,5211687.0
1993,p99.91p99.92,99.91,99.92,6430585.300000001,0.004,6051491.0
1993,p99.92p99.93,99.92,99.93,6914382.800000001,0.0043,6481702.0
1993,p99.93p99.94,99.93,99.94,7511523.9,0.0047,7006718.0
1993,p99.94p99.95,99.94,99.95,8273402.4,0.0052,7666799.5
1993,p99.95p99.96,99.95,99.96,9290977.0,0.0058,8531086.0
1993,p99.96p99.97,99.96,99.97,10744967.5,0.0067,9731535.0
1993,p99.97p99.98,99.97,99.98,13065399.2,0.0082,11564787.0
1993,p99.98p99.99,99.98,99.99,17683765.9,0.0111,14934988.0
1993,p99.99p99.991,99.99,99.991,22550631.1,0.0014,19542002.0
1993,p99.991p99.992,99.991,99.992,24024979.5,0.0015,22621954.0
1993,p99.992p99.993,99.992,99.993,25799666.9,0.0016,24200022.0
1993,p99.993p99.994,99.993,99.994,27990309.8,0.0018,26125998.0
1993,p99.994p99.995,99.994,99.995,30785562.4,0.0019,28547666.0
1993,p99.995p99.996,99.995,99.996,34519364.4,0.0022,31718854.0
1993,p99.996p99.997,99.996,99.997,39855267.5,0.0025,36124044.0
1993,p99.997p99.998,99.997,99.998,48372456.0,0.003,42852544.0
1993,p99.998p99.999,99.998,99.999,65329052.8,0.0041,55225260.0
1993,p99.999p100,99.999,100.0,495396369.8,0.0311,272346496.0
1994,p0p1,0.0,1.0,-90356.8,-0.0057,-180713.6
1994,p1p2,1.0,2.0,-14864.3,-0.0009,-50938.10000000001
1994,p2p3,2.0,3.0,-11076.8,-0.0007,-12558.2
1994,p3p4,3.0,4.0,-8772.1,-0.0005,-9609.0
1994,p4p5,4.0,5.0,-6781.1,-0.0004,-7529.400000000001
1994,p5p6,5.0,6.0,-4882.5,-0.0003,-5646.400000000001
1994,p6p7,6.0,7.0,-3209.2,-0.0002,-3917.2
1994,p7p8,7.0,8.0,-1913.7,-0.0001,-2480.0
1994,p8p9,8.0,9.0,-776.1,0.0,-1302.1
1994,p9p10,9.0,10.0,356.8,0.0,-203.0
1994,p10p11,10.0,11.0,986.9000000000001,0.0001,650.5
1994,p11p12,11.0,12.0,1669.5,0.0001,1286.0
1994,p12p13,12.0,13.0,2461.4,0.0002,1999.8
1994,p13p14,13.0,14.0,3341.4,0.0002,2809.2
1994,p14p15,14.0,15.0,4244.1,0.0003,3672.2
1994,p15p16,15.0,16.0,5097.400000000001,0.0003,4522.3
1994,p16p17,16.0,17.0,5687.200000000001,0.0004,5220.900000000001
1994,p17p18,17.0,18.0,6222.900000000001,0.0004,5765.8
1994,p18p19,18.0,19.0,7178.900000000001,0.0004,6487.900000000001
1994,p19p20,19.0,20.0,8362.2,0.0005,7523.5
1994,p20p21,20.0,21.0,9649.4,0.0006,8719.5
1994,p21p22,21.0,22.0,10950.7,0.0007,9972.6
1994,p22p23,22.0,23.0,12186.2,0.0008,11200.7
1994,p23p24,23.0,24.0,13182.9,0.0008,12684.6
1994,p24p25,24.0,25.0,13836.7,0.0009,13509.8
1994,p25p26,25.0,26.0,14959.8,0.0009,13940.5
1994,p26p27,26.0,27.0,16345.9,0.001,15155.3
1994,p27p28,27.0,28.0,17859.5,0.0011,16559.0
1994,p28p29,28.0,29.0,19356.9,0.0012,18016.7
1994,p29p30,29.0,30.0,20951.8,0.0013,19513.7
1994,p30p31,30.0,31.0,22558.1,0.0014,21754.9
1994,p31p32,31.0,32.0,24000.9,0.0015,23279.5
1994,p32p33,32.0,33.0,25313.5,0.0016,24657.2
1994,p33p34,33.0,34.0,26711.7,0.0017,26012.6
1994,p34p35,34.0,35.0,28249.7,0.0018,27480.7
1994,p35p36,35.0,36.0,30021.5,0.0019,29135.6
1994,p36p37,36.0,37.0,31780.0,0.002,30900.8
1994,p37p38,37.0,38.0,33581.6,0.0021,32680.8
1994,p38p39,38.0,39.0,35499.0,0.0022,34540.3
1994,p39p40,39.0,40.0,37510.9,0.0023,36504.9
1994,p40p41,40.0,41.0,39715.3,0.0025,38613.1
1994,p41p42,41.0,42.0,42018.9,0.0026,40867.10000000001
1994,p42p43,42.0,43.0,44360.3,0.0028,43189.60000000001
1994,p43p44,43.0,44.0,46780.7,0.0029,45570.5
1994,p44p45,44.0,45.0,49281.7,0.0031,48031.2
1994,p45p46,45.0,46.0,51581.8,0.0032,50431.7
1994,p46p47,46.0,47.0,54346.9,0.0034,52964.4
1994,p47p48,47.0,48.0,57534.3,0.0036,55940.60000000001
1994,p48p49,48.0,49.0,60873.2,0.0038,59203.7
1994,p49p50,49.0,50.0,64401.60000000001,0.004,62637.4
1994,p50p51,50.0,51.0,68069.3,0.0043,66235.40000000001
1994,p51p52,51.0,52.0,71821.3,0.0045,69945.3
1994,p52p53,52.0,53.0,75494.1,0.0047,73657.7
1994,p53p54,53.0,54.0,79052.3,0.0049,77273.2
1994,p54p55,54.0,55.0,82455.8,0.0052,80754.1
1994,p55p56,55.0,56.0,85865.90000000001,0.0054,84160.90000000001
1994,p56p57,56.0,57.0,89308.40000000001,0.0056,87587.1
1994,p57p58,57.0,58.0,92984.90000000001,0.0058,91146.70000000001
1994,p58p59,58.0,59.0,96849.1,0.0061,94917.0
1994,p59p60,59.0,60.0,100812.8,0.0063,98830.90000000001
1994,p60p61,60.0,61.0,104802.7,0.0066,102807.7
1994,p61p62,61.0,62.0,108964.3,0.0068,106883.5
1994,p62p63,62.0,63.0,113258.1,0.0071,111111.2
1994,p63p64,63.0,64.0,117635.2,0.0074,115446.7
1994,p64p65,64.0,65.0,122016.6,0.0076,119825.9
1994,p65p66,65.0,66.0,126562.3,0.0079,124289.4
1994,p66p67,66.0,67.0,130978.7,0.0082,128770.5
1994,p67p68,67.0,68.0,135448.4,0.0085,133213.6
1994,p68p69,68.0,69.0,140131.6,0.0088,137790.0
1994,p69p70,69.0,70.0,145027.2,0.0091,142579.4
1994,p70p71,70.0,71.0,150045.4,0.0094,147536.3
1994,p71p72,71.0,72.0,155244.0,0.0097,152644.7
1994,p72p73,72.0,73.0,160734.8,0.0101,157989.4
1994,p73p74,73.0,74.0,166292.4,0.0104,163513.6
1994,p74p75,74.0,75.0,171799.1,0.0107,169045.8
1994,p75p76,75.0,76.0,177406.0,0.0111,174602.5
1994,p76p77,76.0,77.0,183407.6,0.0115,180406.8
1994,p77p78,77.0,78.0,189597.6,0.0119,186502.6
1994,p78p79,78.0,79.0,196059.2,0.0123,192828.4
1994,p79p80,79.0,80.0,203155.2,0.0127,199607.2
1994,p80p81,80.0,81.0,210842.7,0.0132,206999.0
1994,p81p82,81.0,82.0,219159.7,0.0137,215001.2
1994,p82p83,82.0,83.0,228187.4,0.0143,223673.5
1994,p83p84,83.0,84.0,238190.2,0.0149,233188.8
1994,p84p85,84.0,85.0,249268.5,0.0156,243729.3
1994,p85p86,85.0,86.0,260862.6,0.0163,255065.5
1994,p86p87,86.0,87.0,272939.7,0.0171,266901.1
1994,p87p88,87.0,88.0,286399.3,0.0179,279669.5
1994,p88p89,88.0,89.0,301652.2,0.0189,294025.7
1994,p89p90,89.0,90.0,319250.0,0.02,313961.2
1994,p90p91,90.0,91.0,339425.8,0.0212,329337.9
1994,p91p92,91.0,92.0,362412.1,0.0227,339763.7
1994,p92p93,92.0,93.0,386501.6,0.0242,363022.0
1994,p93p94,93.0,94.0,409644.3,0.0256,398073.0
1994,p94p95,94.0,95.0,436325.4,0.0273,422984.9
1994,p95p96,95.0,96.0,481449.2,0.0301,444299.8
1994,p96p97,96.0,97.0,565646.6,0.0354,506904.9
1994,p97p98,97.0,98.0,726651.2000000001,0.0454,625608.6
1994,p98p99,98.0,99.0,1105513.0,0.0691,886960.9
1994,p99p99.1,99.0,99.1,1581251.0,0.0099,1300677.4
1994,p99.1p99.2,99.1,99.2,1700168.7,0.0106,1588553.6
1994,p99.2p99.3,99.2,99.3,1840770.3,0.0115,1714188.3
1994,p99.3p99.4,99.3,99.4,2010394.7,0.0126,1864370.5
1994,p99.4p99.5,99.4,99.5,2218947.7,0.0139,2047448.4
1994,p99.5p99.6,99.5,99.6,2476704.2,0.0155,2273191.3
1994,p99.6p99.7,99.6,99.7,2820856.2,0.0176,2564578.5
1994,p99.7p99.8,99.7,99.8,3345288.0,0.0209,2985064.8
1994,p99.8p99.9,99.8,99.9,4474994.0,0.028,3785842.3
1994,p99.9p99.91,99.9,99.91,5742329.800000001,0.0036,5551073.800000001
1994,p99.91p99.92,99.91,99.92,6088967.800000001,0.0038,5915648.800000001
1994,p99.92p99.93,99.92,99.93,6496008.2,0.0041,6092457.5
1994,p99.93p99.94,99.93,99.94,6987714.5,0.0044,6527545.5
1994,p99.94p99.95,99.94,99.95,7593773.100000001,0.0047,7058979.5
1994,p99.95p99.96,99.95,99.96,8382682.7,0.0052,7734291.5
1994,p99.96p99.97,99.96,99.97,9471295.200000001,0.0059,8643211.0
1994,p99.97p99.98,99.97,99.98,11136108.7,0.007,9976160.0
1994,p99.98p99.99,99.98,99.99,14262605.9,0.0089,12295659.0
1994,p99.99p99.991,99.99,99.991,17372183.0,0.0011,15314578.0
1994,p99.991p99.992,99.991,99.992,18819422.0,0.0012,17520558.0
1994,p99.992p99.993,99.992,99.993,26290760.5,0.0016,21838092.0
1994,p99.993p99.994,99.993,99.994,32192739.0,0.002,28312188.0
1994,p99.994p99.995,99.994,99.995,37663134.5,0.0024,33817620.0
1994,p99.995p99.996,99.995,99.996,43712580.1,0.0027,39394440.0
1994,p99.996p99.997,99.996,99.997,51266497.2,0.0032,45979900.0
1994,p99.997p99.998,99.997,99.998,62176536.2,0.0039,54918404.0
1994,p99.998p99.999,99.998,99.999,81285258.60000001,0.0051,69450656.0
1994,p99.999p100,99.999,100.0,508620345.5,0.0318,285576608.0
1995,p0p1,0.0,1.0,-85803.40000000001,-0.0055,-171606.8
1995,p1p2,1.0,2.0,-17675.5,-0.0011,-49789.8
1995,p2p3,2.0,3.0,-12431.7,-0.0008,-14486.3
1995,p3p4,3.0,4.0,-9305.0,-0.0006,-10458.8
1995,p4p5,4.0,5.0,-6794.1,-0.0004,-7746.200000000001
1995,p5p6,5.0,6.0,-4464.400000000001,-0.0003,-5417.1
1995,p6p7,6.0,7.0,-2575.7,-0.0002,-3387.4
1995,p7p8,7.0,8.0,-1426.6,-0.0001,-1925.7
1995,p8p9,8.0,9.0,-586.8000000000001,0.0,-968.8000000000001
1995,p9p10,9.0,10.0,250.3,0.0,-161.9
1995,p10p11,10.0,11.0,729.0,0.0,471.2
1995,p11p12,11.0,12.0,1262.2,0.0001,958.1
1995,p12p13,12.0,13.0,1889.8,0.0001,1516.6
1995,p13p14,13.0,14.0,2637.7,0.0002,2178.4
1995,p14p15,14.0,15.0,3417.2,0.0002,2913.4
1995,p15p16,15.0,16.0,4180.0,0.0003,3655.5
1995,p16p17,16.0,17.0,4758.3,0.0003,4300.8
1995,p17p18,17.0,18.0,5337.3,0.0003,4857.6
1995,p18p19,18.0,19.0,6235.8,0.0004,5568.5
1995,p19p20,19.0,20.0,7311.8,0.0005,6518.5
1995,p20p21,20.0,21.0,8479.800000000001,0.0005,7598.3
1995,p21p22,21.0,22.0,9659.300000000001,0.0006,8727.800000000001
1995,p22p23,22.0,23.0,10789.8,0.0007,9839.300000000001
1995,p23p24,23.0,24.0,11787.7,0.0008,11288.8
1995,p24p25,24.0,25.0,12524.6,0.0008,12156.2
1995,p25p26,25.0,26.0,13622.6,0.0009,12581.0
1995,p26p27,26.0,27.0,14944.3,0.001,13745.2
1995,p27p28,27.0,28.0,16403.7,0.001,15083.4
1995,p28p29,28.0,29.0,17790.2,0.0011,16452.7
1995,p29p30,29.0,30.0,19297.6,0.0012,17845.1
1995,p30p31,30.0,31.0,20910.6,0.0013,20104.1
1995,p31p32,31.0,32.0,22359.6,0.0014,21635.1
1995,p32p33,32.0,33.0,23664.7,0.0015,23012.1
1995,p33p34,33.0,34.0,25061.5,0.0016,24363.1
1995,p34p35,34.0,35.0,26606.7,0.0017,25834.1
1995,p35p36,35.0,36.0,28455.1,0.0018,27530.9
1995,p36p37,36.0,37.0,30178.2,0.0019,29316.7
1995,p37p38,37.0,38.0,31901.5,0.002,31039.9
1995,p38p39,38.0,39.0,33778.6,0.0022,32840.0
1995,p39p40,39.0,40.0,35778.6,0.0023,34778.6
1995,p40p41,40.0,41.0,37968.6,0.0024,36873.6
1995,p41p42,41.0,42.0,40188.3,0.0026,39078.5
1995,p42p43,42.0,43.0,42444.7,0.0027,41316.5
1995,p43p44,43.0,44.0,44819.5,0.0029,43632.10000000001
1995,p44p45,44.0,45.0,47298.2,0.003,46058.9
1995,p45p46,45.0,46.0,49691.2,0.0032,48494.7
1995,p46p47,46.0,47.0,52517.4,0.0034,51104.3
1995,p47p48,47.0,48.0,55655.3,0.0036,54086.4
1995,p48p49,48.0,49.0,58802.4,0.0038,57228.8
1995,p49p50,49.0,50.0,62111.3,0.004,60456.9
1995,p50p51,50.0,51.0,65558.8,0.0042,63835.0
1995,p51p52,51.0,52.0,69127.1,0.0044,67342.90000000001
1995,p52p53,52.0,53.0,72600.40000000001,0.0046,70863.7
1995,p53p54,53.0,54.0,76002.2,0.0049,74301.3
1995,p54p55,54.0,55.0,79246.1,0.0051,77624.1
1995,p55p56,55.0,56.0,82531.0,0.0053,80888.5
1995,p56p57,56.0,57.0,85799.20000000001,0.0055,84165.1
1995,p57p58,57.0,58.0,89421.70000000001,0.0057,87610.40000000001
1995,p58p59,58.0,59.0,93298.1,0.006,91359.90000000001
1995,p59p60,59.0,60.0,97221.3,0.0062,95259.70000000001
1995,p60p61,60.0,61.0,101044.2,0.0065,99132.70000000001
1995,p61p62,61.0,62.0,105040.2,0.0067,103042.2
1995,p62p63,62.0,63.0,109162.6,0.007,107101.4
1995,p63p64,63.0,64.0,113393.6,0.0072,111278.1
1995,p64p65,64.0,65.0,117644.8,0.0075,115519.2
1995,p65p66,65.0,66.0,122209.8,0.0078,119927.3
1995,p66p67,66.0,67.0,126479.6,0.0081,124344.7
1995,p67p68,67.0,68.0,130771.4,0.0084,128625.5
1995,p68p69,68.0,69.0,135360.9,0.0086,133066.1
1995,p69p70,69.0,70.0,140212.7,0.009,137786.8
1995,p70p71,70.0,71.0,145124.2,0.0093,142668.5
1995,p71p72,71.0,72.0,150192.7,0.0096,147658.5
1995,p72p73,72.0,73.0,155645.4,0.0099,152919.0
1995,p73p74,73.0,74.0,161108.5,0.0103,158377.0
1995,p74p75,74.0,75.0,166441.5,0.0106,163775.0
1995,p75p76,75.0,76.0,171906.3,0.011,169173.9
1995,p76p77,76.0,77.0,177978.4,0.0114,174942.3
1995,p77p78,77.0,78.0,184141.2,0.0118,181059.8
1995,p78p79,78.0,79.0,190429.9,0.0122,187285.6
1995,p79p80,79.0,80.0,197432.0,0.0126,193931.0
1995,p80p81,80.0,81.0,204963.4,0.0131,201197.7
1995,p81p82,81.0,82.0,213018.9,0.0136,208991.2
1995,p82p83,82.0,83.0,221679.8,0.0142,217349.3
1995,p83p84,83.0,84.0,231358.4,0.0148,226519.1
1995,p84p85,84.0,85.0,242264.3,0.0155,236811.4
1995,p85p86,85.0,86.0,253636.7,0.0162,247950.5
1995,p86p87,86.0,87.0,265482.1,0.017,259559.4
1995,p87p88,87.0,88.0,278977.4,0.0178,272229.8
1995,p88p89,88.0,89.0,294253.0,0.0188,286615.2
1995,p89p90,89.0,90.0,311884.5,0.0199,303068.8
1995,p90p91,90.0,91.0,331905.6,0.0212,321895.1
1995,p91p92,91.0,92.0,354471.4,0.0226,343188.5
1995,p92p93,92.0,93.0,378137.4,0.0242,366304.4
1995,p93p94,93.0,94.0,402321.5,0.0257,394945.0
1995,p94p95,94.0,95.0,430745.0,0.0275,416533.2
1995,p95p96,95.0,96.0,477288.2,0.0305,436908.1
1995,p96p97,96.0,97.0,560951.9,0.0358,499558.3
1995,p97p98,97.0,98.0,708670.1000000001,0.0453,610889.8
1995,p98p99,98.0,99.0,1106839.2,0.0707,873548.1000000001
1995,p99p99.1,99.0,99.1,1661881.2,0.0106,1624818.2
1995,p99.1p99.2,99.1,99.2,1778107.5,0.0114,1699945.2
1995,p99.2p99.3,99.2,99.3,1911054.1,0.0122,1844580.8
1995,p99.3p99.4,99.3,99.4,2066055.0,0.0132,1913620.8
1995,p99.4p99.5,99.4,99.5,2250100.9,0.0144,2076756.1
1995,p99.5p99.6,99.5,99.6,2469984.6,0.0158,2271110.5
1995,p99.6p99.7,99.6,99.7,2751478.5,0.0176,2512352.5
1995,p99.7p99.8,99.7,99.8,3158029.6,0.0202,2843411.3
1995,p99.8p99.9,99.8,99.9,4137276.0,0.0264,3510200.0
1995,p99.9p99.91,99.9,99.91,5312920.600000001,0.0034,4725098.3
1995,p99.91p99.92,99.91,99.92,5600322.800000001,0.0036,5456621.7
1995,p99.92p99.93,99.92,99.93,5928204.5,0.0038,5897939.9
1995,p99.93p99.94,99.93,99.94,6314011.600000001,0.004,6096918.2
1995,p99.94p99.95,99.94,99.95,6770852.4,0.0043,6542432.0
1995,p99.95p99.96,99.95,99.96,7347275.9,0.0047,6793060.5
1995,p99.96p99.97,99.96,99.97,8110609.4,0.0052,7437696.5
1995,p99.97p99.98,99.97,99.98,9221774.5,0.0059,8339627.5
1995,p99.98p99.99,99.98,99.99,11177075.7,0.0071,9815084.0
1995,p99.99p99.991,99.99,99.991,13004328.3,0.0008,11635094.0
1995,p99.991p99.992,99.991,99.992,14324868.8,0.0009,13149681.0
1995,p99.992p99.993,99.992,99.993,26026118.0,0.0017,19415230.0
1995,p99.993p99.994,99.993,99.994,35980984.5,0.0023,29835258.0
1995,p99.994p99.995,99.994,99.995,44778309.1,0.0029,38858040.0
1995,p99.995p99.996,99.995,99.996,53794998.3,0.0034,47429404.0
1995,p99.996p99.997,99.996,99.997,64090657.0,0.0041,56721712.0
1995,p99.997p99.998,99.997,99.998,77644911.60000001,0.005,68197304.0
1995,p99.998p99.999,99.998,99.999,98309052.30000001,0.0063,84661784.0
1995,p99.999p100,99.999,100.0,563032168.3000001,0.036,318210080.0
1996,p0p1,0.0,1.0,-78146.8,-0.0053,-156293.5
1996,p1p2,1.0,2.0,-19511.9,-0.0013,-45773.10000000001
1996,p2p3,2.0,3.0,-13126.6,-0.0009,-15297.8
1996,p3p4,3.0,4.0,-9371.5,-0.0006,-10545.0
1996,p4p5,4.0,5.0,-6489.6,-0.0004,-7434.200000000001
1996,p5p6,5.0,6.0,-3864.1,-0.0003,-4852.900000000001
1996,p6p7,6.0,7.0,-1858.5,-0.0001,-2682.2
1996,p7p8,7.0,8.0,-894.3000000000001,-0.0001,-1290.2
1996,p8p9,8.0,9.0,-367.4,0.0,-591.4
1996,p9p10,9.0,10.0,157.3,0.0,-98.5
1996,p10p11,10.0,11.0,466.5,0.0,292.4
1996,p11p12,11.0,12.0,828.8000000000001,0.0001,607.1
1996,p12p13,12.0,13.0,1269.8,0.0001,983.6
1996,p13p14,13.0,14.0,1857.6,0.0001,1465.8
1996,p14p15,14.0,15.0,2485.9,0.0002,2035.8
1996,p15p16,15.0,16.0,3129.9,0.0002,2632.1
1996,p16p17,16.0,17.0,3669.9,0.0002,3187.1
1996,p17p18,17.0,18.0,4261.400000000001,0.0003,3717.4
1996,p18p19,18.0,19.0,5067.200000000001,0.0003,4372.3
1996,p19p20,19.0,20.0,5996.900000000001,0.0004,5185.8
1996,p20p21,20.0,21.0,7003.5,0.0005,6093.400000000001
1996,p21p22,21.0,22.0,8019.200000000001,0.0005,7511.3
1996,p22p23,22.0,23.0,9003.6,0.0006,8511.4
1996,p23p24,23.0,24.0,9958.800000000001,0.0007,9481.2
1996,p24p25,24.0,25.0,10739.0,0.0007,10348.9
1996,p25p26,25.0,26.0,11766.3,0.0008,11252.7
1996,p26p27,26.0,27.0,12973.9,0.0009,12370.1
1996,p27p28,27.0,28.0,14321.8,0.001,13647.9
1996,p28p29,28.0,29.0,15549.8,0.0011,14935.8
1996,p29p30,29.0,30.0,16919.5,0.0012,16234.6
1996,p30p31,30.0,31.0,18463.8,0.0013,17691.6
1996,p31p32,31.0,32.0,19854.9,0.0013,19159.3
1996,p32p33,32.0,33.0,21096.0,0.0014,20475.5
1996,p33p34,33.0,34.0,22430.0,0.0015,21763.0
1996,p34p35,34.0,35.0,23914.4,0.0016,23172.2
1996,p35p36,35.0,36.0,25752.9,0.0018,24833.7
1996,p36p37,36.0,37.0,27368.5,0.0019,26560.7
1996,p37p38,37.0,38.0,28944.8,0.002,28156.6
1996,p38p39,38.0,39.0,30703.1,0.0021,29824.0
1996,p39p40,39.0,40.0,32604.9,0.0022,31654.0
1996,p40p41,40.0,41.0,34686.6,0.0024,33645.8
1996,p41p42,41.0,42.0,36732.8,0.0025,35709.7
1996,p42p43,42.0,43.0,38812.6,0.0026,37772.7
1996,p43p44,43.0,44.0,41042.5,0.0028,39927.60000000001
1996,p44p45,44.0,45.0,43392.7,0.0029,42217.60000000001
1996,p45p46,45.0,46.0,45763.60000000001,0.0031,44578.2
1996,p46p47,46.0,47.0,48517.8,0.0033,47140.7
1996,p47p48,47.0,48.0,51467.0,0.0035,49992.4
1996,p48p49,48.0,49.0,54295.60000000001,0.0037,52881.3
1996,p49p50,49.0,50.0,57254.4,0.0039,55775.0
1996,p50p51,50.0,51.0,60346.10000000001,0.0041,58800.3
1996,p51p52,51.0,52.0,63587.5,0.0043,61966.8
1996,p52p53,52.0,53.0,66722.90000000001,0.0045,65155.2
1996,p53p54,53.0,54.0,69829.90000000001,0.0047,68276.40000000001
1996,p54p55,54.0,55.0,72780.0,0.0049,71304.90000000001
1996,p55p56,55.0,56.0,75800.3,0.0052,74290.1
1996,p56p57,56.0,57.0,78759.1,0.0054,77279.7
1996,p57p58,57.0,58.0,82184.70000000001,0.0056,80471.90000000001
1996,p58p59,58.0,59.0,85910.20000000001,0.0058,84047.40000000001
1996,p59p60,59.0,60.0,89584.3,0.0061,87747.20000000001
1996,p60p61,60.0,61.0,93077.90000000001,0.0063,91331.1
1996,p61p62,61.0,62.0,96737.5,0.0066,94907.70000000001
1996,p62p63,62.0,63.0,100511.7,0.0068,98624.6
1996,p63p64,63.0,64.0,104414.3,0.0071,102463.0
1996,p64p65,64.0,65.0,108350.5,0.0074,106382.4
1996,p65p66,65.0,66.0,112726.1,0.0077,110538.3
1996,p66p67,66.0,67.0,116669.1,0.0079,114697.6
1996,p67p68,67.0,68.0,120604.9,0.0082,118637.0
1996,p68p69,68.0,69.0,124906.6,0.0085,122755.7
1996,p69p70,69.0,70.0,129505.3,0.0088,127205.9
1996,p70p71,70.0,71.0,134097.7,0.0091,131801.5
1996,p71p72,71.0,72.0,138815.6,0.0094,136456.7
1996,p72p73,72.0,73.0,143987.1,0.0098,141401.4
1996,p73p74,73.0,74.0,149116.6,0.0101,146551.8
1996,p74p75,74.0,75.0,154051.8,0.0105,151584.2
1996,p75p76,75.0,76.0,159142.4,0.0108,156597.1
1996,p76p77,76.0,77.0,165009.8,0.0112,162076.1
1996,p77p78,77.0,78.0,170885.7,0.0116,167947.8
1996,p78p79,78.0,79.0,176748.2,0.012,173817.0
1996,p79p80,79.0,80.0,183360.9,0.0125,180054.6
1996,p80p81,80.0,81.0,190424.9,0.0129,186892.9
1996,p81p82,81.0,82.0,197900.0,0.0135,194162.5
1996,p82p83,82.0,83.0,205863.7,0.014,201881.8
1996,p83p84,83.0,84.0,214841.5,0.0146,210352.6
1996,p84p85,84.0,85.0,225127.5,0.0153,219984.5
1996,p85p86,85.0,86.0,235816.2,0.016,230471.9
1996,p86p87,86.0,87.0,246948.3,0.0168,241382.3
1996,p87p88,87.0,88.0,259898.0,0.0177,253423.1
1996,p88p89,88.0,89.0,274525.2,0.0187,267211.6
1996,p89p90,89.0,90.0,291421.0,0.0198,282973.1
1996,p90p91,90.0,91.0,310485.7,0.0211,300953.4
1996,p91p92,91.0,92.0,331760.6,0.0226,321123.2
1996,p92p93,92.0,93.0,354096.5,0.0241,342928.5
1996,p93p94,93.0,94.0,378313.7,0.0257,366205.1
1996,p94p95,94.0,95.0,407253.0,0.0277,398055.1
1996,p95p96,95.0,96.0,453314.4,0.0308,430283.7
1996,p96p97,96.0,97.0,533203.9,0.0362,462385.7
1996,p97p98,97.0,98.0,662809.7000000001,0.0451,560577.1
1996,p98p99,98.0,99.0,1063427.5,0.0723,809095.4
1996,p99p99.1,99.0,99.1,1676808.0,0.0114,1370117.8
1996,p99.1p99.2,99.1,99.2,1785418.5,0.0121,1731113.2
1996,p99.2p99.3,99.2,99.3,1905053.1,0.0129,1845235.8
1996,p99.3p99.4,99.3,99.4,2039028.1,0.0139,1972040.6
1996,p99.4p99.5,99.4,99.5,2191531.7,0.0149,2115279.9
1996,p99.5p99.6,99.5,99.6,2366302.7,0.0161,2346370.3
1996,p99.6p99.7,99.6,99.7,2578573.4,0.0175,2448855.3
1996,p99.7p99.8,99.7,99.8,2864813.0,0.0195,2721693.2
1996,p99.8p99.9,99.8,99.9,3676454.5,0.025,3065922.5
1996,p99.9p99.91,99.9,99.91,4724921.0,0.0032,4200687.8
1996,p99.91p99.92,99.91,99.92,4951072.100000001,0.0034,4837996.600000001
1996,p99.92p99.93,99.92,99.93,5200544.5,0.0035,5075808.300000001
1996,p99.93p99.94,99.93,99.94,5483180.2,0.0037,5341862.300000001
1996,p99.94p99.95,99.94,99.95,5805059.4,0.0039,5644119.800000001
1996,p99.95p99.96,99.95,99.96,6192835.5,0.0042,6162043.4
1996,p99.96p99.97,99.96,99.97,6680344.300000001,0.0045,6368451.4
1996,p99.97p99.98,99.97,99.98,7347380.800000001,0.005,7013862.600000001
1996,p99.98p99.99,99.98,99.99,8430428.6,0.0057,7879045.9
1996,p99.99p99.991,99.99,99.991,9372583.700000001,0.0006,9183232.4
1996,p99.991p99.992,99.991,99.992,10498461.6,0.0007,9935522.6
1996,p99.992p99.993,99.992,99.993,24774595.9,0.0017,16532646.0
1996,p99.993p99.994,99.993,99.994,38729377.6,0.0026,29764606.0
1996,p99.994p99.995,99.994,99.995,51279984.0,0.0035,42187804.0
1996,p99.995p99.996,99.995,99.996,63775023.1,0.0043,53926816.0
1996,p99.996p99.997,99.996,99.997,77201306.7,0.0052,66076260.0
1996,p99.997p99.998,99.997,99.998,93276841.5,0.0063,79903896.0
1996,p99.998p99.999,99.998,99.999,114637249.6,0.0078,97450296.0
1996,p99.999p100,99.999,100.0,590496579.6,0.0401,330499488.0
1997,p0p1,0.0,1.0,-79535.90000000001,-0.0052,-159071.8
1997,p1p2,1.0,2.0,-23535.2,-0.0015,-48249.3
1997,p2p3,2.0,3.0,-15294.2,-0.001,-18176.7
1997,p3p4,3.0,4.0,-10494.1,-0.0007,-12072.0
1997,p4p5,4.0,5.0,-6921.1,-0.0005,-8152.400000000001
1997,p5p6,5.0,6.0,-3707.6,-0.0002,-4975.5
1997,p6p7,6.0,7.0,-1359.9,-0.0001,-2372.2
1997,p7p8,7.0,8.0,-468.4,0.0,-855.9000000000001
1997,p8p9,8.0,9.0,-189.9,0.0,-308.2
1997,p9p10,9.0,10.0,86.7,0.0,-48.3
1997,p10p11,10.0,11.0,262.5,0.0,163.4
1997,p11p12,11.0,12.0,496.2,0.0,355.1
1997,p12p13,12.0,13.0,802.4000000000001,0.0001,607.9
1997,p13p14,13.0,14.0,1298.6,0.0001,983.5
1997,p14p15,14.0,15.0,1848.8,0.0001,1473.4
1997,p15p16,15.0,16.0,2448.7,0.0002,2011.8
1997,p16p17,16.0,17.0,3011.9,0.0002,2556.2
1997,p17p18,17.0,18.0,3682.4,0.0002,3133.7
1997,p18p19,18.0,19.0,4488.3,0.0003,3824.8
1997,p19p20,19.0,20.0,5379.700000000001,0.0004,4619.400000000001
1997,p20p21,20.0,21.0,6341.5,0.0004,5486.900000000001
1997,p21p22,21.0,22.0,7311.5,0.0005,6826.5
1997,p22p23,22.0,23.0,8263.800000000001,0.0005,7787.6
1997,p23p24,23.0,24.0,9285.2,0.0006,8774.5
1997,p24p25,24.0,25.0,10196.1,0.0007,9740.6
1997,p25p26,25.0,26.0,11270.2,0.0007,10733.2
1997,p26p27,26.0,27.0,12503.0,0.0008,11886.6
1997,p27p28,27.0,28.0,13894.3,0.0009,13198.6
1997,p28p29,28.0,29.0,15106.3,0.001,14500.3
1997,p29p30,29.0,30.0,16497.4,0.0011,15801.9
1997,p30p31,30.0,31.0,18148.1,0.0012,17322.8
1997,p31p32,31.0,32.0,19639.8,0.0013,18894.0
1997,p32p33,32.0,33.0,20958.5,0.0014,20299.1
1997,p33p34,33.0,34.0,22381.7,0.0015,21670.1
1997,p34p35,34.0,35.0,23974.3,0.0016,23178.0
1997,p35p36,35.0,36.0,26011.2,0.0017,24992.7
1997,p36p37,36.0,37.0,27704.1,0.0018,26857.6
1997,p37p38,37.0,38.0,29314.8,0.0019,28509.4
1997,p38p39,38.0,39.0,31155.6,0.002,30235.2
1997,p39p40,39.0,40.0,33176.4,0.0022,32166.0
1997,p40p41,40.0,41.0,35387.7,0.0023,34282.0
1997,p41p42,41.0,42.0,37495.2,0.0024,36441.4
1997,p42p43,42.0,43.0,39637.3,0.0026,38566.3
1997,p43p44,43.0,44.0,41977.7,0.0027,40807.5
1997,p44p45,44.0,45.0,44467.60000000001,0.0029,43222.7
1997,p45p46,45.0,46.0,47084.7,0.0031,45776.10000000001
1997,p46p47,46.0,47.0,50078.8,0.0033,48581.7
1997,p47p48,47.0,48.0,53175.60000000001,0.0035,51627.2
1997,p48p49,48.0,49.0,56011.4,0.0036,54593.5
1997,p49p50,49.0,50.0,58961.4,0.0038,57486.4
1997,p50p51,50.0,51.0,62054.10000000001,0.004,60507.7
1997,p51p52,51.0,52.0,65341.7,0.0043,63697.9
1997,p52p53,52.0,53.0,68500.8,0.0045,66921.3
1997,p53p54,53.0,54.0,71670.40000000001,0.0047,70085.6
1997,p54p55,54.0,55.0,74666.1,0.0049,73168.2
1997,p55p56,55.0,56.0,77768.1,0.0051,76217.1
1997,p56p57,56.0,57.0,80758.20000000001,0.0053,79263.20000000001
1997,p57p58,57.0,58.0,84380.90000000001,0.0055,82569.6
1997,p58p59,58.0,59.0,88381.5,0.0058,86381.20000000001
1997,p59p60,59.0,60.0,92219.5,0.006,90300.5
1997,p60p61,60.0,61.0,95784.70000000001,0.0062,94002.1
1997,p61p62,61.0,62.0,99528.0,0.0065,97656.40000000001
1997,p62p63,62.0,63.0,103387.1,0.0067,101457.5
1997,p63p64,63.0,64.0,107408.3,0.007,105397.7
1997,p64p65,64.0,65.0,111480.3,0.0073,109444.3
1997,p65p66,65.0,66.0,116163.5,0.0076,113821.9
1997,p66p67,66.0,67.0,120232.1,0.0078,118197.8
1997,p67p68,67.0,68.0,124264.6,0.0081,122248.3
1997,p68p69,68.0,69.0,128771.0,0.0084,126517.8
1997,p69p70,69.0,70.0,133641.8,0.0087,131206.4
1997,p70p71,70.0,71.0,138440.5,0.009,136041.2
1997,p71p72,71.0,72.0,143347.4,0.0093,140894.0
1997,p72p73,72.0,73.0,148826.8,0.0097,146087.1
1997,p73p74,73.0,74.0,154208.3,0.01,151517.5
1997,p74p75,74.0,75.0,159312.1,0.0104,156760.2
1997,p75p76,75.0,76.0,164611.4,0.0107,161961.8
1997,p76p77,76.0,77.0,170940.0,0.0111,167775.7
1997,p77p78,77.0,78.0,177200.3,0.0115,174070.2
1997,p78p79,78.0,79.0,183310.3,0.0119,180255.3
1997,p79p80,79.0,80.0,190289.9,0.0124,186800.1
1997,p80p81,80.0,81.0,197696.0,0.0129,193993.0
1997,p81p82,81.0,82.0,205451.0,0.0134,201573.5
1997,p82p83,82.0,83.0,213636.7,0.0139,209543.9
1997,p83p84,83.0,84.0,222948.1,0.0145,218292.4
1997,p84p85,84.0,85.0,233792.4,0.0152,228370.3
1997,p85p86,85.0,86.0,245023.4,0.0159,239407.9
1997,p86p87,86.0,87.0,256718.8,0.0167,250871.1
1997,p87p88,87.0,88.0,270599.1,0.0176,263658.9
1997,p88p89,88.0,89.0,286244.4,0.0186,278421.7
1997,p89p90,89.0,90.0,304330.9,0.0198,295287.6
1997,p90p91,90.0,91.0,324626.9,0.0211,314478.9
1997,p91p92,91.0,92.0,347059.6,0.0226,335843.2
1997,p92p93,92.0,93.0,370637.4,0.0241,358848.5
1997,p93p94,93.0,94.0,397659.8,0.0259,384148.6
1997,p94p95,94.0,95.0,430436.2,0.028,421195.4
1997,p95p96,95.0,96.0,481330.7,0.0313,455883.4
1997,p96p97,96.0,97.0,566658.3,0.0369,490580.9
1997,p97p98,97.0,98.0,693170.5,0.0451,589746.6
1997,p98p99,98.0,99.0,1142562.7,0.0743,859336.9
1997,p99p99.1,99.0,99.1,1892039.8,0.0123,1517301.2
1997,p99.1p99.2,99.1,99.2,2004912.0,0.013,2002565.4
1997,p99.2p99.3,99.2,99.3,2123863.3,0.0138,2106495.2
1997,p99.3p99.4,99.3,99.4,2250638.3,0.0146,2210425.1
1997,p99.4p99.5,99.4,99.5,2387328.3,0.0155,2314354.9
1997,p99.5p99.6,99.5,99.6,2535605.8,0.0165,2418284.8
1997,p99.6p99.7,99.6,99.7,2703002.0,0.0176,2619303.9
1997,p99.7p99.8,99.7,99.8,2907021.9,0.0189,2805012.0
1997,p99.8p99.9,99.8,99.9,3654628.2,0.0238,3071616.5
1997,p99.9p99.91,99.9,99.91,4700737.600000001,0.0031,4177682.9
1997,p99.91p99.92,99.91,99.92,4896635.600000001,0.0032,4798686.600000001
1997,p99.92p99.93,99.92,99.93,5103830.4,0.0033,5000233.0
1997,p99.93p99.94,99.93,99.94,5326806.0,0.0035,5215318.2
1997,p99.94p99.95,99.94,99.95,5568310.100000001,0.0036,5447558.0
1997,p99.95p99.96,99.95,99.96,5840048.5,0.0038,5704179.300000001
1997,p99.96p99.97,99.96,99.97,6156397.4,0.004,5998223.0
1997,p99.97p99.98,99.97,99.98,6550356.4,0.0043,6470049.4
1997,p99.98p99.99,99.98,99.99,7115744.0,0.0046,6669957.2
1997,p99.99p99.991,99.99,99.991,7559802.600000001,0.0005,7337773.300000001
1997,p99.991p99.992,99.991,99.992,8610818.200000001,0.0006,7569734.0
1997,p99.992p99.993,99.992,99.993,26385922.1,0.0017,16382551.0
1997,p99.993p99.994,99.993,99.994,46657089.1,0.003,34192636.0
1997,p99.994p99.995,99.994,99.995,65728449.5,0.0043,52609520.0
1997,p99.995p99.996,99.995,99.996,84624091.30000001,0.0055,70382496.0
1997,p99.996p99.997,99.996,99.997,104090176.6,0.0068,88340256.0
1997,p99.997p99.998,99.997,99.998,125383989.9,0.0082,107420632.0
1997,p99.998p99.999,99.998,99.999,149648735.6,0.0097,128747352.0
1997,p99.999p100,99.999,100.0,553620825.1,0.036,329212064.0
1998,p0p1,0.0,1.0,-80699.40000000001,-0.005,-161398.8
1998,p1p2,1.0,2.0,-27844.7,-0.0017,-50807.9
1998,p2p3,2.0,3.0,-17602.8,-0.0011,-21273.3
1998,p3p4,3.0,4.0,-11679.2,-0.0007,-13706.5
1998,p4p5,4.0,5.0,-7365.400000000001,-0.0005,-8914.5
1998,p5p6,5.0,6.0,-3522.3,-0.0002,-5096.400000000001
1998,p6p7,6.0,7.0,-810.6,-0.0001,-2028.2
1998,p7p8,7.0,8.0,-2.7,0.0,-380.7
1998,p8p9,8.0,9.0,3.1,0.0,0.2
1998,p9p10,9.0,10.0,7.100000000000001,0.0,4.800000000000001
1998,p10p11,10.0,11.0,37.2,0.0,20.8
1998,p11p12,11.0,12.0,130.4,0.0,78.5
1998,p12p13,12.0,13.0,288.8,0.0,196.2
1998,p13p14,13.0,14.0,683.4000000000001,0.0,455.1
1998,p14p15,14.0,15.0,1146.3,0.0001,856.5
1998,p15p16,15.0,16.0,1695.8,0.0001,1330.4
1998,p16p17,16.0,17.0,2282.3,0.0001,1862.1
1998,p17p18,17.0,18.0,3036.5,0.0002,2489.7
1998,p18p19,18.0,19.0,3839.2,0.0002,3218.4
1998,p19p20,19.0,20.0,4685.1,0.0003,3990.1
1998,p20p21,20.0,21.0,5594.0,0.0003,4811.5
1998,p21p22,21.0,22.0,6509.900000000001,0.0004,5665.6
1998,p22p23,22.0,23.0,7423.1,0.0005,6521.8
1998,p23p24,23.0,24.0,8512.6,0.0005,7967.8
1998,p24p25,24.0,25.0,9562.5,0.0006,9037.6
1998,p25p26,25.0,26.0,10683.4,0.0007,10123.0
1998,p26p27,26.0,27.0,11938.0,0.0007,11310.7
1998,p27p28,27.0,28.0,13370.5,0.0008,12654.3
1998,p28p29,28.0,29.0,14559.4,0.0009,13965.0
1998,p29p30,29.0,30.0,15967.2,0.001,15263.3
1998,p30p31,30.0,31.0,17727.6,0.0011,16847.4
1998,p31p32,31.0,32.0,19322.9,0.0012,18525.3
1998,p32p33,32.0,33.0,20720.8,0.0013,20021.9
1998,p33p34,33.0,34.0,22235.5,0.0014,21478.1
1998,p34p35,34.0,35.0,23939.7,0.0015,23087.6
1998,p35p36,35.0,36.0,26184.8,0.0016,25062.2
1998,p36p37,36.0,37.0,27955.0,0.0017,27069.9
1998,p37p38,37.0,38.0,29596.6,0.0018,28775.8
1998,p38p39,38.0,39.0,31519.8,0.002,30558.2
1998,p39p40,39.0,40.0,33662.1,0.0021,32590.9
1998,p40p41,40.0,41.0,36005.7,0.0022,34833.9
1998,p41p42,41.0,42.0,38171.5,0.0024,37088.6
1998,p42p43,42.0,43.0,40372.7,0.0025,39272.1
1998,p43p44,43.0,44.0,42824.0,0.0027,41598.3
1998,p44p45,44.0,45.0,45456.3,0.0028,44140.10000000001
1998,p45p46,45.0,46.0,48331.3,0.003,46893.8
1998,p46p47,46.0,47.0,51575.5,0.0032,49953.4
1998,p47p48,47.0,48.0,54821.5,0.0034,53198.5
1998,p48p49,48.0,49.0,57654.0,0.0036,56237.8
1998,p49p50,49.0,50.0,60582.9,0.0038,59118.4
1998,p50p51,50.0,51.0,63664.9,0.004,62123.9
1998,p51p52,51.0,52.0,66990.2,0.0042,65327.60000000001
1998,p52p53,52.0,53.0,70163.3,0.0044,68576.7
1998,p53p54,53.0,54.0,73389.0,0.0046,71776.1
1998,p54p55,54.0,55.0,76423.6,0.0048,74906.3
1998,p55p56,55.0,56.0,79603.5,0.005,78013.5
1998,p56p57,56.0,57.0,82617.20000000001,0.0051,81110.3
1998,p57p58,57.0,58.0,86439.3,0.0054,84528.20000000001
1998,p58p59,58.0,59.0,90722.8,0.0056,88581.0
1998,p59p60,59.0,60.0,94728.1,0.0059,92725.40000000001
1998,p60p61,60.0,61.0,98358.90000000001,0.0061,96543.5
1998,p61p62,61.0,62.0,102180.1,0.0064,100269.5
1998,p62p63,62.0,63.0,106118.4,0.0066,104149.3
1998,p63p64,63.0,64.0,110254.8,0.0069,108186.6
1998,p64p65,64.0,65.0,114460.1,0.0071,112357.5
1998,p65p66,65.0,66.0,119460.0,0.0074,116960.0
1998,p66p67,66.0,67.0,123650.5,0.0077,121555.2
1998,p67p68,67.0,68.0,127773.9,0.0079,125712.2
1998,p68p69,68.0,69.0,132485.8,0.0082,130129.8
1998,p69p70,69.0,70.0,137633.3,0.0086,135059.5
1998,p70p71,70.0,71.0,142638.4,0.0089,140135.9
1998,p71p72,71.0,72.0,147733.3,0.0092,145185.9
1998,p72p73,72.0,73.0,153526.5,0.0096,150629.9
1998,p73p74,73.0,74.0,159162.0,0.0099,156344.2
1998,p74p75,74.0,75.0,164430.4,0.0102,161796.2
1998,p75p76,75.0,76.0,169936.8,0.0106,167183.6
1998,p76p77,76.0,77.0,176741.2,0.011,173339.0
1998,p77p78,77.0,78.0,183393.6,0.0114,180067.4
1998,p78p79,78.0,79.0,189748.3,0.0118,186571.0
1998,p79p80,79.0,80.0,197099.0,0.0123,193423.7
1998,p80p81,80.0,81.0,204847.3,0.0127,200973.2
1998,p81p82,81.0,82.0,212875.4,0.0132,208861.4
1998,p82p83,82.0,83.0,221269.4,0.0138,217072.4
1998,p83p84,83.0,84.0,230905.1,0.0144,226087.3
1998,p84p85,84.0,85.0,242311.7,0.0151,236608.4
1998,p85p86,85.0,86.0,254085.9,0.0158,248198.8
1998,p86p87,86.0,87.0,266345.8,0.0166,260215.8
1998,p87p88,87.0,88.0,281181.0,0.0175,273763.4
1998,p88p89,88.0,89.0,297871.6,0.0185,289526.3
1998,p89p90,89.0,90.0,317181.9,0.0197,307526.8
1998,p90p91,90.0,91.0,338731.8,0.0211,327956.9
1998,p91p92,91.0,92.0,362327.6,0.0225,350529.7
1998,p92p93,92.0,93.0,387154.5,0.0241,374741.0
1998,p93p94,93.0,94.0,417123.1,0.0259,402138.8
1998,p94p95,94.0,95.0,453973.8,0.0282,445116.6
1998,p95p96,95.0,96.0,509971.0,0.0317,481972.4
1998,p96p97,96.0,97.0,600879.2000000001,0.0374,519972.4
1998,p97p98,97.0,98.0,723285.1000000001,0.045,619821.5
1998,p98p99,98.0,99.0,1224713.8,0.0762,911829.1000000001
1998,p99p99.1,99.0,99.1,2129722.3,0.0132,1963963.6
1998,p99.1p99.2,99.1,99.2,2245937.3,0.014,2187829.8
1998,p99.2p99.3,99.2,99.3,2362072.3,0.0147,2304004.8
1998,p99.3p99.4,99.3,99.4,2478189.0,0.0154,2420130.6
1998,p99.4p99.5,99.4,99.5,2594301.5,0.0161,2536245.2
1998,p99.5p99.6,99.5,99.6,2710412.6,0.0169,2652357.0
1998,p99.6p99.7,99.6,99.7,2826522.4,0.0176,2768467.5
1998,p99.7p99.8,99.7,99.8,2942638.3,0.0183,2884580.3
1998,p99.8p99.9,99.8,99.9,3624031.6,0.0225,3073760.0
1998,p99.9p99.91,99.9,99.91,4665259.9,0.0029,4430299.2
1998,p99.91p99.92,99.91,99.92,4830990.0,0.003,4748124.9
1998,p99.92p99.93,99.92,99.93,4996698.8,0.0031,4913844.4
1998,p99.93p99.94,99.93,99.94,5162401.100000001,0.0032,5079550.0
1998,p99.94p99.95,99.94,99.95,5328106.100000001,0.0033,5245253.600000001
1998,p99.95p99.96,99.95,99.96,5493810.100000001,0.0034,5410958.100000001
1998,p99.96p99.97,99.96,99.97,5659511.300000001,0.0035,5576660.7
1998,p99.97p99.98,99.97,99.98,5825226.0,0.0036,5742368.7
1998,p99.98p99.99,99.98,99.99,5990924.600000001,0.0037,5908075.300000001
1998,p99.99p99.991,99.99,99.991,6082062.100000001,0.0004,6036493.4
1998,p99.991p99.992,99.991,99.992,7044580.2,0.0004,6144385.5
1998,p99.992p99.993,99.992,99.993,28033727.5,0.0017,16419632.0
1998,p99.993p99.994,99.993,99.994,56064417.40000001,0.0035,39365084.0
1998,p99.994p99.995,99.994,99.995,84032052.9,0.0052,65577068.0
1998,p99.995p99.996,99.995,99.996,112000510.9,0.007,91759912.0
1998,p99.996p99.997,99.996,99.997,139981359.2,0.0087,117948952.0
1998,p99.997p99.998,99.997,99.998,168127462.2,0.0105,144221136.0
1998,p99.998p99.999,99.998,99.999,194838062.3,0.0121,169898752.0
1998,p99.999p100,99.999,100.0,519232801.4,0.0323,334245888.0
1999,p0p1,0.0,1.0,-92129.40000000001,-0.0055,-184258.8
1999,p1p2,1.0,2.0,-33139.6,-0.002,-58788.8
1999,p2p3,2.0,3.0,-21120.7,-0.0013,-25464.4
1999,p3p4,3.0,4.0,-14060.1,-0.0008,-16510.4
1999,p4p5,4.0,5.0,-9001.5,-0.0005,-10822.8
1999,p5p6,5.0,6.0,-4738.3,-0.0003,-6448.1
1999,p6p7,6.0,7.0,-1663.8,-0.0001,-3004.5
1999,p7p8,7.0,8.0,-346.5,0.0,-943.4000000000001
1999,p8p9,8.0,9.0,-2.6,0.0,-163.8
1999,p9p10,9.0,10.0,6.600000000000001,0.0,1.9
1999,p10p11,10.0,11.0,31.2,0.0,17.7
1999,p11p12,11.0,12.0,107.8,0.0,65.3
1999,p12p13,12.0,13.0,238.7,0.0,162.6
1999,p13p14,13.0,14.0,566.1,0.0,377.7
1999,p14p15,14.0,15.0,958.4000000000001,0.0001,715.4000000000001
1999,p15p16,15.0,16.0,1452.3,0.0001,1131.3
1999,p16p17,16.0,17.0,2029.9,0.0001,1634.2
1999,p17p18,17.0,18.0,2788.5,0.0002,2261.2
1999,p18p19,18.0,19.0,3604.8,0.0002,3000.4
1999,p19p20,19.0,20.0,4469.5,0.0003,3789.3
1999,p20p21,20.0,21.0,5383.700000000001,0.0003,4624.1
1999,p21p22,21.0,22.0,6331.400000000001,0.0004,5497.900000000001
1999,p22p23,22.0,23.0,7290.3,0.0004,6392.6
1999,p23p24,23.0,24.0,8393.0,0.0005,7841.6
1999,p24p25,24.0,25.0,9488.800000000001,0.0006,8940.9
1999,p25p26,25.0,26.0,10657.6,0.0006,10073.2
1999,p26p27,26.0,27.0,11995.6,0.0007,11326.6
1999,p27p28,27.0,28.0,13424.8,0.0008,12710.2
1999,p28p29,28.0,29.0,14713.0,0.0009,14068.9
1999,p29p30,29.0,30.0,16204.8,0.001,15458.9
1999,p30p31,30.0,31.0,17997.7,0.0011,17101.2
1999,p31p32,31.0,32.0,19639.7,0.0012,18818.7
1999,p32p33,32.0,33.0,21179.4,0.0013,20409.5
1999,p33p34,33.0,34.0,22807.6,0.0014,21993.5
1999,p34p35,34.0,35.0,24556.2,0.0015,23681.9
1999,p35p36,35.0,36.0,26824.2,0.0016,25690.2
1999,p36p37,36.0,37.0,28729.3,0.0017,27776.7
1999,p37p38,37.0,38.0,30523.2,0.0018,29626.3
1999,p38p39,38.0,39.0,32568.2,0.0019,31545.7
1999,p39p40,39.0,40.0,34762.7,0.0021,33665.4
1999,p40p41,40.0,41.0,37168.1,0.0022,35965.4
1999,p41p42,41.0,42.0,39448.8,0.0023,38308.5
1999,p42p43,42.0,43.0,41785.60000000001,0.0025,40617.2
1999,p43p44,43.0,44.0,44364.8,0.0026,43075.2
1999,p44p45,44.0,45.0,47084.5,0.0028,45724.7
1999,p45p46,45.0,46.0,50044.9,0.003,48564.7
1999,p46p47,46.0,47.0,53348.60000000001,0.0032,51696.8
1999,p47p48,47.0,48.0,56647.10000000001,0.0034,54997.9
1999,p48p49,48.0,49.0,59564.5,0.0035,58105.8
1999,p49p50,49.0,50.0,62617.2,0.0037,61090.9
1999,p50p51,50.0,51.0,65834.90000000001,0.0039,64226.10000000001
1999,p51p52,51.0,52.0,69197.3,0.0041,67516.1
1999,p52p53,52.0,53.0,72451.3,0.0043,70824.3
1999,p53p54,53.0,54.0,75781.5,0.0045,74116.40000000001
1999,p54p55,54.0,55.0,78978.40000000001,0.0047,77379.90000000001
1999,p55p56,55.0,56.0,82251.1,0.0049,80614.70000000001
1999,p56p57,56.0,57.0,85494.70000000001,0.0051,83872.90000000001
1999,p57p58,57.0,58.0,89432.40000000001,0.0053,87463.5
1999,p58p59,58.0,59.0,93745.70000000001,0.0056,91589.0
1999,p59p60,59.0,60.0,97896.3,0.0058,95821.0
1999,p60p61,60.0,61.0,101681.0,0.0061,99788.6
1999,p61p62,61.0,62.0,105637.7,0.0063,103659.3
1999,p62p63,62.0,63.0,109708.0,0.0065,107672.8
1999,p63p64,63.0,64.0,113958.6,0.0068,111833.3
1999,p64p65,64.0,65.0,118353.6,0.007,116156.1
1999,p65p66,65.0,66.0,123481.4,0.0074,120917.5
1999,p66p67,66.0,67.0,127845.9,0.0076,125663.6
1999,p67p68,67.0,68.0,132185.2,0.0079,130015.6
1999,p68p69,68.0,69.0,137021.9,0.0082,134603.6
1999,p69p70,69.0,70.0,142329.5,0.0085,139675.7
1999,p70p71,70.0,71.0,147622.1,0.0088,144975.8
1999,p71p72,71.0,72.0,153030.3,0.0091,150326.2
1999,p72p73,72.0,73.0,159008.9,0.0095,156019.6
1999,p73p74,73.0,74.0,164821.6,0.0098,161915.2
1999,p74p75,74.0,75.0,170463.0,0.0101,167642.3
1999,p75p76,75.0,76.0,176321.8,0.0105,173392.4
1999,p76p77,76.0,77.0,183293.8,0.0109,179807.8
1999,p77p78,77.0,78.0,190108.0,0.0113,186700.9
1999,p78p79,78.0,79.0,196905.4,0.0117,193506.7
1999,p79p80,79.0,80.0,204533.5,0.0122,200719.4
1999,p80p81,80.0,81.0,212585.6,0.0127,208559.6
1999,p81p82,81.0,82.0,221231.3,0.0132,216908.5
1999,p82p83,82.0,83.0,230238.5,0.0137,225734.9
1999,p83p84,83.0,84.0,240376.0,0.0143,235307.3
1999,p84p85,84.0,85.0,251977.3,0.015,246176.7
1999,p85p86,85.0,86.0,264155.4,0.0157,258066.3
1999,p86p87,86.0,87.0,276970.6,0.0165,270563.0
1999,p87p88,87.0,88.0,292342.8,0.0174,284656.7
1999,p88p89,88.0,89.0,309587.4,0.0184,300965.1
1999,p89p90,89.0,90.0,329392.1,0.0196,319489.7
1999,p90p91,90.0,91.0,351280.5,0.0209,340336.3
1999,p91p92,91.0,92.0,375404.4,0.0224,363342.5
1999,p92p93,92.0,93.0,401392.6,0.0239,388398.5
1999,p93p94,93.0,94.0,432602.8,0.0258,416997.7
1999,p94p95,94.0,95.0,471561.7,0.0281,463226.1
1999,p95p96,95.0,96.0,529015.0,0.0315,500288.3
1999,p96p97,96.0,97.0,619253.1,0.0369,538882.6
1999,p97p98,97.0,98.0,737760.5,0.0439,636846.9
1999,p98p99,98.0,99.0,1234930.9,0.0735,925784.8
1999,p99p99.1,99.0,99.1,2069433.0,0.0123,1974030.9
1999,p99.1p99.2,99.1,99.2,2194992.7,0.0131,2078855.5
1999,p99.2p99.3,99.2,99.3,2320625.7,0.0138,2257809.2
1999,p99.3p99.4,99.3,99.4,2446238.4,0.0146,2383432.0
1999,p99.4p99.5,99.4,99.5,2571773.2,0.0153,2509005.8
1999,p99.5p99.6,99.5,99.6,2697185.4,0.0161,2634479.3
1999,p99.6p99.7,99.6,99.7,2822431.4,0.0168,2759808.4
1999,p99.7p99.8,99.7,99.8,2947441.4,0.0175,2884936.4
1999,p99.8p99.9,99.8,99.9,3580726.9,0.0213,3063671.8
1999,p99.9p99.91,99.9,99.91,4616131.5,0.0027,4450741.0
1999,p99.91p99.92,99.91,99.92,4795019.0,0.0029,4705575.3
1999,p99.92p99.93,99.92,99.93,4973730.5,0.003,4884374.7
1999,p99.93p99.94,99.93,99.94,5152244.9,0.0031,5062987.7
1999,p99.94p99.95,99.94,99.95,5330738.5,0.0032,5241491.7
1999,p99.95p99.96,99.95,99.96,5509051.100000001,0.0033,5419894.800000001
1999,p99.96p99.97,99.96,99.97,5687273.600000001,0.0034,5598162.4
1999,p99.97p99.98,99.97,99.98,5865433.0,0.0035,5776353.300000001
1999,p99.98p99.99,99.98,99.99,7327534.100000001,0.0044,6191464.0
1999,p99.99p99.991,99.99,99.991,10168836.7,0.0006,8211053.0
1999,p99.991p99.992,99.991,99.992,11915428.6,0.0007,10364154.0
1999,p99.992p99.993,99.992,99.993,37206129.5,0.0022,23052764.0
1999,p99.993p99.994,99.993,99.994,66679458.5,0.004,48753544.0
1999,p99.994p99.995,99.994,99.995,94529729.9,0.0056,75655528.0
1999,p99.995p99.996,99.995,99.996,121653870.7,0.0072,101455040.0
1999,p99.996p99.997,99.996,99.997,148389177.8,0.0088,126731296.0
1999,p99.997p99.998,99.997,99.998,175559406.4,0.0105,152029184.0
1999,p99.998p99.999,99.998,99.999,203587725.7,0.0121,177933888.0
1999,p99.999p100,99.999,100.0,821083585.8000001,0.0489,480878624.0
2000,p0p1,0.0,1.0,-106003.5,-0.0061,-212007.0
2000,p1p2,1.0,2.0,-39331.60000000001,-0.0023,-68295.5
2000,p2p3,2.0,3.0,-25205.7,-0.0014,-30327.2
2000,p3p4,3.0,4.0,-16814.9,-0.001,-19746.2
2000,p4p5,4.0,5.0,-10881.5,-0.0006,-13015.0
2000,p5p6,5.0,6.0,-6106.0,-0.0003,-7982.700000000001
2000,p6p7,6.0,7.0,-2597.8,-0.0001,-4090.1
2000,p7p8,7.0,8.0,-713.9000000000001,0.0,-1556.3
2000,p8p9,8.0,9.0,-2.2,0.0,-336.5
2000,p9p10,9.0,10.0,10.8,0.0,4.0
2000,p10p11,10.0,11.0,26.7,0.0,17.6
2000,p11p12,11.0,12.0,83.10000000000001,0.0,51.6
2000,p12p13,12.0,13.0,183.2,0.0,125.1
2000,p13p14,13.0,14.0,440.7,0.0,293.2
2000,p14p15,14.0,15.0,760.7,0.0,564.6
2000,p15p16,15.0,16.0,1200.8,0.0001,921.8000000000001
2000,p16p17,16.0,17.0,1775.9,0.0001,1398.8
2000,p17p18,17.0,18.0,2549.0,0.0001,2032.3
2000,p18p19,18.0,19.0,3390.9,0.0002,2791.2
2000,p19p20,19.0,20.0,4287.2,0.0002,3608.1
2000,p20p21,20.0,21.0,5219.1,0.0003,4467.2
2000,p21p22,21.0,22.0,6213.6,0.0004,5372.400000000001
2000,p22p23,22.0,23.0,7234.5,0.0004,6319.5
2000,p23p24,23.0,24.0,8366.5,0.0005,7331.200000000001
2000,p24p25,24.0,25.0,9526.5,0.0005,8408.300000000001
2000,p25p26,25.0,26.0,10762.8,0.0006,9534.300000000001
2000,p26p27,26.0,27.0,12209.4,0.0007,11486.1
2000,p27p28,27.0,28.0,13654.9,0.0008,12932.2
2000,p28p29,28.0,29.0,15068.6,0.0009,14361.8
2000,p29p30,29.0,30.0,16673.6,0.001,15871.1
2000,p30p31,30.0,31.0,18524.4,0.0011,17599.0
2000,p31p32,31.0,32.0,20238.9,0.0012,19381.7
2000,p32p33,32.0,33.0,21952.4,0.0013,21095.7
2000,p33p34,33.0,34.0,23724.7,0.0014,22838.6
2000,p34p35,34.0,35.0,25544.9,0.0015,24634.8
2000,p35p36,35.0,36.0,27868.9,0.0016,26706.9
2000,p36p37,36.0,37.0,29945.2,0.0017,28907.1
2000,p37p38,37.0,38.0,31927.7,0.0018,30936.5
2000,p38p39,38.0,39.0,34131.7,0.002,33029.7
2000,p39p40,39.0,40.0,36412.4,0.0021,35272.1
2000,p40p41,40.0,41.0,38917.5,0.0022,37664.9
2000,p41p42,41.0,42.0,41353.0,0.0024,40135.3
2000,p42p43,42.0,43.0,43867.4,0.0025,42610.2
2000,p43p44,43.0,44.0,46620.10000000001,0.0027,45243.8
2000,p44p45,44.0,45.0,49471.0,0.0028,48045.5
2000,p45p46,45.0,46.0,52563.10000000001,0.003,51017.0
2000,p46p47,46.0,47.0,55974.60000000001,0.0032,54268.8
2000,p47p48,47.0,48.0,59372.60000000001,0.0034,57673.60000000001
2000,p48p49,48.0,49.0,62419.5,0.0036,60896.10000000001
2000,p49p50,49.0,50.0,65645.5,0.0038,64032.5
2000,p50p51,50.0,51.0,69052.1,0.004,67348.8
2000,p51p52,51.0,52.0,72499.0,0.0042,70775.6
2000,p52p53,52.0,53.0,75883.40000000001,0.0043,74191.2
2000,p53p54,53.0,54.0,79370.5,0.0045,77627.0
2000,p54p55,54.0,55.0,82784.0,0.0047,81077.3
2000,p55p56,55.0,56.0,86199.3,0.0049,84491.6
2000,p56p57,56.0,57.0,89732.8,0.0051,87966.0
2000,p57p58,57.0,58.0,93852.40000000001,0.0054,91792.6
2000,p58p59,58.0,59.0,98259.5,0.0056,96055.90000000001
2000,p59p60,59.0,60.0,102610.4,0.0059,100434.9
2000,p60p61,60.0,61.0,106609.5,0.0061,104610.0
2000,p61p62,61.0,62.0,110763.1,0.0063,108686.3
2000,p62p63,62.0,63.0,115027.6,0.0066,112895.3
2000,p63p64,63.0,64.0,119456.2,0.0068,117241.9
2000,p64p65,64.0,65.0,124112.8,0.0071,121784.5
2000,p65p66,65.0,66.0,129446.4,0.0074,126779.6
2000,p66p67,66.0,67.0,134056.3,0.0077,131751.3
2000,p67p68,67.0,68.0,138685.9,0.0079,136371.1
2000,p68p69,68.0,69.0,143722.9,0.0082,141204.4
2000,p69p70,69.0,70.0,149275.6,0.0086,146499.2
2000,p70p71,70.0,71.0,154948.7,0.0089,152112.1
2000,p71p72,71.0,72.0,160766.1,0.0092,157857.4
2000,p72p73,72.0,73.0,167023.9,0.0096,163895.0
2000,p73p74,73.0,74.0,173104.7,0.0099,170064.3
2000,p74p75,74.0,75.0,179224.4,0.0103,176164.5
2000,p75p76,75.0,76.0,185542.4,0.0106,182383.4
2000,p76p77,76.0,77.0,192789.5,0.011,189166.0
2000,p77p78,77.0,78.0,199873.4,0.0115,196331.4
2000,p78p79,78.0,79.0,207244.7,0.0119,203559.0
2000,p79p80,79.0,80.0,215277.4,0.0123,211261.0
2000,p80p81,80.0,81.0,223768.8,0.0128,219523.1
2000,p81p82,81.0,82.0,233204.9,0.0134,228486.9
2000,p82p83,82.0,83.0,243004.9,0.0139,238104.9
2000,p83p84,83.0,84.0,253829.9,0.0145,248417.4
2000,p84p85,84.0,85.0,265801.6,0.0152,259815.7
2000,p85p86,85.0,86.0,278586.5,0.016,272194.1
2000,p86p87,86.0,87.0,292182.5,0.0167,285384.5
2000,p87p88,87.0,88.0,308348.4,0.0177,300265.4
2000,p88p89,88.0,89.0,326425.6,0.0187,317387.0
2000,p89p90,89.0,90.0,347033.4,0.0199,336729.5
2000,p90p91,90.0,91.0,369600.5,0.0212,358316.9
2000,p91p92,91.0,92.0,394645.9,0.0226,382123.2
2000,p92p93,92.0,93.0,422273.1,0.0242,408459.5
2000,p93p94,93.0,94.0,455293.1,0.0261,438783.1
2000,p94p95,94.0,95.0,497113.5,0.0285,488398.3
2000,p95p96,95.0,96.0,556983.8,0.0319,527048.6
2000,p96p97,96.0,97.0,647820.1000000001,0.0371,566158.0
2000,p97p98,97.0,98.0,763986.4,0.0438,663432.1000000001
2000,p98p99,98.0,99.0,1264403.8,0.0725,953175.3
2000,p99p99.1,99.0,99.1,2042000.6,0.0117,2012746.9
2000,p99.1p99.2,99.1,99.2,2178487.3,0.0125,2118704.1
2000,p99.2p99.3,99.2,99.3,2315350.3,0.0133,2224661.2
2000,p99.3p99.4,99.3,99.4,2452337.9,0.0141,2330618.4
2000,p99.4p99.5,99.4,99.5,2589300.3,0.0148,2520819.1
2000,p99.5p99.6,99.5,99.6,2726111.7,0.0156,2657706.0
2000,p99.6p99.7,99.6,99.7,2862690.2,0.0164,2794400.9
2000,p99.7p99.8,99.7,99.8,2998868.7,0.0172,2930779.5
2000,p99.8p99.9,99.8,99.9,3594072.0,0.0206,3098136.0
2000,p99.9p99.91,99.9,99.91,4640103.4,0.0027,4539929.2
2000,p99.91p99.92,99.91,99.92,4834968.2,0.0028,4684108.600000001
2000,p99.92p99.93,99.92,99.93,5029696.600000001,0.0029,4932332.4
2000,p99.93p99.94,99.93,99.94,5223710.4,0.003,5126703.5
2000,p99.94p99.95,99.94,99.95,5418799.800000001,0.0031,5321255.100000001
2000,p99.95p99.96,99.95,99.96,5612995.7,0.0032,5515897.7
2000,p99.96p99.97,99.96,99.97,5807229.800000001,0.0033,5710112.7
2000,p99.97p99.98,99.97,99.98,6001627.9,0.0034,5904428.9
2000,p99.98p99.99,99.98,99.99,9108444.700000001,0.0052,7100482.0
2000,p99.99p99.991,99.99,99.991,17279632.9,0.001,12400210.0
2000,p99.991p99.992,99.991,99.992,20484086.0,0.0012,17745818.0
2000,p99.992p99.993,99.992,99.993,50171773.6,0.0029,33202400.0
2000,p99.993p99.994,99.993,99.994,80611914.60000001,0.0046,61457496.0
2000,p99.994p99.995,99.994,99.995,108097562.3,0.0062,88677816.0
2000,p99.995p99.996,99.995,99.996,134328622.2,0.0077,113920224.0
2000,p99.996p99.997,99.996,99.997,159918401.9,0.0092,138271728.0
2000,p99.997p99.998,99.997,99.998,186283291.8,0.0107,162686112.0
2000,p99.998p99.999,99.998,99.999,216308865.4,0.0124,189184960.0
2000,p99.999p100,99.999,100.0,784728499.2,0.045,470404640.0
2001,p0p1,0.0,1.0,-116882.8,-0.0067,-233765.6
2001,p1p2,1.0,2.0,-44411.7,-0.0025,-75900.8
2001,p2p3,2.0,3.0,-28577.7,-0.0016,-34346.8
2001,p3p4,3.0,4.0,-19094.5,-0.0011,-22433.2
2001,p4p5,4.0,5.0,-12460.0,-0.0007,-14848.7
2001,p5p6,5.0,6.0,-7323.0,-0.0004,-9309.300000000001
2001,p6p7,6.0,7.0,-3489.0,-0.0002,-5087.900000000001
2001,p7p8,7.0,8.0,-1078.0,-0.0001,-2149.1
2001,p8p9,8.0,9.0,-4.600000000000001,0.0,-509.4
2001,p9p10,9.0,10.0,12.7,0.0,3.8
2001,p10p11,10.0,11.0,20.2,0.0,15.5
2001,p11p12,11.0,12.0,54.8,0.0,35.3
2001,p12p13,12.0,13.0,119.9,0.0,82.2
2001,p13p14,13.0,14.0,294.9,0.0,195.2
2001,p14p15,14.0,15.0,527.4,0.0,387.0
2001,p15p16,15.0,16.0,894.5,0.0001,669.1
2001,p16p17,16.0,17.0,1445.7,0.0001,1101.2
2001,p17p18,17.0,18.0,2205.4,0.0001,1718.1
2001,p18p19,18.0,19.0,3042.8,0.0002,2469.7
2001,p19p20,19.0,20.0,3939.2,0.0002,3285.6
2001,p20p21,20.0,21.0,4855.0,0.0003,4138.3
2001,p21p22,21.0,22.0,5861.900000000001,0.0003,5043.1
2001,p22p23,22.0,23.0,6910.0,0.0004,6010.1
2001,p23p24,23.0,24.0,8030.5,0.0005,7030.6
2001,p24p25,24.0,25.0,9214.800000000001,0.0005,8115.200000000001
2001,p25p26,25.0,26.0,10476.0,0.0006,9265.9
2001,p26p27,26.0,27.0,11982.7,0.0007,11229.3
2001,p27p28,27.0,28.0,13391.1,0.0008,12686.9
2001,p28p29,28.0,29.0,14883.7,0.0009,14137.4
2001,p29p30,29.0,30.0,16546.9,0.0009,15715.3
2001,p30p31,30.0,31.0,18390.2,0.0011,17468.5
2001,p31p32,31.0,32.0,20116.9,0.0011,19253.5
2001,p32p33,32.0,33.0,21949.5,0.0013,21033.2
2001,p33p34,33.0,34.0,23807.5,0.0014,22878.5
2001,p34p35,34.0,35.0,25635.1,0.0015,24721.3
2001,p35p36,35.0,36.0,27930.9,0.0016,26783.0
2001,p36p37,36.0,37.0,30109.9,0.0017,29020.4
2001,p37p38,37.0,38.0,32217.1,0.0018,31163.5
2001,p38p39,38.0,39.0,34506.2,0.002,33361.6
2001,p39p40,39.0,40.0,36792.3,0.0021,35649.2
2001,p40p41,40.0,41.0,39308.5,0.0022,38050.4
2001,p41p42,41.0,42.0,41816.2,0.0024,40562.4
2001,p42p43,42.0,43.0,44423.8,0.0025,43120.0
2001,p43p44,43.0,44.0,47256.10000000001,0.0027,45840.0
2001,p44p45,44.0,45.0,50138.7,0.0029,48697.4
2001,p45p46,45.0,46.0,53254.0,0.003,51696.3
2001,p46p47,46.0,47.0,56651.9,0.0032,54952.9
2001,p47p48,47.0,48.0,60028.4,0.0034,58340.10000000001
2001,p48p49,48.0,49.0,63098.60000000001,0.0036,61563.5
2001,p49p50,49.0,50.0,66387.2,0.0038,64742.9
2001,p50p51,50.0,51.0,69865.90000000001,0.004,68126.6
2001,p51p52,51.0,52.0,73273.40000000001,0.0042,71569.6
2001,p52p53,52.0,53.0,76668.90000000001,0.0044,74971.1
2001,p53p54,53.0,54.0,80191.3,0.0046,78430.1
2001,p54p55,54.0,55.0,83706.3,0.0048,81948.8
2001,p55p56,55.0,56.0,87144.8,0.005,85425.5
2001,p56p57,56.0,57.0,90852.8,0.0052,88998.8
2001,p57p58,57.0,58.0,95008.40000000001,0.0054,92930.6
2001,p58p59,58.0,59.0,99347.70000000001,0.0057,97178.1
2001,p59p60,59.0,60.0,103752.5,0.0059,101550.1
2001,p60p61,60.0,61.0,107829.3,0.0062,105790.9
2001,p61p62,61.0,62.0,112036.2,0.0064,109932.8
2001,p62p63,62.0,63.0,116347.4,0.0066,114191.8
2001,p63p64,63.0,64.0,120799.0,0.0069,118573.2
2001,p64p65,64.0,65.0,125558.4,0.0072,123178.7
2001,p65p66,65.0,66.0,130910.1,0.0075,128234.2
2001,p66p67,66.0,67.0,135606.8,0.0078,133258.4
2001,p67p68,67.0,68.0,140370.1,0.008,137988.5
2001,p68p69,68.0,69.0,145429.5,0.0083,142899.8
2001,p69p70,69.0,70.0,151032.6,0.0086,148231.1
2001,p70p71,70.0,71.0,156895.7,0.009,153964.1
2001,p71p72,71.0,72.0,162928.6,0.0093,159912.2
2001,p72p73,72.0,73.0,169247.3,0.0097,166087.9
2001,p73p74,73.0,74.0,175384.0,0.01,172315.6
2001,p74p75,74.0,75.0,181780.7,0.0104,178582.4
2001,p75p76,75.0,76.0,188348.4,0.0108,185064.5
2001,p76p77,76.0,77.0,195613.8,0.0112,191981.1
2001,p77p78,77.0,78.0,202715.1,0.0116,199164.4
2001,p78p79,78.0,79.0,210416.3,0.012,206565.7
2001,p79p80,79.0,80.0,218574.7,0.0125,214495.5
2001,p80p81,80.0,81.0,227211.0,0.013,222892.8
2001,p81p82,81.0,82.0,237129.5,0.0136,232170.2
2001,p82p83,82.0,83.0,247400.4,0.0141,242265.0
2001,p83p84,83.0,84.0,258545.0,0.0148,252972.7
2001,p84p85,84.0,85.0,270454.4,0.0155,264499.7
2001,p85p86,85.0,86.0,283398.2,0.0162,276926.3
2001,p86p87,86.0,87.0,297307.9,0.017,290353.0
2001,p87p88,87.0,88.0,313703.8,0.0179,305505.8
2001,p88p89,88.0,89.0,331981.7,0.019,322842.7
2001,p89p90,89.0,90.0,352661.4,0.0202,342321.5
2001,p90p91,90.0,91.0,375085.7,0.0214,363873.5
2001,p91p92,91.0,92.0,400151.0,0.0229,387618.4
2001,p92p93,92.0,93.0,428462.6,0.0245,414306.8
2001,p93p94,93.0,94.0,462138.4,0.0264,445300.5
2001,p94p95,94.0,95.0,505401.7,0.0289,496889.8
2001,p95p96,95.0,96.0,565541.6,0.0323,535471.6
2001,p96p97,96.0,97.0,653533.1000000001,0.0374,573663.4
2001,p97p98,97.0,98.0,762876.9,0.0436,666524.1000000001
2001,p98p99,98.0,99.0,1248230.8,0.0713,946372.6000000001
2001,p99p99.1,99.0,99.1,1942671.6,0.0111,1595451.2
2001,p99.1p99.2,99.1,99.2,2084565.6,0.0119,2081980.8
2001,p99.2p99.3,99.2,99.3,2227224.8,0.0127,2185217.9
2001,p99.3p99.4,99.3,99.4,2370238.8,0.0135,2288455.1
2001,p99.4p99.5,99.4,99.5,2513362.3,0.0144,2391692.2
2001,p99.5p99.6,99.5,99.6,2656390.6,0.0152,2584876.5
2001,p99.6p99.7,99.6,99.7,2799186.3,0.016,2727788.4
2001,p99.7p99.8,99.7,99.8,2941483.9,0.0168,2870335.1
2001,p99.8p99.9,99.8,99.9,3477638.4,0.0199,3020664.8
2001,p99.9p99.91,99.9,99.91,4496304.2,0.0026,4464435.2
2001,p99.91p99.92,99.91,99.92,4699751.5,0.0027,4608812.2
2001,p99.92p99.93,99.92,99.93,4903144.2,0.0028,4753189.3
2001,p99.93p99.94,99.93,99.94,5105579.100000001,0.0029,5004361.600000001
2001,p99.94p99.95,99.94,99.95,5309760.5,0.003,5207669.800000001
2001,p99.95p99.96,99.95,99.96,5512683.5,0.0032,5411222.0
2001,p99.96p99.97,99.96,99.97,5715756.600000001,0.0033,5614220.100000001
2001,p99.97p99.98,99.97,99.98,5919157.300000001,0.0034,5817456.9
2001,p99.98p99.99,99.98,99.99,10912591.8,0.0062,7920564.0
2001,p99.99p99.991,99.99,99.991,28298969.9,0.0016,18451896.0
2001,p99.991p99.992,99.991,99.992,33938905.5,0.0019,29287454.0
2001,p99.992p99.993,99.992,99.993,65216314.40000001,0.0037,46659752.0
2001,p99.993p99.994,99.993,99.994,93923987.4,0.0054,74887104.0
2001,p99.994p99.995,99.994,99.995,119130859.9,0.0068,100257824.0
2001,p99.995p99.996,99.995,99.996,142944225.8,0.0082,123325416.0
2001,p99.996p99.997,99.996,99.997,166088011.0,0.0095,145422176.0
2001,p99.997p99.998,99.997,99.998,190525568.0,0.0109,167812672.0
2001,p99.998p99.999,99.998,99.999,221465415.5,0.0127,193871760.0
2001,p99.999p100,99.999,100.0,703898079.2,0.0402,435450912.0
2002,p0p1,0.0,1.0,-125071.8,-0.0073,-250143.6
2002,p1p2,1.0,2.0,-48383.60000000001,-0.0028,-81629.6
2002,p2p3,2.0,3.0,-31222.4,-0.0018,-37463.2
2002,p3p4,3.0,4.0,-20883.1,-0.0012,-24521.3
2002,p4p5,4.0,5.0,-13715.3,-0.0008,-16282.3
2002,p5p6,5.0,6.0,-8346.4,-0.0005,-10382.4
2002,p6p7,6.0,7.0,-4284.0,-0.0002,-5944.0
2002,p7p8,7.0,8.0,-1409.8,-0.0001,-2679.6
2002,p8p9,8.0,9.0,-4.600000000000001,0.0,-665.7
2002,p9p10,9.0,10.0,13.8,0.0,4.3
2002,p10p11,10.0,11.0,16.0,0.0,14.0
2002,p11p12,11.0,12.0,24.6,0.0,19.1
2002,p12p13,12.0,13.0,52.5,0.0,36.3
2002,p13p14,13.0,14.0,140.6,0.0,90.9
2002,p14p15,14.0,15.0,280.0,0.0,197.9
2002,p15p16,15.0,16.0,565.3000000000001,0.0,397.8
2002,p16p17,16.0,17.0,1078.9,0.0001,773.8000000000001
2002,p17p18,17.0,18.0,1806.2,0.0001,1357.8
2002,p18p19,18.0,19.0,2618.3,0.0002,2082.2
2002,p19p20,19.0,20.0,3492.3,0.0002,2875.7
2002,p20p21,20.0,21.0,4369.3,0.0003,3699.7
2002,p21p22,21.0,22.0,5363.200000000001,0.0003,4580.2
2002,p22p23,22.0,23.0,6412.3,0.0004,5541.6
2002,p23p24,23.0,24.0,7493.400000000001,0.0004,6544.1
2002,p24p25,24.0,25.0,8672.300000000001,0.0005,7607.700000000001
2002,p25p26,25.0,26.0,9926.900000000001,0.0006,8752.9
2002,p26p27,26.0,27.0,11456.0,0.0007,10691.4
2002,p27p28,27.0,28.0,12792.7,0.0007,12124.4
2002,p28p29,28.0,29.0,14326.8,0.0008,13559.7
2002,p29p30,29.0,30.0,16007.3,0.0009,15167.0
2002,p30p31,30.0,31.0,17796.6,0.001,16902.0
2002,p31p32,31.0,32.0,19492.6,0.0011,18644.6
2002,p32p33,32.0,33.0,21397.8,0.0012,20445.2
2002,p33p34,33.0,34.0,23294.6,0.0014,22346.2
2002,p34p35,34.0,35.0,25084.0,0.0015,24189.3
2002,p35p36,35.0,36.0,27294.9,0.0016,26189.4
2002,p36p37,36.0,37.0,29521.6,0.0017,28408.3
2002,p37p38,37.0,38.0,31700.1,0.0018,30610.9
2002,p38p39,38.0,39.0,34016.8,0.002,32858.4
2002,p39p40,39.0,40.0,36251.4,0.0021,35134.1
2002,p40p41,40.0,41.0,38716.3,0.0022,37483.9
2002,p41p42,41.0,42.0,41233.10000000001,0.0024,39974.7
2002,p42p43,42.0,43.0,43868.5,0.0025,42550.8
2002,p43p44,43.0,44.0,46709.5,0.0027,45289.0
2002,p44p45,44.0,45.0,49551.8,0.0029,48130.7
2002,p45p46,45.0,46.0,52612.60000000001,0.0031,51082.2
2002,p46p47,46.0,47.0,55912.10000000001,0.0032,54262.3
2002,p47p48,47.0,48.0,59182.7,0.0034,57547.4
2002,p48p49,48.0,49.0,62199.0,0.0036,60690.8
2002,p49p50,49.0,50.0,65467.5,0.0038,63833.2
2002,p50p51,50.0,51.0,68930.90000000001,0.004,67199.2
2002,p51p52,51.0,52.0,72214.1,0.0042,70572.5
2002,p52p53,52.0,53.0,75536.0,0.0044,73875.0
2002,p53p54,53.0,54.0,79005.5,0.0046,77270.7
2002,p54p55,54.0,55.0,82533.20000000001,0.0048,80769.3
2002,p55p56,55.0,56.0,85908.6,0.005,84220.90000000001
2002,p56p57,56.0,57.0,89697.1,0.0052,87802.8
2002,p57p58,57.0,58.0,93786.3,0.0054,91741.70000000001
2002,p58p59,58.0,59.0,97951.6,0.0057,95869.0
2002,p59p60,59.0,60.0,102295.9,0.0059,100123.8
2002,p60p61,60.0,61.0,106347.6,0.0062,104321.8
2002,p61p62,61.0,62.0,110501.8,0.0064,108424.7
2002,p62p63,62.0,63.0,114751.0,0.0067,112626.4
2002,p63p64,63.0,64.0,119113.8,0.0069,116932.4
2002,p64p65,64.0,65.0,123856.0,0.0072,121484.9
2002,p65p66,65.0,66.0,129091.9,0.0075,126474.0
2002,p66p67,66.0,67.0,133757.7,0.0078,131424.8
2002,p67p68,67.0,68.0,138534.9,0.008,136146.3
2002,p68p69,68.0,69.0,143490.8,0.0083,141012.9
2002,p69p70,69.0,70.0,149004.7,0.0086,146247.8
2002,p70p71,70.0,71.0,154910.4,0.009,151957.5
2002,p71p72,71.0,72.0,161006.9,0.0093,157958.7
2002,p72p73,72.0,73.0,167228.3,0.0097,164117.6
2002,p73p74,73.0,74.0,173267.3,0.0101,170247.8
2002,p74p75,74.0,75.0,179780.5,0.0104,176523.9
2002,p75p76,75.0,76.0,186433.2,0.0108,183106.9
2002,p76p77,76.0,77.0,193535.9,0.0112,189984.6
2002,p77p78,77.0,78.0,200478.8,0.0116,197007.4
2002,p78p79,78.0,79.0,208318.6,0.0121,204398.7
2002,p79p80,79.0,80.0,216399.7,0.0126,212359.2
2002,p80p81,80.0,81.0,224966.3,0.0131,220683.0
2002,p81p82,81.0,82.0,235121.7,0.0136,230044.0
2002,p82p83,82.0,83.0,245610.7,0.0143,240366.2
2002,p83p84,83.0,84.0,256800.1,0.0149,251205.4
2002,p84p85,84.0,85.0,268350.9,0.0156,262575.5
2002,p85p86,85.0,86.0,281133.0,0.0163,274742.0
2002,p86p87,86.0,87.0,295012.4,0.0171,288072.7
2002,p87p88,87.0,88.0,311231.4,0.0181,303121.9
2002,p88p89,88.0,89.0,329254.5,0.0191,320242.9
2002,p89p90,89.0,90.0,349490.6,0.0203,339372.5
2002,p90p91,90.0,91.0,371218.8,0.0215,360354.7
2002,p91p92,91.0,92.0,395687.7,0.023,383453.2
2002,p92p93,92.0,93.0,423988.8,0.0246,409838.2
2002,p93p94,93.0,94.0,457496.7,0.0266,440742.7
2002,p94p95,94.0,95.0,501145.1,0.0291,492410.6
2002,p95p96,95.0,96.0,560077.1,0.0325,530611.1
2002,p96p97,96.0,97.0,643074.6000000001,0.0373,566213.4
2002,p97p98,97.0,98.0,743058.2000000001,0.0431,652325.8
2002,p98p99,98.0,99.0,1202061.4,0.0698,915389.8
2002,p99p99.1,99.0,99.1,1802908.4,0.0105,1502484.9
2002,p99.1p99.2,99.1,99.2,1945866.1,0.0113,1874387.3
2002,p99.2p99.3,99.2,99.3,2090039.7,0.0121,2017952.9
2002,p99.3p99.4,99.3,99.4,2234880.8,0.013,2189381.0
2002,p99.4p99.5,99.4,99.5,2380050.7,0.0138,2287380.3
2002,p99.5p99.6,99.5,99.6,2525260.1,0.0147,2385379.6
2002,p99.6p99.7,99.6,99.7,2670321.5,0.0155,2597790.8
2002,p99.7p99.8,99.7,99.8,2814871.4,0.0163,2742596.5
2002,p99.8p99.9,99.8,99.9,3283040.5,0.0191,2869729.0
2002,p99.9p99.91,99.9,99.91,4250914.100000001,0.0025,3766977.3
2002,p99.91p99.92,99.91,99.92,4457133.8,0.0026,4418980.3
2002,p99.92p99.93,99.92,99.93,4663492.5,0.0027,4559821.4
2002,p99.93p99.94,99.93,99.94,4868632.4,0.0028,4700662.4
2002,p99.94p99.95,99.94,99.95,5076507.600000001,0.0029,4972570.0
2002,p99.95p99.96,99.95,99.96,5282682.2,0.0031,5179594.9
2002,p99.96p99.97,99.96,99.97,5489215.5,0.0032,5385948.800000001
2002,p99.97p99.98,99.97,99.98,5696359.5,0.0033,5592787.5
2002,p99.98p99.99,99.98,99.99,12757676.8,0.0074,8684626.0
2002,p99.99p99.991,99.99,99.991,45225224.40000001,0.0026,27287244.0
2002,p99.991p99.992,99.991,99.992,54872548.90000001,0.0032,47106860.0
2002,p99.992p99.993,99.992,99.993,82713305.80000001,0.0048,64749068.0
2002,p99.993p99.994,99.993,99.994,106792978.6,0.0062,89183264.0
2002,p99.994p99.995,99.994,99.995,128123578.9,0.0074,110553720.0
2002,p99.995p99.996,99.995,99.996,148444956.3,0.0086,130155496.0
2002,p99.996p99.997,99.996,99.997,168340459.5,0.0098,149081904.0
2002,p99.997p99.998,99.997,99.998,190139968.1,0.011,168703920.0
2002,p99.998p99.999,99.998,99.999,221297232.2,0.0128,193625824.0
2002,p99.999p100,99.999,100.0,696574956.5,0.0404,431958432.0
2003,p0p1,0.0,1.0,-133461.1,-0.0078,-266922.3
2003,p1p2,1.0,2.0,-52406.4,-0.0031,-87345.90000000001
2003,p2p3,2.0,3.0,-33913.0,-0.002,-40564.60000000001
2003,p3p4,3.0,4.0,-22714.3,-0.0013,-26611.2
2003,p4p5,4.0,5.0,-15007.0,-0.0009,-17726.6
2003,p5p6,5.0,6.0,-9396.5,-0.0006,-11468.1
2003,p6p7,6.0,7.0,-5100.0,-0.0003,-6812.400000000001
2003,p7p8,7.0,8.0,-1765.8,-0.0001,-3226.5
2003,p8p9,8.0,9.0,-29.6,0.0,-843.7
2003,p9p10,9.0,10.0,1.0,0.0,-13.4
2003,p10p11,10.0,11.0,1.9,0.0,1.4
2003,p11p12,11.0,12.0,2.9,0.0,2.3
2003,p12p13,12.0,13.0,5.4,0.0,3.9
2003,p13p14,13.0,14.0,17.7,0.0,10.9
2003,p14p15,14.0,15.0,73.2,0.0,42.7
2003,p15p16,15.0,16.0,283.8,0.0,167.7
2003,p16p17,16.0,17.0,765.9000000000001,0.0,493.3
2003,p17p18,17.0,18.0,1466.8,0.0001,1049.2
2003,p18p19,18.0,19.0,2258.7,0.0001,1750.8
2003,p19p20,19.0,20.0,3115.8,0.0002,2525.7
2003,p20p21,20.0,21.0,3960.7,0.0002,3325.5
2003,p21p22,21.0,22.0,4947.1,0.0003,4186.1
2003,p22p23,22.0,23.0,6002.400000000001,0.0004,5145.6
2003,p23p24,23.0,24.0,7050.200000000001,0.0004,6133.900000000001
2003,p24p25,24.0,25.0,8229.2,0.0005,7180.3
2003,p25p26,25.0,26.0,9482.4,0.0006,8323.300000000001
2003,p26p27,26.0,27.0,11036.6,0.0006,9646.9
2003,p27p28,27.0,28.0,12307.8,0.0007,11672.2
2003,p28p29,28.0,29.0,13884.6,0.0008,13096.2
2003,p29p30,29.0,30.0,15579.2,0.0009,14731.9
2003,p30p31,30.0,31.0,17329.4,0.001,16454.3
2003,p31p32,31.0,32.0,19002.9,0.0011,18166.1
2003,p32p33,32.0,33.0,20986.0,0.0012,19994.4
2003,p33p34,33.0,34.0,22928.6,0.0013,21957.3
2003,p34p35,34.0,35.0,24688.3,0.0014,23808.4
2003,p35p36,35.0,36.0,26824.7,0.0016,25756.5
2003,p36p37,36.0,37.0,29106.5,0.0017,27965.6
2003,p37p38,37.0,38.0,31362.5,0.0018,30234.5
2003,p38p39,38.0,39.0,33715.1,0.002,32538.8
2003,p39p40,39.0,40.0,35908.6,0.0021,34811.8
2003,p40p41,40.0,41.0,38332.6,0.0022,37120.6
2003,p41p42,41.0,42.0,40868.5,0.0024,39600.60000000001
2003,p42p43,42.0,43.0,43541.60000000001,0.0026,42205.0
2003,p43p44,43.0,44.0,46401.4,0.0027,44971.5
2003,p44p45,44.0,45.0,49215.9,0.0029,47808.7
2003,p45p46,45.0,46.0,52238.3,0.0031,50727.10000000001
2003,p46p47,46.0,47.0,55460.8,0.0033,53849.60000000001
2003,p47p48,47.0,48.0,58649.10000000001,0.0034,57054.9
2003,p48p49,48.0,49.0,61632.10000000001,0.0036,60140.60000000001
2003,p49p50,49.0,50.0,64900.4,0.0038,63266.3
2003,p50p51,50.0,51.0,68367.5,0.004,66633.90000000001
2003,p51p52,51.0,52.0,71547.5,0.0042,69957.5
2003,p52p53,52.0,53.0,74815.8,0.0044,73181.7
2003,p53p54,53.0,54.0,78252.0,0.0046,76533.90000000001
2003,p54p55,54.0,55.0,81813.20000000001,0.0048,80032.6
2003,p55p56,55.0,56.0,85148.8,0.005,83481.0
2003,p56p57,56.0,57.0,89039.0,0.0052,87093.90000000001
2003,p57p58,57.0,58.0,93065.6,0.0055,91052.3
2003,p58p59,58.0,59.0,97067.20000000001,0.0057,95066.40000000001
2003,p59p60,59.0,60.0,101419.5,0.0059,99243.40000000001
2003,p60p61,60.0,61.0,105474.5,0.0062,103447.0
2003,p61p62,61.0,62.0,109606.3,0.0064,107540.4
2003,p62p63,62.0,63.0,113825.6,0.0067,111715.9
2003,p63p64,63.0,64.0,118131.2,0.0069,115978.4
2003,p64p65,64.0,65.0,122887.1,0.0072,120509.1
2003,p65p66,65.0,66.0,128038.2,0.0075,125462.6
2003,p66p67,66.0,67.0,132699.4,0.0078,130368.8
2003,p67p68,67.0,68.0,137515.9,0.0081,135107.7
2003,p68p69,68.0,69.0,142391.7,0.0083,139953.8
2003,p69p70,69.0,70.0,147840.1,0.0087,145115.9
2003,p70p71,70.0,71.0,153818.1,0.009,150829.1
2003,p71p72,71.0,72.0,160012.5,0.0094,156915.3
2003,p72p73,72.0,73.0,166171.9,0.0097,163092.2
2003,p73p74,73.0,74.0,172148.8,0.0101,169160.3
2003,p74p75,74.0,75.0,178808.6,0.0105,175478.7
2003,p75p76,75.0,76.0,185577.9,0.0109,182193.3
2003,p76p77,76.0,77.0,192551.9,0.0113,189064.9
2003,p77p78,77.0,78.0,199357.2,0.0117,195954.5
2003,p78p79,78.0,79.0,207355.8,0.0122,203356.5
2003,p79p80,79.0,80.0,215389.8,0.0126,211372.8
2003,p80p81,80.0,81.0,223917.1,0.0131,219653.5
2003,p81p82,81.0,82.0,234333.6,0.0137,229125.3
2003,p82p83,82.0,83.0,245061.3,0.0144,239697.4
2003,p83p84,83.0,84.0,256318.7,0.015,250690.0
2003,p84p85,84.0,85.0,267545.6,0.0157,261932.1
2003,p85p86,85.0,86.0,280200.3,0.0164,273872.9
2003,p86p87,86.0,87.0,294086.2,0.0172,287143.3
2003,p87p88,87.0,88.0,310180.1,0.0182,302133.1
2003,p88p89,88.0,89.0,328024.9,0.0192,319102.5
2003,p89p90,89.0,90.0,347899.8,0.0204,337962.4
2003,p90p91,90.0,91.0,368956.9,0.0216,358428.4
2003,p91p92,91.0,92.0,392840.4,0.023,380898.6
2003,p92p93,92.0,93.0,421130.3,0.0247,406985.4
2003,p93p94,93.0,94.0,454441.3,0.0266,437785.8
2003,p94p95,94.0,95.0,498462.7,0.0292,488485.6
2003,p95p96,95.0,96.0,556175.5,0.0326,527319.1
2003,p96p97,96.0,97.0,634213.8,0.0372,559407.1
2003,p97p98,97.0,98.0,724984.3,0.0425,638736.5
2003,p98p99,98.0,99.0,1158805.2,0.0679,885261.0
2003,p99p99.1,99.0,99.1,1674195.8,0.0098,1416500.5
2003,p99.1p99.2,99.1,99.2,1817365.3,0.0107,1745780.5
2003,p99.2p99.3,99.2,99.3,1962164.1,0.0115,1889764.7
2003,p99.3p99.4,99.3,99.4,2107876.0,0.0124,2091088.2
2003,p99.4p99.5,99.4,99.5,2254088.4,0.0132,2183844.2
2003,p99.5p99.6,99.5,99.6,2400489.7,0.0141,2276600.1
2003,p99.6p99.7,99.6,99.7,2546765.6,0.0149,2473627.6
2003,p99.7p99.8,99.7,99.8,2692480.7,0.0158,2619623.2
2003,p99.8p99.9,99.8,99.9,3096993.2,0.0182,2720683.8
2003,p99.9p99.91,99.9,99.91,4015527.7,0.0024,3556260.4
2003,p99.91p99.92,99.91,99.92,4223416.4,0.0025,4119472.0
2003,p99.92p99.93,99.92,99.93,4431303.100000001,0.0026,4360745.8
2003,p99.93p99.94,99.93,99.94,4639191.600000001,0.0027,4497417.600000001
2003,p99.94p99.95,99.94,99.95,4847082.2,0.0028,4743136.9
2003,p99.95p99.96,99.95,99.96,5054967.5,0.003,4951024.9
2003,p99.96p99.97,99.96,99.97,5262859.800000001,0.0031,5158913.600000001
2003,p99.97p99.98,99.97,99.98,5470733.9,0.0032,5366796.800000001
2003,p99.98p99.99,99.98,99.99,14877852.6,0.0087,9562539.0
2003,p99.99p99.991,99.99,99.991,72069304.10000001,0.0042,40859624.0
2003,p99.991p99.992,99.991,99.992,88462833.60000001,0.0052,75439872.0
2003,p99.992p99.993,99.992,99.993,104756281.1,0.0061,90800672.0
2003,p99.993p99.994,99.993,99.994,121045016.8,0.0071,106112224.0
2003,p99.994p99.995,99.994,99.995,137336910.8,0.0081,121806932.0
2003,p99.995p99.996,99.995,99.996,153627174.4,0.009,137501640.0
2003,p99.996p99.997,99.996,99.997,169994336.9,0.01,161810755.6
2003,p99.997p99.998,99.997,99.998,189397046.4,0.0111,179695691.6
2003,p99.998p99.999,99.998,99.999,220153237.4,0.0129,192462544.0
2003,p99.999p100,99.999,100.0,691428341.8000001,0.0405,428385248.0
2004,p0p1,0.0,1.0,-125443.6,-0.0073,-250887.2
2004,p1p2,1.0,2.0,-49169.9,-0.0029,-82038.40000000001
2004,p2p3,2.0,3.0,-32176.3,-0.0019,-38218.8
2004,p3p4,3.0,4.0,-21779.2,-0.0013,-25349.8
2004,p4p5,4.0,5.0,-14634.3,-0.0008,-17108.1
2004,p5p6,5.0,6.0,-9444.9,-0.0005,-11313.1
2004,p6p7,6.0,7.0,-5427.1,-0.0003,-6987.3
2004,p7p8,7.0,8.0,-2273.7,-0.0001,-3618.0
2004,p8p9,8.0,9.0,-490.6,0.0,-1298.8
2004,p9p10,9.0,10.0,-161.5,0.0,-306.4
2004,p10p11,10.0,11.0,-4.100000000000001,0.0,-77.80000000000001
2004,p11p12,11.0,12.0,4.3,0.0,0.1
2004,p12p13,12.0,13.0,8.3,0.0,5.9
2004,p13p14,13.0,14.0,19.7,0.0,13.2
2004,p14p15,14.0,15.0,65.4,0.0,40.0
2004,p15p16,15.0,16.0,235.6,0.0,141.4
2004,p16p17,16.0,17.0,623.8000000000001,0.0,403.7
2004,p17p18,17.0,18.0,1188.3,0.0001,851.4000000000001
2004,p18p19,18.0,19.0,1847.6,0.0001,1426.4
2004,p19p20,19.0,20.0,2604.1,0.0002,2091.5
2004,p20p21,20.0,21.0,3388.2,0.0002,2815.4
2004,p21p22,21.0,22.0,4295.8,0.0002,3610.2
2004,p22p23,22.0,23.0,5262.700000000001,0.0003,4490.8
2004,p23p24,23.0,24.0,6238.5,0.0004,5403.6
2004,p24p25,24.0,25.0,7362.0,0.0004,6389.900000000001
2004,p25p26,25.0,26.0,8544.5,0.0005,7473.3
2004,p26p27,26.0,27.0,9973.5,0.0006,8716.1
2004,p27p28,27.0,28.0,11223.4,0.0007,10598.5
2004,p28p29,28.0,29.0,12750.0,0.0007,11986.7
2004,p29p30,29.0,30.0,14380.7,0.0008,13565.4
2004,p30p31,30.0,31.0,16034.1,0.0009,15207.4
2004,p31p32,31.0,32.0,17702.5,0.001,16868.3
2004,p32p33,32.0,33.0,19618.4,0.0011,18660.4
2004,p33p34,33.0,34.0,21522.5,0.0012,20570.4
2004,p34p35,34.0,35.0,23267.7,0.0013,22395.1
2004,p35p36,35.0,36.0,25363.2,0.0015,24315.4
2004,p36p37,36.0,37.0,27545.1,0.0016,26454.1
2004,p37p38,37.0,38.0,29770.8,0.0017,28657.9
2004,p38p39,38.0,39.0,32108.6,0.0019,30939.7
2004,p39p40,39.0,40.0,34325.4,0.002,33217.0
2004,p40p41,40.0,41.0,36689.7,0.0021,35507.6
2004,p41p42,41.0,42.0,39180.1,0.0023,37934.9
2004,p42p43,42.0,43.0,41800.2,0.0024,40490.2
2004,p43p44,43.0,44.0,44594.7,0.0026,43197.5
2004,p44p45,44.0,45.0,47357.60000000001,0.0027,45976.2
2004,p45p46,45.0,46.0,50325.3,0.0029,48841.5
2004,p46p47,46.0,47.0,53552.10000000001,0.0031,51938.7
2004,p47p48,47.0,48.0,56738.2,0.0033,55145.2
2004,p48p49,48.0,49.0,59752.0,0.0035,58245.10000000001
2004,p49p50,49.0,50.0,63045.4,0.0037,61398.7
2004,p50p51,50.0,51.0,66503.2,0.0039,64774.3
2004,p51p52,51.0,52.0,69700.5,0.004,68101.8
2004,p52p53,52.0,53.0,73038.7,0.0042,71369.6
2004,p53p54,53.0,54.0,76557.5,0.0044,74798.1
2004,p54p55,54.0,55.0,80127.5,0.0046,78342.5
2004,p55p56,55.0,56.0,83485.5,0.0048,81806.5
2004,p56p57,56.0,57.0,87430.8,0.0051,85458.1
2004,p57p58,57.0,58.0,91500.70000000001,0.0053,89465.70000000001
2004,p58p59,58.0,59.0,95512.40000000001,0.0055,93506.6
2004,p59p60,59.0,60.0,99845.5,0.0058,97678.90000000001
2004,p60p61,60.0,61.0,103960.8,0.006,101903.1
2004,p61p62,61.0,62.0,108175.0,0.0063,106067.9
2004,p62p63,62.0,63.0,112490.7,0.0065,110332.8
2004,p63p64,63.0,64.0,116864.8,0.0068,114677.8
2004,p64p65,64.0,65.0,121695.7,0.0071,119280.2
2004,p65p66,65.0,66.0,126740.6,0.0073,124218.1
2004,p66p67,66.0,67.0,131453.3,0.0076,129096.9
2004,p67p68,67.0,68.0,136304.9,0.0079,133879.1
2004,p68p69,68.0,69.0,141210.4,0.0082,138757.6
2004,p69p70,69.0,70.0,146565.9,0.0085,143888.1
2004,p70p71,70.0,71.0,152358.9,0.0088,149462.4
2004,p71p72,71.0,72.0,158459.2,0.0092,155409.1
2004,p72p73,72.0,73.0,164841.8,0.0096,161650.5
2004,p73p74,73.0,74.0,170978.6,0.0099,167910.2
2004,p74p75,74.0,75.0,177616.6,0.0103,174297.6
2004,p75p76,75.0,76.0,184368.0,0.0107,180992.3
2004,p76p77,76.0,77.0,191526.6,0.0111,187947.3
2004,p77p78,77.0,78.0,198695.2,0.0115,195110.9
2004,p78p79,78.0,79.0,206873.3,0.012,202784.3
2004,p79p80,79.0,80.0,215118.1,0.0125,210995.7
2004,p80p81,80.0,81.0,223814.8,0.013,219466.4
2004,p81p82,81.0,82.0,234029.5,0.0136,228922.2
2004,p82p83,82.0,83.0,244831.7,0.0142,239430.6
2004,p83p84,83.0,84.0,256320.9,0.0149,250576.3
2004,p84p85,84.0,85.0,267551.8,0.0155,261936.3
2004,p85p86,85.0,86.0,280285.9,0.0162,273918.8
2004,p86p87,86.0,87.0,294307.2,0.0171,287296.6
2004,p87p88,87.0,88.0,310572.5,0.018,302439.9
2004,p88p89,88.0,89.0,328445.0,0.019,319508.7
2004,p89p90,89.0,90.0,348210.7,0.0202,338327.8
2004,p90p91,90.0,91.0,369564.6,0.0214,358887.6
2004,p91p92,91.0,92.0,393996.8,0.0228,381780.7
2004,p92p93,92.0,93.0,423224.2,0.0245,408610.5
2004,p93p94,93.0,94.0,457618.6,0.0265,440421.4
2004,p94p95,94.0,95.0,503276.1,0.0292,493750.8
2004,p95p96,95.0,96.0,563010.4,0.0326,533143.2000000001
2004,p96p97,96.0,97.0,644811.5,0.0374,567468.9
2004,p97p98,97.0,98.0,736556.9,0.0427,649006.0
2004,p98p99,98.0,99.0,1182509.0,0.0685,901631.6000000001
2004,p99p99.1,99.0,99.1,1708079.9,0.0099,1445294.5
2004,p99.1p99.2,99.1,99.2,1851701.8,0.0107,1779890.9
2004,p99.2p99.3,99.2,99.3,1996745.1,0.0116,1924223.5
2004,p99.3p99.4,99.3,99.4,2142457.9,0.0124,2118026.8
2004,p99.4p99.5,99.4,99.5,2288483.8,0.0133,2211595.7
2004,p99.5p99.6,99.5,99.6,2434476.4,0.0141,2305164.5
2004,p99.6p99.7,99.6,99.7,2580070.9,0.015,2507273.6
2004,p99.7p99.8,99.7,99.8,2724637.3,0.0158,2652354.1
2004,p99.8p99.9,99.8,99.9,3134616.9,0.0182,2752843.8
2004,p99.9p99.91,99.9,99.91,4053061.9,0.0023,3593839.4
2004,p99.91p99.92,99.91,99.92,4261636.0,0.0025,4258232.4
2004,p99.92p99.93,99.92,99.93,4469903.5,0.0026,4395085.9
2004,p99.93p99.94,99.93,99.94,4678531.4,0.0027,4531939.4
2004,p99.94p99.95,99.94,99.95,4885921.4,0.0028,4782226.4
2004,p99.95p99.96,99.95,99.96,5094083.100000001,0.003,4990002.2
2004,p99.96p99.97,99.96,99.97,5301961.2,0.0031,5198022.100000001
2004,p99.97p99.98,99.97,99.98,5509122.4,0.0032,5405541.800000001
2004,p99.98p99.99,99.98,99.99,13977421.3,0.0081,9155331.0
2004,p99.99p99.991,99.99,99.991,71124684.0,0.0041,39983384.0
2004,p99.991p99.992,99.991,99.992,89009073.60000001,0.0052,75235384.0
2004,p99.992p99.993,99.992,99.993,106810149.3,0.0062,92001424.0
2004,p99.993p99.994,99.993,99.994,124387236.6,0.0072,108623088.0
2004,p99.994p99.995,99.994,99.995,142020441.1,0.0082,125088300.0
2004,p99.995p99.996,99.995,99.996,159634679.8,0.0093,150827560.4
2004,p99.996p99.997,99.996,99.997,176302755.7,0.0102,167968717.8
2004,p99.997p99.998,99.997,99.998,195075296.1,0.0113,185689025.9
2004,p99.998p99.999,99.998,99.999,223396370.5,0.013,196609856.0
2004,p99.999p100,99.999,100.0,831888386.3000001,0.0482,495802720.0
2005,p0p1,0.0,1.0,-120395.3,-0.0068,-240790.7
2005,p1p2,1.0,2.0,-46921.0,-0.0026,-78686.8
2005,p2p3,2.0,3.0,-31050.0,-0.0018,-36668.8
2005,p3p4,3.0,4.0,-21239.8,-0.0012,-24591.2
2005,p4p5,4.0,5.0,-14519.6,-0.0008,-16817.2
2005,p5p6,5.0,6.0,-9653.5,-0.0005,-11368.3
2005,p6p7,6.0,7.0,-5837.6,-0.0003,-7285.3
2005,p7p8,7.0,8.0,-2806.1,-0.0002,-4065.0
2005,p8p9,8.0,9.0,-942.6,-0.0001,-1763.0
2005,p9p10,9.0,10.0,-308.6,0.0,-588.4
2005,p10p11,10.0,11.0,-12.2,0.0,-150.9
2005,p11p12,11.0,12.0,-11.9,0.0,-12.1
2005,p12p13,12.0,13.0,-4.2,0.0,-7.600000000000001
2005,p13p14,13.0,14.0,-3.1,0.0,-3.4
2005,p14p15,14.0,15.0,17.1,0.0,6.600000000000001
2005,p15p16,15.0,16.0,144.3,0.0,75.9
2005,p16p17,16.0,17.0,439.7,0.0,274.6
2005,p17p18,17.0,18.0,872.4000000000001,0.0,617.1
2005,p18p19,18.0,19.0,1406.5,0.0001,1071.7
2005,p19p20,19.0,20.0,2072.8,0.0001,1636.3
2005,p20p21,20.0,21.0,2807.4,0.0002,2295.1
2005,p21p22,21.0,22.0,3650.4,0.0002,3037.0
2005,p22p23,22.0,23.0,4543.400000000001,0.0003,3853.5
2005,p23p24,23.0,24.0,5463.400000000001,0.0003,4706.1
2005,p24p25,24.0,25.0,6550.6,0.0004,5650.0
2005,p25p26,25.0,26.0,7682.900000000001,0.0004,6693.900000000001
2005,p26p27,26.0,27.0,9013.800000000001,0.0005,7852.3
2005,p27p28,27.0,28.0,10266.7,0.0006,9067.4
2005,p28p29,28.0,29.0,11775.3,0.0007,10366.1
2005,p29p30,29.0,30.0,13384.3,0.0008,12579.8
2005,p30p31,30.0,31.0,14961.2,0.0008,14172.8
2005,p31p32,31.0,32.0,16656.1,0.0009,15808.7
2005,p32p33,32.0,33.0,18540.5,0.001,17598.3
2005,p33p34,33.0,34.0,20442.0,0.0012,19491.2
2005,p34p35,34.0,35.0,22206.4,0.0013,21324.2
2005,p35p36,35.0,36.0,24302.5,0.0014,23254.4
2005,p36p37,36.0,37.0,26425.7,0.0015,25364.1
2005,p37p38,37.0,38.0,28665.3,0.0016,27545.5
2005,p38p39,38.0,39.0,31035.6,0.0018,29850.5
2005,p39p40,39.0,40.0,33321.6,0.0019,32178.6
2005,p40p41,40.0,41.0,35673.5,0.002,34497.6
2005,p41p42,41.0,42.0,38167.3,0.0022,36920.4
2005,p42p43,42.0,43.0,40786.10000000001,0.0023,39476.7
2005,p43p44,43.0,44.0,43571.7,0.0025,42178.9
2005,p44p45,44.0,45.0,46337.8,0.0026,44954.7
2005,p45p46,45.0,46.0,49306.5,0.0028,47822.10000000001
2005,p46p47,46.0,47.0,52596.0,0.003,50951.2
2005,p47p48,47.0,48.0,55834.9,0.0032,54215.5
2005,p48p49,48.0,49.0,58932.2,0.0033,57383.5
2005,p49p50,49.0,50.0,62310.9,0.0035,60621.5
2005,p50p51,50.0,51.0,65824.40000000001,0.0037,64067.60000000001
2005,p51p52,51.0,52.0,69099.3,0.0039,67461.8
2005,p52p53,52.0,53.0,72571.8,0.0041,70835.5
2005,p53p54,53.0,54.0,76242.3,0.0043,74407.0
2005,p54p55,54.0,55.0,79886.5,0.0045,78064.40000000001
2005,p55p56,55.0,56.0,83327.1,0.0047,81606.8
2005,p56p57,56.0,57.0,87399.8,0.0049,85363.40000000001
2005,p57p58,57.0,58.0,91621.20000000001,0.0052,89510.5
2005,p58p59,58.0,59.0,95745.3,0.0054,93683.3
2005,p59p60,59.0,60.0,100076.9,0.0057,97911.1
2005,p60p61,60.0,61.0,104324.3,0.0059,102200.6
2005,p61p62,61.0,62.0,108694.5,0.0061,106509.4
2005,p62p63,62.0,63.0,113181.0,0.0064,110937.7
2005,p63p64,63.0,64.0,117700.8,0.0066,115440.9
2005,p64p65,64.0,65.0,122694.3,0.0069,120197.6
2005,p65p66,65.0,66.0,127727.4,0.0072,125210.9
2005,p66p67,66.0,67.0,132582.3,0.0075,130154.8
2005,p67p68,67.0,68.0,137563.2,0.0078,135072.7
2005,p68p69,68.0,69.0,142600.8,0.0081,140082.0
2005,p69p70,69.0,70.0,147976.3,0.0084,145288.6
2005,p70p71,70.0,71.0,153693.7,0.0087,150835.0
2005,p71p72,71.0,72.0,159810.6,0.009,156752.1
2005,p72p73,72.0,73.0,166543.5,0.0094,163177.0
2005,p73p74,73.0,74.0,172959.7,0.0098,169751.6
2005,p74p75,74.0,75.0,179705.8,0.0101,176332.8
2005,p75p76,75.0,76.0,186570.4,0.0105,183138.1
2005,p76p77,76.0,77.0,194064.0,0.011,190317.2
2005,p77p78,77.0,78.0,201768.1,0.0114,197916.1
2005,p78p79,78.0,79.0,210312.4,0.0119,206040.3
2005,p79p80,79.0,80.0,218949.9,0.0124,214631.2
2005,p80p81,80.0,81.0,228008.5,0.0129,223479.2
2005,p81p82,81.0,82.0,238246.1,0.0135,233127.3
2005,p82p83,82.0,83.0,249372.9,0.0141,243809.5
2005,p83p84,83.0,84.0,261366.8,0.0148,255369.8
2005,p84p85,84.0,85.0,272858.9,0.0154,267112.8
2005,p85p86,85.0,86.0,285967.1,0.0161,279413.0
2005,p86p87,86.0,87.0,300446.1,0.017,293206.6
2005,p87p88,87.0,88.0,317250.7,0.0179,308848.4
2005,p88p89,88.0,89.0,335526.8,0.0189,326388.7
2005,p89p90,89.0,90.0,355604.3,0.0201,345565.5
2005,p90p91,90.0,91.0,377813.3,0.0213,366708.8
2005,p91p92,91.0,92.0,403456.2,0.0228,390634.8
2005,p92p93,92.0,93.0,434419.8,0.0245,418938.0
2005,p93p94,93.0,94.0,470887.9,0.0266,452653.8
2005,p94p95,94.0,95.0,519454.3,0.0293,510847.7
2005,p95p96,95.0,96.0,582914.4,0.0329,551184.3
2005,p96p97,96.0,97.0,670922.4,0.0379,589664.4
2005,p97p98,97.0,98.0,766368.2000000001,0.0433,675940.4
2005,p98p99,98.0,99.0,1236835.7,0.0698,942082.7000000001
2005,p99p99.1,99.0,99.1,1786942.4,0.0101,1511889.0
2005,p99.1p99.2,99.1,99.2,1934865.3,0.0109,1860903.8
2005,p99.2p99.3,99.2,99.3,2084154.9,0.0118,2009510.1
2005,p99.3p99.4,99.3,99.4,2234113.6,0.0126,2205716.2
2005,p99.4p99.5,99.4,99.5,2384380.2,0.0135,2302918.8
2005,p99.5p99.6,99.5,99.6,2534522.8,0.0143,2400121.3
2005,p99.6p99.7,99.6,99.7,2684212.4,0.0152,2609367.6
2005,p99.7p99.8,99.7,99.8,2832676.4,0.016,2758444.4
2005,p99.8p99.9,99.8,99.9,3261639.1,0.0184,2866083.3
2005,p99.9p99.91,99.9,99.91,4206724.7,0.0024,3734181.9
2005,p99.91p99.92,99.91,99.92,4422192.600000001,0.0025,4314458.7
2005,p99.92p99.93,99.92,99.93,4637764.0,0.0026,4567285.3
2005,p99.93p99.94,99.93,99.94,4852101.8,0.0027,4709052.100000001
2005,p99.94p99.95,99.94,99.95,5069355.0,0.0029,4960728.4
2005,p99.95p99.96,99.95,99.96,5285108.7,0.003,5177231.9
2005,p99.96p99.97,99.96,99.97,5501245.2,0.0031,5393177.0
2005,p99.97p99.98,99.97,99.98,5717667.100000001,0.0032,5609456.100000001
2005,p99.98p99.99,99.98,99.99,13543320.7,0.0076,9058211.0
2005,p99.99p99.991,99.99,99.991,72438698.7,0.0041,40436308.0
2005,p99.991p99.992,99.991,99.992,92427788.9,0.0052,77534728.0
2005,p99.992p99.993,99.992,99.993,112133264.7,0.0063,96202600.0
2005,p99.993p99.994,99.993,99.994,131969245.4,0.0075,114798472.0
2005,p99.994p99.995,99.994,99.995,151672973.8,0.0086,133393520.0
2005,p99.995p99.996,99.995,99.996,171338996.6,0.0097,161505985.2
2005,p99.996p99.997,99.996,99.997,188938679.7,0.0107,180138838.2
2005,p99.997p99.998,99.997,99.998,207028296.0,0.0117,197983487.9
2005,p99.998p99.999,99.998,99.999,234504195.2,0.0132,207647408.0
2005,p99.999p100,99.999,100.0,864526564.7,0.0488,516860928.0
2006,p0p1,0.0,1.0,-115117.9,-0.0063,-230235.9
2006,p1p2,1.0,2.0,-44680.5,-0.0025,-75166.6
2006,p2p3,2.0,3.0,-30003.9,-0.0016,-35130.3
2006,p3p4,3.0,4.0,-20802.6,-0.0011,-23898.5
2006,p4p5,4.0,5.0,-14513.2,-0.0008,-16612.0
2006,p5p6,5.0,6.0,-9973.6,-0.0005,-11518.2
2006,p6p7,6.0,7.0,-6359.400000000001,-0.0003,-7682.8
2006,p7p8,7.0,8.0,-3443.0,-0.0002,-4610.900000000001
2006,p8p9,8.0,9.0,-1478.8,-0.0001,-2315.1
2006,p9p10,9.0,10.0,-505.5,0.0,-933.4000000000001
2006,p10p11,10.0,11.0,-14.7,0.0,-244.7
2006,p11p12,11.0,12.0,3.9,0.0,-5.100000000000001
2006,p12p13,12.0,13.0,7.0,0.0,5.100000000000001
2006,p13p14,13.0,14.0,14.0,0.0,9.9
2006,p14p15,14.0,15.0,39.0,0.0,24.9
2006,p15p16,15.0,16.0,129.7,0.0,79.30000000000001
2006,p16p17,16.0,17.0,335.9,0.0,219.0
2006,p17p18,17.0,18.0,637.1,0.0,457.7
2006,p18p19,18.0,19.0,1045.2,0.0001,791.3000000000001
2006,p19p20,19.0,20.0,1623.2,0.0001,1255.2
2006,p20p21,20.0,21.0,2314.3,0.0001,1852.1
2006,p21p22,21.0,22.0,3096.4,0.0002,2545.1
2006,p22p23,22.0,23.0,3919.6,0.0002,3300.2
2006,p23p24,23.0,24.0,4787.1,0.0003,4095.5
2006,p24p25,24.0,25.0,5843.900000000001,0.0003,5000.700000000001
2006,p25p26,25.0,26.0,6930.3,0.0004,6008.8
2006,p26p27,26.0,27.0,8159.8,0.0004,7098.1
2006,p27p28,27.0,28.0,9420.800000000001,0.0005,8269.6
2006,p28p29,28.0,29.0,10911.2,0.0006,9563.9
2006,p29p30,29.0,30.0,12485.4,0.0007,11698.3
2006,p30p31,30.0,31.0,14005.3,0.0008,13245.3
2006,p31p32,31.0,32.0,15739.0,0.0009,14872.2
2006,p32p33,32.0,33.0,17600.7,0.001,16669.9
2006,p33p34,33.0,34.0,19511.4,0.0011,18556.0
2006,p34p35,34.0,35.0,21306.2,0.0012,20408.8
2006,p35p36,35.0,36.0,23412.7,0.0013,22359.4
2006,p36p37,36.0,37.0,25485.4,0.0014,24449.0
2006,p37p38,37.0,38.0,27751.1,0.0015,26618.2
2006,p38p39,38.0,39.0,30167.6,0.0017,28959.3
2006,p39p40,39.0,40.0,32537.9,0.0018,31352.7
2006,p40p41,40.0,41.0,34887.8,0.0019,33712.8
2006,p41p42,41.0,42.0,37398.7,0.0021,36143.3
2006,p42p43,42.0,43.0,40030.7,0.0022,38714.7
2006,p43p44,43.0,44.0,42819.7,0.0024,41425.2
2006,p44p45,44.0,45.0,45604.10000000001,0.0025,44211.9
2006,p45p46,45.0,46.0,48595.4,0.0027,47099.8
2006,p46p47,46.0,47.0,51980.3,0.0029,50287.9
2006,p47p48,47.0,48.0,55308.9,0.003,53644.60000000001
2006,p48p49,48.0,49.0,58525.7,0.0032,56917.3
2006,p49p50,49.0,50.0,62025.0,0.0034,60275.4
2006,p50p51,50.0,51.0,65625.40000000001,0.0036,63825.2
2006,p51p52,51.0,52.0,69008.5,0.0038,67317.0
2006,p52p53,52.0,53.0,72649.7,0.004,70829.1
2006,p53p54,53.0,54.0,76506.7,0.0042,74578.2
2006,p54p55,54.0,55.0,80262.5,0.0044,78384.6
2006,p55p56,55.0,56.0,83824.20000000001,0.0046,82043.3
2006,p56p57,56.0,57.0,88069.0,0.0048,85946.6
2006,p57p58,57.0,58.0,92435.20000000001,0.0051,90252.1
2006,p58p59,58.0,59.0,96670.20000000001,0.0053,94552.70000000001
2006,p59p60,59.0,60.0,101136.5,0.0056,98903.40000000001
2006,p60p61,60.0,61.0,105568.8,0.0058,103352.7
2006,p61p62,61.0,62.0,110150.4,0.0061,107859.6
2006,p62p63,62.0,63.0,114867.4,0.0063,112508.9
2006,p63p64,63.0,64.0,119587.8,0.0066,117227.6
2006,p64p65,64.0,65.0,124801.0,0.0069,122194.4
2006,p65p66,65.0,66.0,129861.8,0.0071,127331.4
2006,p66p67,66.0,67.0,134904.2,0.0074,132383.0
2006,p67p68,67.0,68.0,140058.6,0.0077,137481.4
2006,p68p69,68.0,69.0,145260.4,0.008,142659.5
2006,p69p70,69.0,70.0,150680.4,0.0083,147970.4
2006,p70p71,70.0,71.0,156362.2,0.0086,153521.3
2006,p71p72,71.0,72.0,162551.9,0.0089,159457.0
2006,p72p73,72.0,73.0,169700.2,0.0093,166126.0
2006,p73p74,73.0,74.0,176459.2,0.0097,173079.7
2006,p74p75,74.0,75.0,183365.4,0.0101,179912.3
2006,p75p76,75.0,76.0,190396.4,0.0105,186880.9
2006,p76p77,76.0,77.0,198280.1,0.0109,194338.2
2006,p77p78,77.0,78.0,206556.5,0.0114,202418.3
2006,p78p79,78.0,79.0,215505.3,0.0118,211030.9
2006,p79p80,79.0,80.0,224586.3,0.0123,220045.8
2006,p80p81,80.0,81.0,234054.6,0.0129,229320.4
2006,p81p82,81.0,82.0,244336.4,0.0134,239195.5
2006,p82p83,82.0,83.0,255815.3,0.0141,250075.9
2006,p83p84,83.0,84.0,268346.5,0.0148,262080.9
2006,p84p85,84.0,85.0,280126.1,0.0154,274236.3
2006,p85p86,85.0,86.0,293642.5,0.0161,286884.3
2006,p86p87,86.0,87.0,308624.0,0.017,301133.3
2006,p87p88,87.0,88.0,326033.6,0.0179,317328.8
2006,p88p89,88.0,89.0,344815.9,0.019,335424.8
2006,p89p90,89.0,90.0,365297.2,0.0201,355056.5
2006,p90p91,90.0,91.0,388334.8,0.0214,376816.0
2006,p91p92,91.0,92.0,415142.3,0.0228,401738.6
2006,p92p93,92.0,93.0,447812.0,0.0246,431477.1
2006,p93p94,93.0,94.0,486246.6,0.0267,467029.3
2006,p94p95,94.0,95.0,537683.7000000001,0.0296,529506.7000000001
2006,p95p96,95.0,96.0,604754.5,0.0332,571219.1
2006,p96p97,96.0,97.0,698819.7000000001,0.0384,613180.4
2006,p97p98,97.0,98.0,797277.5,0.0438,703740.1000000001
2006,p98p99,98.0,99.0,1291694.1,0.071,982618.7000000001
2006,p99p99.1,99.0,99.1,1865046.4,0.0103,1578370.2
2006,p99.1p99.2,99.1,99.2,2016678.6,0.0111,1940862.5
2006,p99.2p99.3,99.2,99.3,2169415.7,0.0119,2093047.1
2006,p99.3p99.4,99.3,99.4,2322495.8,0.0128,2285403.0
2006,p99.4p99.5,99.4,99.5,2475614.1,0.0136,2385617.2
2006,p99.5p99.6,99.5,99.6,2628367.0,0.0145,2485831.4
2006,p99.6p99.7,99.6,99.7,2780298.9,0.0153,2704333.0
2006,p99.7p99.8,99.7,99.8,2930481.8,0.0161,2855390.4
2006,p99.8p99.9,99.8,99.9,3374474.9,0.0186,2965750.5
2006,p99.9p99.91,99.9,99.91,4340162.5,0.0024,3857318.7
2006,p99.91p99.92,99.91,99.92,4561157.9,0.0025,4560196.0
2006,p99.92p99.93,99.92,99.93,4781676.600000001,0.0026,4705145.600000001
2006,p99.93p99.94,99.93,99.94,5002541.0,0.0028,4850095.100000001
2006,p99.94p99.95,99.94,99.95,5221926.7,0.0029,5112233.9
2006,p99.95p99.96,99.95,99.96,5442306.800000001,0.003,5332116.7
2006,p99.96p99.97,99.96,99.97,5662306.9,0.0031,5552306.800000001
2006,p99.97p99.98,99.97,99.98,5881227.4,0.0032,5771767.2
2006,p99.98p99.99,99.98,99.99,12992716.5,0.0071,8878000.0
2006,p99.99p99.991,99.99,99.991,72981428.9,0.004,40440860.0
2006,p99.991p99.992,99.991,99.992,94937532.7,0.0052,78986384.0
2006,p99.992p99.993,99.992,99.993,116839301.1,0.0064,99616424.0
2006,p99.993p99.994,99.993,99.994,138414415.6,0.0076,120067256.0
2006,p99.994p99.995,99.994,99.995,160061360.5,0.0088,140398224.0
2006,p99.995p99.996,99.995,99.996,181674008.8,0.01,170867684.7
2006,p99.996p99.997,99.996,99.997,199913810.4,0.011,190793909.6
2006,p99.997p99.998,99.997,99.998,217832378.8,0.012,208873094.6
2006,p99.998p99.999,99.998,99.999,242639958.8,0.0133,230236168.8
2006,p99.999p100,99.999,100.0,864473359.3000001,0.0475,520768352.0
2007,p0p1,0.0,1.0,-109732.3,-0.0059,-219464.7
2007,p1p2,1.0,2.0,-41973.10000000001,-0.0022,-71378.7
2007,p2p3,2.0,3.0,-28539.6,-0.0015,-33176.9
2007,p3p4,3.0,4.0,-20019.5,-0.0011,-22847.5
2007,p4p5,4.0,5.0,-14240.0,-0.0008,-16119.4
2007,p5p6,5.0,6.0,-10090.8,-0.0005,-11447.9
2007,p6p7,6.0,7.0,-6726.700000000001,-0.0004,-7912.8
2007,p7p8,7.0,8.0,-3968.6,-0.0002,-5032.200000000001
2007,p8p9,8.0,9.0,-1933.6,-0.0001,-2777.0
2007,p9p10,9.0,10.0,-638.0,0.0,-1210.0
2007,p10p11,10.0,11.0,-62.2,0.0,-329.5
2007,p11p12,11.0,12.0,-59.8,0.0,-61.0
2007,p12p13,12.0,13.0,-42.8,0.0,-48.3
2007,p13p14,13.0,14.0,-25.4,0.0,-32.1
2007,p14p15,14.0,15.0,-17.6,0.0,-20.2
2007,p15p16,15.0,16.0,-5.0,0.0,-10.6
2007,p16p17,16.0,17.0,71.60000000000001,0.0,31.3
2007,p17p18,17.0,18.0,219.9,0.0,137.1
2007,p18p19,18.0,19.0,482.7,0.0,330.6
2007,p19p20,19.0,20.0,952.9000000000001,0.0001,675.5
2007,p20p21,20.0,21.0,1580.5,0.0001,1192.0
2007,p21p22,21.0,22.0,2282.3,0.0001,1817.5
2007,p22p23,22.0,23.0,3013.0,0.0002,2491.5
2007,p23p24,23.0,24.0,3808.4,0.0002,3209.5
2007,p24p25,24.0,25.0,4812.5,0.0003,4056.2
2007,p25p26,25.0,26.0,5831.1,0.0003,5007.900000000001
2007,p26p27,26.0,27.0,6940.900000000001,0.0004,6009.400000000001
2007,p27p28,27.0,28.0,8191.8,0.0004,7120.1
2007,p28p29,28.0,29.0,9649.800000000001,0.0005,8394.6
2007,p29p30,29.0,30.0,11196.7,0.0006,9808.5
2007,p30p31,30.0,31.0,12604.5,0.0007,11198.7
2007,p31p32,31.0,32.0,14350.4,0.0008,12682.5
2007,p32p33,32.0,33.0,16160.0,0.0009,15255.2
2007,p33p34,33.0,34.0,18050.4,0.001,17105.2
2007,p34p35,34.0,35.0,19850.8,0.0011,18950.6
2007,p35p36,35.0,36.0,21941.6,0.0012,20896.2
2007,p36p37,36.0,37.0,23933.0,0.0013,22937.3
2007,p37p38,37.0,38.0,26198.0,0.0014,25065.5
2007,p38p39,38.0,39.0,28634.2,0.0015,27416.1
2007,p39p40,39.0,40.0,31065.7,0.0017,29850.0
2007,p40p41,40.0,41.0,33387.0,0.0018,32226.4
2007,p41p42,41.0,42.0,35883.4,0.0019,34635.2
2007,p42p43,42.0,43.0,38496.2,0.0021,37189.8
2007,p43p44,43.0,44.0,41258.60000000001,0.0022,39877.4
2007,p44p45,44.0,45.0,44028.10000000001,0.0024,42643.3
2007,p45p46,45.0,46.0,46996.60000000001,0.0025,45512.3
2007,p46p47,46.0,47.0,50419.3,0.0027,48708.0
2007,p47p48,47.0,48.0,53773.7,0.0029,52096.5
2007,p48p49,48.0,49.0,57050.8,0.0031,55412.3
2007,p49p50,49.0,50.0,60613.4,0.0032,58832.10000000001
2007,p50p51,50.0,51.0,64247.9,0.0034,62430.60000000001
2007,p51p52,51.0,52.0,67690.40000000001,0.0036,65969.2
2007,p52p53,52.0,53.0,71452.1,0.0038,69571.3
2007,p53p54,53.0,54.0,75448.90000000001,0.004,73450.5
2007,p54p55,54.0,55.0,79257.70000000001,0.0042,77353.3
2007,p55p56,55.0,56.0,82880.6,0.0044,81069.20000000001
2007,p56p57,56.0,57.0,87232.3,0.0047,85056.5
2007,p57p58,57.0,58.0,91774.3,0.0049,89503.3
2007,p58p59,58.0,59.0,96138.70000000001,0.0051,93956.5
2007,p59p60,59.0,60.0,100486.9,0.0054,98312.8
2007,p60p61,60.0,61.0,105023.5,0.0056,102755.2
2007,p61p62,61.0,62.0,109735.4,0.0059,107379.4
2007,p62p63,62.0,63.0,114595.7,0.0061,112165.5
2007,p63p64,63.0,64.0,119434.4,0.0064,117015.0
2007,p64p65,64.0,65.0,124784.1,0.0067,122109.2
2007,p65p66,65.0,66.0,129798.9,0.0069,127291.5
2007,p66p67,66.0,67.0,134963.4,0.0072,132381.1
2007,p67p68,67.0,68.0,140227.3,0.0075,137595.3
2007,p68p69,68.0,69.0,145549.7,0.0078,142888.5
2007,p69p70,69.0,70.0,150974.0,0.0081,148261.9
2007,p70p71,70.0,71.0,156540.7,0.0084,153757.3
2007,p71p72,71.0,72.0,162703.5,0.0087,159622.1
2007,p72p73,72.0,73.0,170187.3,0.0091,166445.4
2007,p73p74,73.0,74.0,177205.0,0.0095,173696.1
2007,p74p75,74.0,75.0,184188.2,0.0099,180696.6
2007,p75p76,75.0,76.0,191296.6,0.0102,187742.4
2007,p76p77,76.0,77.0,199504.8,0.0107,195400.7
2007,p77p78,77.0,78.0,208345.5,0.0112,203925.1
2007,p78p79,78.0,79.0,217669.0,0.0117,213007.2
2007,p79p80,79.0,80.0,227142.5,0.0122,222405.7
2007,p80p81,80.0,81.0,236969.0,0.0127,232055.7
2007,p81p82,81.0,82.0,247246.0,0.0132,242107.5
2007,p82p83,82.0,83.0,259051.0,0.0139,253148.5
2007,p83p84,83.0,84.0,272107.3,0.0146,265579.2
2007,p84p85,84.0,85.0,284142.2,0.0152,278124.8
2007,p85p86,85.0,86.0,298039.3,0.016,291090.7
2007,p86p87,86.0,87.0,313483.3,0.0168,305761.3
2007,p87p88,87.0,88.0,331435.6,0.0177,322459.5
2007,p88p89,88.0,89.0,350577.5,0.0188,341006.6
2007,p89p90,89.0,90.0,371323.2,0.0199,360950.4
2007,p90p91,90.0,91.0,395329.9,0.0212,383326.6
2007,p91p92,91.0,92.0,423523.5,0.0227,409426.7
2007,p92p93,92.0,93.0,458170.8,0.0245,440847.2
2007,p93p94,93.0,94.0,499043.2,0.0267,487723.5
2007,p94p95,94.0,95.0,553829.4,0.0297,526436.3
2007,p95p96,95.0,96.0,625247.7000000001,0.0335,554765.8
2007,p96p97,96.0,97.0,726608.1000000001,0.0389,636059.6000000001
2007,p97p98,97.0,98.0,829680.2000000001,0.0444,732246.9
2007,p98p99,98.0,99.0,1352599.7,0.0724,1026781.3
2007,p99p99.1,99.0,99.1,1953966.9,0.0105,1653283.3
2007,p99.1p99.2,99.1,99.2,2110725.5,0.0113,2032346.2
2007,p99.2p99.3,99.2,99.3,2268708.9,0.0121,2189717.2
2007,p99.3p99.4,99.3,99.4,2427514.5,0.013,2388367.2
2007,p99.4p99.5,99.4,99.5,2586672.3,0.0138,2493104.6
2007,p99.5p99.6,99.5,99.6,2745758.2,0.0147,2597842.0
2007,p99.6p99.7,99.6,99.7,2904460.7,0.0156,2825109.4
2007,p99.7p99.8,99.7,99.8,3062098.4,0.0164,2983279.6
2007,p99.8p99.9,99.8,99.9,3533859.0,0.0189,3103454.0
2007,p99.9p99.91,99.9,99.91,4536872.9,0.0024,4035365.9
2007,p99.91p99.92,99.91,99.92,4767712.9,0.0026,4652292.9
2007,p99.92p99.93,99.92,99.93,4999988.600000001,0.0027,4934528.7
2007,p99.93p99.94,99.93,99.94,5228518.5,0.0028,5087118.300000001
2007,p99.94p99.95,99.94,99.95,5467534.0,0.0029,5239707.800000001
2007,p99.95p99.96,99.95,99.96,5700574.600000001,0.0031,5584054.300000001
2007,p99.96p99.97,99.96,99.97,5935497.600000001,0.0032,5818036.100000001
2007,p99.97p99.98,99.97,99.98,6173692.7,0.0033,6054595.100000001
2007,p99.98p99.99,99.98,99.99,12748170.8,0.0068,8902897.0
2007,p99.99p99.991,99.99,99.991,75344507.60000001,0.004,41448352.0
2007,p99.991p99.992,99.991,99.992,99933983.7,0.0054,82470016.0
2007,p99.992p99.993,99.992,99.993,123904576.4,0.0066,105317944.0
2007,p99.993p99.994,99.993,99.994,148948981.0,0.008,128379912.0
2007,p99.994p99.995,99.994,99.995,173450419.4,0.0093,151691648.0
2007,p99.995p99.996,99.995,99.996,197906314.4,0.0106,185678366.9
2007,p99.996p99.997,99.996,99.997,217561103.8,0.0116,207733709.1
2007,p99.997p99.998,99.997,99.998,233736924.3,0.0125,225649014.1
2007,p99.998p99.999,99.998,99.999,259063180.0,0.0139,246400052.2
2007,p99.999p100,99.999,100.0,922622186.1,0.0494,555992960.0
2008,p0p1,0.0,1.0,-102972.1,-0.0054,-205944.3
2008,p1p2,1.0,2.0,-39137.1,-0.002,-66853.2
2008,p2p3,2.0,3.0,-27161.6,-0.0014,-31189.2
2008,p3p4,3.0,4.0,-19399.5,-0.001,-21904.0
2008,p4p5,4.0,5.0,-14148.2,-0.0007,-15782.1
2008,p5p6,5.0,6.0,-10396.5,-0.0005,-11546.7
2008,p6p7,6.0,7.0,-7284.700000000001,-0.0004,-8317.9
2008,p7p8,7.0,8.0,-4675.6,-0.0002,-5626.6
2008,p8p9,8.0,9.0,-2541.7,-0.0001,-3395.3
2008,p9p10,9.0,10.0,-873.5,0.0,-1606.6
2008,p10p11,10.0,11.0,-25.1,0.0,-422.7
2008,p11p12,11.0,12.0,1.4,0.0,-11.1
2008,p12p13,12.0,13.0,2.2,0.0,1.7
2008,p13p14,13.0,14.0,2.9,0.0,2.4
2008,p14p15,14.0,15.0,3.7,0.0,3.1
2008,p15p16,15.0,16.0,4.800000000000001,0.0,4.0
2008,p16p17,16.0,17.0,6.600000000000001,0.0,5.4
2008,p17p18,17.0,18.0,11.8,0.0,8.6
2008,p18p19,18.0,19.0,135.6,0.0,69.3
2008,p19p20,19.0,20.0,506.8,0.0,302.2
2008,p20p21,20.0,21.0,1084.4,0.0001,748.6
2008,p21p22,21.0,22.0,1715.6,0.0001,1317.2
2008,p22p23,22.0,23.0,2365.8,0.0001,1920.0
2008,p23p24,23.0,24.0,3099.0,0.0002,2570.8
2008,p24p25,24.0,25.0,4063.7,0.0002,3369.6
2008,p25p26,25.0,26.0,5025.200000000001,0.0003,4275.8
2008,p26p27,26.0,27.0,6013.200000000001,0.0003,5192.8
2008,p27p28,27.0,28.0,7263.700000000001,0.0004,6245.900000000001
2008,p28p29,28.0,29.0,8688.1,0.0005,7504.3
2008,p29p30,29.0,30.0,10174.3,0.0005,8873.6
2008,p30p31,30.0,31.0,11519.0,0.0006,10205.3
2008,p31p32,31.0,32.0,13296.4,0.0007,11674.1
2008,p32p33,32.0,33.0,15068.7,0.0008,14182.5
2008,p33p34,33.0,34.0,16956.4,0.0009,16012.5
2008,p34p35,34.0,35.0,18777.9,0.001,17867.1
2008,p35p36,35.0,36.0,20864.3,0.0011,19821.1
2008,p36p37,36.0,37.0,22785.8,0.0012,21825.1
2008,p37p38,37.0,38.0,25062.6,0.0013,23924.2
2008,p38p39,38.0,39.0,27531.0,0.0014,26296.8
2008,p39p40,39.0,40.0,30036.7,0.0016,28783.9
2008,p40p41,40.0,41.0,32337.6,0.0017,31187.2
2008,p41p42,41.0,42.0,34835.0,0.0018,33586.3
2008,p42p43,42.0,43.0,37443.3,0.002,36139.2
2008,p43p44,43.0,44.0,40188.0,0.0021,38815.6
2008,p44p45,44.0,45.0,42957.5,0.0022,41572.7
2008,p45p46,45.0,46.0,45932.60000000001,0.0024,44445.10000000001
2008,p46p47,46.0,47.0,49441.8,0.0026,47687.2
2008,p47p48,47.0,48.0,52879.10000000001,0.0028,51160.4
2008,p48p49,48.0,49.0,56271.7,0.0029,54575.4
2008,p49p50,49.0,50.0,59947.0,0.0031,58109.4
2008,p50p51,50.0,51.0,63654.9,0.0033,61801.0
2008,p51p52,51.0,52.0,67195.0,0.0035,65425.0
2008,p52p53,52.0,53.0,71117.5,0.0037,69156.2
2008,p53p54,53.0,54.0,75291.7,0.0039,73204.6
2008,p54p55,54.0,55.0,79201.0,0.0041,77246.3
2008,p55p56,55.0,56.0,82937.6,0.0043,81069.3
2008,p56p57,56.0,57.0,87452.8,0.0046,85195.20000000001
2008,p57p58,57.0,58.0,92094.70000000001,0.0048,89773.8
2008,p58p59,58.0,59.0,96528.0,0.0051,94311.40000000001
2008,p59p60,59.0,60.0,101058.7,0.0053,98793.40000000001
2008,p60p61,60.0,61.0,105775.3,0.0055,103417.0
2008,p61p62,61.0,62.0,110695.2,0.0058,108235.3
2008,p62p63,62.0,63.0,115784.5,0.0061,113239.8
2008,p63p64,63.0,64.0,120817.9,0.0063,118301.2
2008,p64p65,64.0,65.0,126378.0,0.0066,123598.0
2008,p65p66,65.0,66.0,131391.8,0.0069,128884.9
2008,p66p67,66.0,67.0,136727.4,0.0072,134059.6
2008,p67p68,67.0,68.0,142145.3,0.0074,139436.3
2008,p68p69,68.0,69.0,147604.2,0.0077,144874.7
2008,p69p70,69.0,70.0,153030.9,0.008,150317.5
2008,p70p71,70.0,71.0,158523.4,0.0083,155777.1
2008,p71p72,71.0,72.0,164731.2,0.0086,161627.3
2008,p72p73,72.0,73.0,172615.1,0.009,168673.1
2008,p73p74,73.0,74.0,179960.0,0.0094,176287.5
2008,p74p75,74.0,75.0,187069.2,0.0098,183514.6
2008,p75p76,75.0,76.0,194310.9,0.0102,190690.0
2008,p76p77,76.0,77.0,202879.1,0.0106,198595.0
2008,p77p78,77.0,78.0,212256.2,0.0111,207567.7
2008,p78p79,78.0,79.0,221933.0,0.0116,217094.6
2008,p79p80,79.0,80.0,231808.2,0.0121,226870.6
2008,p80p81,80.0,81.0,241995.4,0.0127,236901.8
2008,p81p82,81.0,82.0,252219.9,0.0132,247107.6
2008,p82p83,82.0,83.0,264290.1,0.0138,258255.0
2008,p83p84,83.0,84.0,277799.3,0.0146,271044.7
2008,p84p85,84.0,85.0,290026.8,0.0152,283913.0
2008,p85p86,85.0,86.0,304228.7,0.0159,297127.8
2008,p86p87,86.0,87.0,320069.1,0.0168,312148.9
2008,p87p88,87.0,88.0,338511.2,0.0177,329290.2
2008,p88p89,88.0,89.0,358046.1,0.0188,348278.7
2008,p89p90,89.0,90.0,379049.7,0.0199,368547.9
2008,p90p91,90.0,91.0,403661.4,0.0211,391355.6
2008,p91p92,91.0,92.0,432763.1,0.0227,418212.3
2008,p92p93,92.0,93.0,468840.8,0.0246,450802.0
2008,p93p94,93.0,94.0,511308.3,0.0268,500130.9
2008,p94p95,94.0,95.0,568561.7000000001,0.0298,539935.0
2008,p95p96,95.0,96.0,643025.3,0.0337,569973.6
2008,p96p97,96.0,97.0,749774.0,0.0393,655222.3
2008,p97p98,97.0,98.0,854500.3,0.0448,754707.6000000001
2008,p98p99,98.0,99.0,1397286.7,0.0732,1059320.6
2008,p99p99.1,99.0,99.1,2016429.0,0.0106,1706857.8
2008,p99.1p99.2,99.1,99.2,2174965.5,0.0114,2095697.3
2008,p99.2p99.3,99.2,99.3,2334293.5,0.0122,2254629.5
2008,p99.3p99.4,99.3,99.4,2493826.2,0.0131,2442241.4
2008,p99.4p99.5,99.4,99.5,2653225.7,0.0139,2548619.9
2008,p99.5p99.6,99.5,99.6,2812140.4,0.0147,2654998.5
2008,p99.6p99.7,99.6,99.7,2970024.1,0.0156,2891082.2
2008,p99.7p99.8,99.7,99.8,3125934.4,0.0164,3047979.2
2008,p99.8p99.9,99.8,99.9,3605332.6,0.0189,3166627.3
2008,p99.9p99.91,99.9,99.91,4614444.2,0.0024,4109888.4
2008,p99.91p99.92,99.91,99.92,4847488.100000001,0.0025,4730966.100000001
2008,p99.92p99.93,99.92,99.93,5080534.7,0.0027,5002054.3
2008,p99.93p99.94,99.93,99.94,5313578.7,0.0028,5155006.5
2008,p99.94p99.95,99.94,99.95,5546621.5,0.0029,5430100.100000001
2008,p99.95p99.96,99.95,99.96,5779664.9,0.003,5663143.2
2008,p99.96p99.97,99.96,99.97,6012736.300000001,0.0031,5896200.600000001
2008,p99.97p99.98,99.97,99.98,6245724.7,0.0033,6129230.5
2008,p99.98p99.99,99.98,99.99,12019803.0,0.0063,8592753.0
2008,p99.99p99.991,99.99,99.991,74558136.7,0.0039,40729340.0
2008,p99.991p99.992,99.991,99.992,100817398.3,0.0053,82502880.0
2008,p99.992p99.993,99.992,99.993,127096971.2,0.0067,107219016.0
2008,p99.993p99.994,99.993,99.994,153377337.6,0.008,131945080.0
2008,p99.994p99.995,99.994,99.995,179657143.4,0.0094,156671248.0
2008,p99.995p99.996,99.995,99.996,205926496.0,0.0108,192791819.7
2008,p99.996p99.997,99.996,99.997,225815654.1,0.0118,215871075.0
2008,p99.997p99.998,99.997,99.998,241943499.2,0.0127,233879576.6
2008,p99.998p99.999,99.998,99.999,262655956.6,0.0138,252299727.9
2008,p99.999p100,99.999,100.0,982832975.3000001,0.0515,585922240.0
2009,p0p1,0.0,1.0,-96350.90000000001,-0.0051,-192701.7
2009,p1p2,1.0,2.0,-36442.6,-0.0019,-62487.10000000001
2009,p2p3,2.0,3.0,-24893.8,-0.0013,-28862.3
2009,p3p4,3.0,4.0,-17485.6,-0.0009,-19942.0
2009,p4p5,4.0,5.0,-12424.6,-0.0007,-14074.5
2009,p5p6,5.0,6.0,-8866.4,-0.0005,-10018.7
2009,p6p7,6.0,7.0,-5996.900000000001,-0.0003,-6994.1
2009,p7p8,7.0,8.0,-3753.2,-0.0002,-4588.0
2009,p8p9,8.0,9.0,-2034.8,-0.0001,-2723.6
2009,p9p10,9.0,10.0,-694.5,0.0,-1284.3
2009,p10p11,10.0,11.0,-17.1,0.0,-334.8
2009,p11p12,11.0,12.0,-11.3,0.0,-13.3
2009,p12p13,12.0,13.0,-10.5,0.0,-10.9
2009,p13p14,13.0,14.0,-9.4,0.0,-9.4
2009,p14p15,14.0,15.0,-6.300000000000001,0.0,-7.4
2009,p15p16,15.0,16.0,-2.1,0.0,-4.0
2009,p16p17,16.0,17.0,12.5,0.0,4.9
2009,p17p18,17.0,18.0,84.60000000000001,0.0,45.7
2009,p18p19,18.0,19.0,323.8,0.0,192.2
2009,p19p20,19.0,20.0,782.7,0.0,520.7
2009,p20p21,20.0,21.0,1361.0,0.0001,1008.7
2009,p21p22,21.0,22.0,2016.3,0.0001,1589.2
2009,p22p23,22.0,23.0,2688.2,0.0001,2213.7
2009,p23p24,23.0,24.0,3418.3,0.0002,2873.5
2009,p24p25,24.0,25.0,4358.7,0.0002,3659.5
2009,p25p26,25.0,26.0,5322.8,0.0003,4555.7
2009,p26p27,26.0,27.0,6346.900000000001,0.0003,5491.3
2009,p27p28,27.0,28.0,7618.3,0.0004,6571.400000000001
2009,p28p29,28.0,29.0,9123.5,0.0005,7878.0
2009,p29p30,29.0,30.0,10581.6,0.0006,9272.4
2009,p30p31,30.0,31.0,11959.5,0.0006,10606.9
2009,p31p32,31.0,32.0,13744.6,0.0007,12095.3
2009,p32p33,32.0,33.0,15495.4,0.0008,14620.0
2009,p33p34,33.0,34.0,17420.5,0.0009,16458.0
2009,p34p35,34.0,35.0,19317.6,0.001,18369.1
2009,p35p36,35.0,36.0,21393.1,0.0011,20355.4
2009,p36p37,36.0,37.0,23301.8,0.0012,22347.5
2009,p37p38,37.0,38.0,25633.4,0.0013,24467.6
2009,p38p39,38.0,39.0,28118.8,0.0015,26876.1
2009,p39p40,39.0,40.0,30649.7,0.0016,29384.2
2009,p40p41,40.0,41.0,33005.4,0.0017,31827.5
2009,p41p42,41.0,42.0,35565.1,0.0019,34285.2
2009,p42p43,42.0,43.0,38281.4,0.002,36923.3
2009,p43p44,43.0,44.0,41166.10000000001,0.0022,39723.8
2009,p44p45,44.0,45.0,44037.5,0.0023,42601.8
2009,p45p46,45.0,46.0,47077.60000000001,0.0025,45557.60000000001
2009,p46p47,46.0,47.0,50659.2,0.0027,48868.4
2009,p47p48,47.0,48.0,54187.8,0.0029,52423.5
2009,p48p49,48.0,49.0,57647.5,0.003,55917.60000000001
2009,p49p50,49.0,50.0,61374.5,0.0032,59511.0
2009,p50p51,50.0,51.0,65117.7,0.0034,63246.10000000001
2009,p51p52,51.0,52.0,68773.90000000001,0.0036,66945.8
2009,p52p53,52.0,53.0,72732.40000000001,0.0038,70753.2
2009,p53p54,53.0,54.0,76871.7,0.004,74802.0
2009,p54p55,54.0,55.0,80852.90000000001,0.0043,78862.3
2009,p55p56,55.0,56.0,84737.3,0.0045,82795.1
2009,p56p57,56.0,57.0,89239.5,0.0047,86988.40000000001
2009,p57p58,57.0,58.0,93901.1,0.0049,91570.3
2009,p58p59,58.0,59.0,98360.0,0.0052,96130.5
2009,p59p60,59.0,60.0,102987.7,0.0054,100673.8
2009,p60p61,60.0,61.0,107843.1,0.0057,105415.4
2009,p61p62,61.0,62.0,112730.9,0.0059,110287.0
2009,p62p63,62.0,63.0,117760.3,0.0062,115245.6
2009,p63p64,63.0,64.0,122748.5,0.0065,120254.4
2009,p64p65,64.0,65.0,128316.7,0.0068,125532.6
2009,p65p66,65.0,66.0,133576.1,0.007,130946.4
2009,p66p67,66.0,67.0,138909.3,0.0073,136242.7
2009,p67p68,67.0,68.0,144367.9,0.0076,141638.6
2009,p68p69,68.0,69.0,150006.6,0.0079,147187.2
2009,p69p70,69.0,70.0,155459.9,0.0082,152733.2
2009,p70p71,70.0,71.0,161056.1,0.0085,158258.0
2009,p71p72,71.0,72.0,167293.3,0.0088,164174.7
2009,p72p73,72.0,73.0,174971.3,0.0092,171132.3
2009,p73p74,73.0,74.0,182296.2,0.0096,178633.7
2009,p74p75,74.0,75.0,189509.8,0.01,185903.0
2009,p75p76,75.0,76.0,196761.3,0.0104,193135.5
2009,p76p77,76.0,77.0,205241.1,0.0108,201001.2
2009,p77p78,77.0,78.0,214524.4,0.0113,209882.7
2009,p78p79,78.0,79.0,224053.2,0.0118,219288.8
2009,p79p80,79.0,80.0,233858.1,0.0123,228955.7
2009,p80p81,80.0,81.0,244047.1,0.0129,238952.6
2009,p81p82,81.0,82.0,254315.5,0.0134,249181.3
2009,p82p83,82.0,83.0,266375.2,0.014,260345.3
2009,p83p84,83.0,84.0,279867.5,0.0147,273121.4
2009,p84p85,84.0,85.0,292524.5,0.0154,286196.0
2009,p85p86,85.0,86.0,307002.6,0.0162,299763.5
2009,p86p87,86.0,87.0,322877.1,0.017,314939.9
2009,p87p88,87.0,88.0,341212.0,0.018,332044.6
2009,p88p89,88.0,89.0,360843.3,0.019,351027.7
2009,p89p90,89.0,90.0,382301.7,0.0201,371572.5
2009,p90p91,90.0,91.0,407014.7,0.0214,394658.2
2009,p91p92,91.0,92.0,436070.3,0.023,421542.5
2009,p92p93,92.0,93.0,472331.8,0.0249,454201.1
2009,p93p94,93.0,94.0,514846.3,0.0271,503314.2
2009,p94p95,94.0,95.0,571601.7000000001,0.0301,543224.0
2009,p95p96,95.0,96.0,644319.1000000001,0.0339,572161.6
2009,p96p97,96.0,97.0,751507.4,0.0396,656817.7000000001
2009,p97p98,97.0,98.0,863152.7000000001,0.0455,759791.6000000001
2009,p98p99,98.0,99.0,1403175.4,0.0739,1066439.4
2009,p99p99.1,99.0,99.1,2046194.5,0.0108,1724685.0
2009,p99.1p99.2,99.1,99.2,2200372.7,0.0116,2123283.6
2009,p99.2p99.3,99.2,99.3,2355156.7,0.0124,2339544.7
2009,p99.3p99.4,99.3,99.4,2510148.5,0.0132,2445636.8
2009,p99.4p99.5,99.4,99.5,2665055.7,0.014,2551728.9
2009,p99.5p99.6,99.5,99.6,2819603.0,0.0148,2742329.4
2009,p99.6p99.7,99.6,99.7,2973397.1,0.0157,2896500.0
2009,p99.7p99.8,99.7,99.8,3125752.7,0.0165,3049574.9
2009,p99.8p99.9,99.8,99.9,3671792.7,0.0193,3198641.0
2009,p99.9p99.91,99.9,99.91,4701169.2,0.0025,4186481.0
2009,p99.91p99.92,99.91,99.92,4927030.9,0.0026,4907616.2
2009,p99.92p99.93,99.92,99.93,5153139.0,0.0027,5062977.600000001
2009,p99.93p99.94,99.93,99.94,5378451.7,0.0028,5218339.0
2009,p99.94p99.95,99.94,99.95,5605777.9,0.003,5492114.800000001
2009,p99.95p99.96,99.95,99.96,5831820.600000001,0.0031,5718799.300000001
2009,p99.96p99.97,99.96,99.97,6058208.9,0.0032,5945014.800000001
2009,p99.97p99.98,99.97,99.98,6352124.5,0.0033,6205166.7
2009,p99.98p99.99,99.98,99.99,15686893.2,0.0083,10370641.0
2009,p99.99p99.991,99.99,99.991,76796095.9,0.004,43518632.0
2009,p99.991p99.992,99.991,99.992,99379235.5,0.0052,82900752.0
2009,p99.992p99.993,99.992,99.993,121334690.0,0.0064,103858760.0
2009,p99.993p99.994,99.993,99.994,143082361.6,0.0075,124423624.0
2009,p99.994p99.995,99.994,99.995,164498269.8,0.0087,144734608.0
2009,p99.995p99.996,99.995,99.996,186265225.1,0.0098,175381747.5
2009,p99.996p99.997,99.996,99.997,204285130.5,0.0108,195275177.8
2009,p99.997p99.998,99.997,99.998,220980227.6,0.0116,212632679.0
2009,p99.998p99.999,99.998,99.999,245202403.6,0.0129,233091315.6
2009,p99.999p100,99.999,100.0,767508067.2,0.0404,476539264.0
2010,p0p1,0.0,1.0,-90748.70000000001,-0.0047,-181497.4
2010,p1p2,1.0,2.0,-34256.3,-0.0018,-58814.0
2010,p2p3,2.0,3.0,-23015.7,-0.0012,-26946.1
2010,p3p4,3.0,4.0,-15867.7,-0.0008,-18294.4
2010,p4p5,4.0,5.0,-10918.4,-0.0006,-12602.7
2010,p5p6,5.0,6.0,-7497.3,-0.0004,-8664.5
2010,p6p7,6.0,7.0,-4826.7,-0.0002,-5798.400000000001
2010,p7p8,7.0,8.0,-2916.3,-0.0002,-3643.0
2010,p8p9,8.0,9.0,-1589.0,-0.0001,-2119.7
2010,p9p10,9.0,10.0,-553.1,0.0,-1007.9
2010,p10p11,10.0,11.0,-19.2,0.0,-269.3
2010,p11p12,11.0,12.0,7.7,0.0,-5.4
2010,p12p13,12.0,13.0,16.3,0.0,11.3
2010,p13p14,13.0,14.0,23.2,0.0,18.6
2010,p14p15,14.0,15.0,28.9,0.0,24.5
2010,p15p16,15.0,16.0,36.2,0.0,30.6
2010,p16p17,16.0,17.0,87.9,0.0,58.40000000000001
2010,p17p18,17.0,18.0,235.5,0.0,152.2
2010,p18p19,18.0,19.0,601.5,0.0,393.8
2010,p19p20,19.0,20.0,1162.5,0.0001,830.0
2010,p20p21,20.0,21.0,1756.2,0.0001,1373.2
2010,p21p22,21.0,22.0,2451.2,0.0001,1979.6
2010,p22p23,22.0,23.0,3161.9,0.0002,2640.9
2010,p23p24,23.0,24.0,3905.3,0.0002,3325.0
2010,p24p25,24.0,25.0,4841.1,0.0002,4115.1
2010,p25p26,25.0,26.0,5828.400000000001,0.0003,5019.900000000001
2010,p26p27,26.0,27.0,6907.6,0.0004,5992.200000000001
2010,p27p28,27.0,28.0,8224.800000000001,0.0004,7119.700000000001
2010,p28p29,28.0,29.0,9837.800000000001,0.0005,8498.300000000001
2010,p29p30,29.0,30.0,11281.0,0.0006,9936.2
2010,p30p31,30.0,31.0,12733.0,0.0007,11298.4
2010,p31p32,31.0,32.0,14560.7,0.0008,13646.9
2010,p32p33,32.0,33.0,16323.3,0.0008,15442.0
2010,p33p34,33.0,34.0,18323.7,0.0009,17323.5
2010,p34p35,34.0,35.0,20333.6,0.001,19328.6
2010,p35p36,35.0,36.0,22434.9,0.0012,21384.2
2010,p36p37,36.0,37.0,24365.6,0.0013,23400.3
2010,p37p38,37.0,38.0,26794.5,0.0014,25580.1
2010,p38p39,38.0,39.0,29340.0,0.0015,28067.3
2010,p39p40,39.0,40.0,31939.6,0.0016,30639.8
2010,p40p41,40.0,41.0,34391.7,0.0018,33165.6
2010,p41p42,41.0,42.0,37061.1,0.0019,35726.4
2010,p42p43,42.0,43.0,39936.0,0.0021,38498.5
2010,p43p44,43.0,44.0,43013.2,0.0022,41474.60000000001
2010,p44p45,44.0,45.0,46039.5,0.0024,44526.4
2010,p45p46,45.0,46.0,49204.0,0.0025,47621.7
2010,p46p47,46.0,47.0,52931.7,0.0027,51067.8
2010,p47p48,47.0,48.0,56627.5,0.0029,54779.60000000001
2010,p48p49,48.0,49.0,60227.8,0.0031,58427.7
2010,p49p50,49.0,50.0,64081.5,0.0033,62154.60000000001
2010,p50p51,50.0,51.0,67931.7,0.0035,66006.6
2010,p51p52,51.0,52.0,71776.1,0.0037,69853.90000000001
2010,p52p53,52.0,53.0,75844.7,0.0039,73810.40000000001
2010,p53p54,53.0,54.0,80022.40000000001,0.0041,77933.6
2010,p54p55,54.0,55.0,84154.1,0.0043,82088.3
2010,p55p56,55.0,56.0,88267.6,0.0045,86210.8
2010,p56p57,56.0,57.0,92842.8,0.0048,90555.20000000001
2010,p57p58,57.0,58.0,97568.6,0.005,95205.70000000001
2010,p58p59,58.0,59.0,102100.7,0.0053,99834.70000000001
2010,p59p60,59.0,60.0,107001.9,0.0055,104551.3
2010,p60p61,60.0,61.0,112099.6,0.0058,109550.8
2010,p61p62,61.0,62.0,117053.4,0.006,114576.5
2010,p62p63,62.0,63.0,122124.8,0.0063,119589.1
2010,p63p64,63.0,64.0,127166.8,0.0066,124645.8
2010,p64p65,64.0,65.0,132851.7,0.0068,130009.2
2010,p65p66,65.0,66.0,138461.7,0.0071,135656.7
2010,p66p67,66.0,67.0,143889.0,0.0074,141175.4
2010,p67p68,67.0,68.0,149486.8,0.0077,146687.9
2010,p68p69,68.0,69.0,155402.3,0.008,152444.6
2010,p69p70,69.0,70.0,160965.3,0.0083,158183.8
2010,p70p71,70.0,71.0,166769.3,0.0086,163867.3
2010,p71p72,71.0,72.0,173156.8,0.0089,169963.1
2010,p72p73,72.0,73.0,180756.3,0.0093,176956.6
2010,p73p74,73.0,74.0,188192.6,0.0097,184474.4
2010,p74p75,74.0,75.0,195640.4,0.0101,191916.5
2010,p75p76,75.0,76.0,203031.5,0.0105,199335.9
2010,p76p77,76.0,77.0,211557.6,0.0109,207294.5
2010,p77p78,77.0,78.0,220870.0,0.0114,216213.8
2010,p78p79,78.0,79.0,230379.8,0.0119,225624.9
2010,p79p80,79.0,80.0,240260.9,0.0124,235320.4
2010,p80p81,80.0,81.0,250604.9,0.0129,245432.9
2010,p81p82,81.0,82.0,261060.5,0.0134,255832.7
2010,p82p83,82.0,83.0,273271.1,0.0141,267165.8
2010,p83p84,83.0,84.0,286922.9,0.0148,280097.0
2010,p84p85,84.0,85.0,300194.5,0.0155,293558.7
2010,p85p86,85.0,86.0,315150.0,0.0162,307672.3
2010,p86p87,86.0,87.0,331275.4,0.0171,323212.7
2010,p87p88,87.0,88.0,349755.5,0.018,340515.5
2010,p88p89,88.0,89.0,369793.4,0.019,359774.5
2010,p89p90,89.0,90.0,392044.2,0.0202,380918.8
2010,p90p91,90.0,91.0,417105.1,0.0215,404574.7
2010,p91p92,91.0,92.0,446379.5,0.023,431742.3
2010,p92p93,92.0,93.0,483174.4,0.0249,464776.9
2010,p93p94,93.0,94.0,526069.2000000001,0.0271,504621.8
2010,p94p95,94.0,95.0,582836.3,0.03,573323.2000000001
2010,p95p96,95.0,96.0,654386.1000000001,0.0337,618611.2000000001
2010,p96p97,96.0,97.0,762908.8,0.0393,666827.8
2010,p97p98,97.0,98.0,882298.9,0.0454,774059.2000000001
2010,p98p99,98.0,99.0,1424431.8,0.0734,1085301.3
2010,p99p99.1,99.0,99.1,2098062.9,0.0108,1761247.3
2010,p99.1p99.2,99.1,99.2,2248914.7,0.0116,2173488.8
2010,p99.2p99.3,99.2,99.3,2400042.8,0.0124,2361762.8
2010,p99.3p99.4,99.3,99.4,2551011.2,0.0131,2468134.6
2010,p99.4p99.5,99.4,99.5,2701689.9,0.0139,2574506.4
2010,p99.5p99.6,99.5,99.6,2851876.0,0.0147,2776783.0
2010,p99.6p99.7,99.6,99.7,3001201.0,0.0155,2926538.5
2010,p99.7p99.8,99.7,99.8,3148985.8,0.0162,3075093.4
2010,p99.8p99.9,99.8,99.9,3763568.2,0.0194,3252310.3
2010,p99.9p99.91,99.9,99.91,4818055.100000001,0.0025,4290811.600000001
2010,p99.91p99.92,99.91,99.92,5037065.100000001,0.0026,4984462.0
2010,p99.92p99.93,99.92,99.93,5255377.4,0.0027,5141930.300000001
2010,p99.93p99.94,99.93,99.94,5474681.4,0.0028,5299398.600000001
2010,p99.94p99.95,99.94,99.95,5690576.9,0.0029,5582629.100000001
2010,p99.95p99.96,99.95,99.96,5908347.7,0.003,5799462.300000001
2010,p99.96p99.97,99.96,99.97,6125413.300000001,0.0032,6016880.5
2010,p99.97p99.98,99.97,99.98,6476832.4,0.0033,6301122.800000001
2010,p99.98p99.99,99.98,99.99,20504592.8,0.0106,12694580.0
2010,p99.99p99.991,99.99,99.991,79156265.2,0.0041,46889764.0
2010,p99.991p99.992,99.991,99.992,98025608.80000001,0.005,83362880.0
2010,p99.992p99.993,99.992,99.993,116267840.7,0.006,100823632.0
2010,p99.993p99.994,99.993,99.994,133496348.7,0.0069,117512376.0
2010,p99.994p99.995,99.994,99.995,150583439.3,0.0078,133660026.0
2010,p99.995p99.996,99.995,99.996,168404546.5,0.0087,159493992.9
2010,p99.996p99.997,99.996,99.997,184632097.2,0.0095,176518321.9
2010,p99.997p99.998,99.997,99.998,202414801.9,0.0104,193523449.6
2010,p99.998p99.999,99.998,99.999,228362253.9,0.0118,202677712.0
2010,p99.999p100,99.999,100.0,805983757.9000001,0.0415,486652896.0
2011,p0p1,0.0,1.0,-84409.5,-0.0043,-168819.1
2011,p1p2,1.0,2.0,-31648.2,-0.0016,-54676.9
2011,p2p3,2.0,3.0,-20801.7,-0.0011,-24710.1
2011,p3p4,3.0,4.0,-13984.8,-0.0007,-16388.6
2011,p4p5,4.0,5.0,-9203.4,-0.0005,-10924.4
2011,p5p6,5.0,6.0,-5962.400000000001,-0.0003,-7144.900000000001
2011,p6p7,6.0,7.0,-3527.8,-0.0002,-4471.0
2011,p7p8,7.0,8.0,-1986.3,-0.0001,-2597.8
2011,p8p9,8.0,9.0,-1083.3,-0.0001,-1446.1
2011,p9p10,9.0,10.0,-380.6,0.0,-689.7
2011,p10p11,10.0,11.0,-14.7,0.0,-186.2
2011,p11p12,11.0,12.0,9.1,0.0,-2.6
2011,p12p13,12.0,13.0,19.3,0.0,13.4
2011,p13p14,13.0,14.0,27.4,0.0,22.0
2011,p14p15,14.0,15.0,34.2,0.0,29.0
2011,p15p16,15.0,16.0,43.7,0.0,36.7
2011,p16p17,16.0,17.0,120.4,0.0,77.30000000000001
2011,p17p18,17.0,18.0,341.1,0.0,217.4
2011,p18p19,18.0,19.0,831.7,0.0,552.5
2011,p19p20,19.0,20.0,1489.6,0.0001,1093.6
2011,p20p21,20.0,21.0,2089.5,0.0001,1686.2
2011,p21p22,21.0,22.0,2815.6,0.0001,2310.9
2011,p22p23,22.0,23.0,3555.2,0.0002,3001.4
2011,p23p24,23.0,24.0,4301.5,0.0002,3701.4
2011,p24p25,24.0,25.0,5219.400000000001,0.0003,4485.5
2011,p25p26,25.0,26.0,6217.1,0.0003,5387.900000000001
2011,p26p27,26.0,27.0,7341.1,0.0004,6387.5
2011,p27p28,27.0,28.0,8689.300000000001,0.0004,7552.200000000001
2011,p28p29,28.0,29.0,10396.7,0.0005,8991.800000000001
2011,p29p30,29.0,30.0,11815.5,0.0006,10464.6
2011,p30p31,30.0,31.0,13317.5,0.0007,11840.6
2011,p31p32,31.0,32.0,15166.2,0.0008,14241.9
2011,p32p33,32.0,33.0,16918.9,0.0009,16042.6
2011,p33p34,33.0,34.0,18972.4,0.001,17945.7
2011,p34p35,34.0,35.0,21075.1,0.0011,20023.8
2011,p35p36,35.0,36.0,23178.7,0.0012,22126.9
2011,p36p37,36.0,37.0,25109.1,0.0013,24143.9
2011,p37p38,37.0,38.0,27611.0,0.0014,26360.0
2011,p38p39,38.0,39.0,30190.4,0.0015,28900.7
2011,p39p40,39.0,40.0,32832.4,0.0017,31511.4
2011,p40p41,40.0,41.0,35357.2,0.0018,34094.8
2011,p41p42,41.0,42.0,38109.3,0.0019,36733.3
2011,p42p43,42.0,43.0,41116.0,0.0021,39612.7
2011,p43p44,43.0,44.0,44359.2,0.0023,42737.60000000001
2011,p44p45,44.0,45.0,47512.0,0.0024,45935.60000000001
2011,p45p46,45.0,46.0,50766.60000000001,0.0026,49139.3
2011,p46p47,46.0,47.0,54597.8,0.0028,52682.2
2011,p47p48,47.0,48.0,58417.7,0.003,56507.8
2011,p48p49,48.0,49.0,62115.8,0.0032,60266.8
2011,p49p50,49.0,50.0,66051.8,0.0034,64083.8
2011,p50p51,50.0,51.0,69965.8,0.0036,68008.8
2011,p51p52,51.0,52.0,73959.1,0.0038,71962.5
2011,p52p53,52.0,53.0,78093.2,0.004,76026.2
2011,p53p54,53.0,54.0,82261.6,0.0042,80177.40000000001
2011,p54p55,54.0,55.0,86498.20000000001,0.0044,84379.90000000001
2011,p55p56,55.0,56.0,90797.5,0.0046,88647.8
2011,p56p57,56.0,57.0,95391.0,0.0048,93094.20000000001
2011,p57p58,57.0,58.0,100153.7,0.0051,97772.40000000001
2011,p58p59,58.0,59.0,104729.9,0.0053,102441.8
2011,p59p60,59.0,60.0,109800.1,0.0056,107265.0
2011,p60p61,60.0,61.0,115082.8,0.0058,112441.5
2011,p61p62,61.0,62.0,120039.3,0.0061,117561.0
2011,p62p63,62.0,63.0,125085.4,0.0063,122562.3
2011,p63p64,63.0,64.0,130116.4,0.0066,127600.9
2011,p64p65,64.0,65.0,135850.2,0.0069,132983.3
2011,p65p66,65.0,66.0,141758.4,0.0072,138804.3
2011,p66p67,66.0,67.0,147218.8,0.0075,144488.6
2011,p67p68,67.0,68.0,152896.0,0.0078,150057.4
2011,p68p69,68.0,69.0,159037.2,0.0081,155966.6
2011,p69p70,69.0,70.0,164658.7,0.0084,161848.0
2011,p70p71,70.0,71.0,170610.9,0.0087,167634.8
2011,p71p72,71.0,72.0,177074.2,0.009,173842.5
2011,p72p73,72.0,73.0,184502.5,0.0094,180788.4
2011,p73p74,73.0,74.0,191965.9,0.0097,188234.2
2011,p74p75,74.0,75.0,199571.9,0.0101,195768.9
2011,p75p76,75.0,76.0,207021.0,0.0105,203296.5
2011,p76p77,76.0,77.0,215503.1,0.0109,211262.1
2011,p77p78,77.0,78.0,224761.2,0.0114,220132.2
2011,p78p79,78.0,79.0,234162.3,0.0119,229461.8
2011,p79p80,79.0,80.0,244023.2,0.0124,239092.7
2011,p80p81,80.0,81.0,254425.4,0.0129,249224.3
2011,p81p82,81.0,82.0,264979.5,0.0134,259702.4
2011,p82p83,82.0,83.0,277238.2,0.0141,271108.9
2011,p83p84,83.0,84.0,290937.1,0.0148,284087.7
2011,p84p85,84.0,85.0,304727.1,0.0155,297832.1
2011,p85p86,85.0,86.0,320046.3,0.0162,312386.7
2011,p86p87,86.0,87.0,336286.8,0.0171,328166.5
2011,p87p88,87.0,88.0,354746.7,0.018,345516.7
2011,p88p89,88.0,89.0,375000.1,0.019,364873.4
2011,p89p90,89.0,90.0,397852.4,0.0202,386426.2
2011,p90p91,90.0,91.0,423108.3,0.0215,410480.3
2011,p91p92,91.0,92.0,452429.6,0.023,437768.9
2011,p92p93,92.0,93.0,489543.6,0.0248,470986.6
2011,p93p94,93.0,94.0,532607.6,0.027,511075.6
2011,p94p95,94.0,95.0,589043.5,0.0299,579115.8
2011,p95p96,95.0,96.0,659006.9,0.0334,624025.2000000001
2011,p96p97,96.0,97.0,768318.9,0.039,672439.4
2011,p97p98,97.0,98.0,895197.7000000001,0.0454,783713.2000000001
2011,p98p99,98.0,99.0,1436259.1,0.0729,1098392.1
2011,p99p99.1,99.0,99.1,2137354.5,0.0108,1786806.8
2011,p99.1p99.2,99.1,99.2,2283935.8,0.0116,2269051.2
2011,p99.2p99.3,99.2,99.3,2430606.9,0.0123,2375474.7
2011,p99.3p99.4,99.3,99.4,2577036.5,0.0131,2481898.3
2011,p99.4p99.5,99.4,99.5,2723177.8,0.0138,2588321.8
2011,p99.5p99.6,99.5,99.6,2868897.9,0.0146,2796037.8
2011,p99.6p99.7,99.6,99.7,3013929.2,0.0153,2941413.6
2011,p99.7p99.8,99.7,99.8,3157752.7,0.016,3085840.9
2011,p99.8p99.9,99.8,99.9,3842379.3,0.0195,3297890.5
2011,p99.9p99.91,99.9,99.91,4919821.100000001,0.0025,4898107.600000001
2011,p99.91p99.92,99.91,99.92,5131175.100000001,0.0026,5058129.300000001
2011,p99.92p99.93,99.92,99.93,5341716.7,0.0027,5218151.0
2011,p99.93p99.94,99.93,99.94,5553483.100000001,0.0028,5378172.7
2011,p99.94p99.95,99.94,99.95,5761184.2,0.0029,5657333.7
2011,p99.95p99.96,99.95,99.96,5971178.300000001,0.003,5866181.300000001
2011,p99.96p99.97,99.96,99.97,6180337.5,0.0031,6075757.9
2011,p99.97p99.98,99.97,99.98,6594073.800000001,0.0033,6387205.600000001
2011,p99.98p99.99,99.98,99.99,26778317.2,0.0136,15722345.0
2011,p99.99p99.991,99.99,99.991,81562686.5,0.0041,51041432.0
2011,p99.991p99.992,99.991,99.992,96661876.4,0.0049,83964856.0
2011,p99.992p99.993,99.992,99.993,111160877.3,0.0056,97616182.7
2011,p99.993p99.994,99.993,99.994,124556949.1,0.0063,111267509.3
2011,p99.994p99.995,99.994,99.995,137882726.8,0.007,124918836.0
2011,p99.995p99.996,99.995,99.996,152319035.4,0.0077,138570162.7
2011,p99.996p99.997,99.996,99.997,166990884.3,0.0085,159654959.8
2011,p99.997p99.998,99.997,99.998,185092255.1,0.0094,176041569.7
2011,p99.998p99.999,99.998,99.999,213028459.2,0.0108,187561968.0
2011,p99.999p100,99.999,100.0,842972033.8000001,0.0428,497501216.0
2012,p0p1,0.0,1.0,-79164.90000000001,-0.0039,-158329.8
2012,p1p2,1.0,2.0,-29497.1,-0.0015,-51313.4
2012,p2p3,2.0,3.0,-18898.4,-0.0009,-22853.8
2012,p3p4,3.0,4.0,-12313.4,-0.0006,-14739.1
2012,p4p5,4.0,5.0,-7620.700000000001,-0.0004,-9413.5
2012,p5p6,5.0,6.0,-4507.1,-0.0002,-5727.1
2012,p6p7,6.0,7.0,-2272.7,-0.0001,-3201.6
2012,p7p8,7.0,8.0,-1083.7,-0.0001,-1585.0
2012,p8p9,8.0,9.0,-600.9,0.0,-795.6
2012,p9p10,9.0,10.0,-225.8,0.0,-390.4
2012,p10p11,10.0,11.0,-15.9,0.0,-114.1
2012,p11p12,11.0,12.0,18.3,0.0,1.1
2012,p12p13,12.0,13.0,40.5,0.0,27.7
2012,p13p14,13.0,14.0,57.8,0.0,46.40000000000001
2012,p14p15,14.0,15.0,71.7,0.0,61.1
2012,p15p16,15.0,16.0,87.5,0.0,75.2
2012,p16p17,16.0,17.0,195.1,0.0,133.5
2012,p17p18,17.0,18.0,498.8,0.0,327.7
2012,p18p19,18.0,19.0,1130.0,0.0001,769.1
2012,p19p20,19.0,20.0,1902.6,0.0001,1432.1
2012,p20p21,20.0,21.0,2522.5,0.0001,2089.7
2012,p21p22,21.0,22.0,3296.1,0.0002,2747.7
2012,p22p23,22.0,23.0,4082.0,0.0002,3484.1
2012,p23p24,23.0,24.0,4847.0,0.0002,4216.5
2012,p24p25,24.0,25.0,5765.3,0.0003,5011.400000000001
2012,p25p26,25.0,26.0,6794.1,0.0003,5930.900000000001
2012,p26p27,26.0,27.0,7985.3,0.0004,6979.200000000001
2012,p27p28,27.0,28.0,9391.5,0.0005,8205.800000000001
2012,p28p29,28.0,29.0,11227.1,0.0006,9736.7
2012,p29p30,29.0,30.0,12640.0,0.0006,11270.8
2012,p30p31,30.0,31.0,14230.4,0.0007,12689.0
2012,p31p32,31.0,32.0,16136.9,0.0008,14384.2
2012,p32p33,32.0,33.0,17913.2,0.0009,17025.0
2012,p33p34,33.0,34.0,20061.3,0.001,18987.2
2012,p34p35,34.0,35.0,22299.9,0.0011,21180.6
2012,p35p36,35.0,36.0,24444.9,0.0012,23372.4
2012,p36p37,36.0,37.0,26411.3,0.0013,25428.1
2012,p37p38,37.0,38.0,29035.0,0.0014,27723.2
2012,p38p39,38.0,39.0,31696.5,0.0016,30365.7
2012,p39p40,39.0,40.0,34430.4,0.0017,33063.4
2012,p40p41,40.0,41.0,37076.5,0.0018,35753.4
2012,p41p42,41.0,42.0,39965.5,0.002,38521.0
2012,p42p43,42.0,43.0,43164.3,0.0021,41564.9
2012,p43p44,43.0,44.0,46638.4,0.0023,44901.4
2012,p44p45,44.0,45.0,49980.4,0.0025,48309.4
2012,p45p46,45.0,46.0,53391.10000000001,0.0026,51685.8
2012,p46p47,46.0,47.0,57405.3,0.0028,55398.2
2012,p47p48,47.0,48.0,61431.10000000001,0.003,59418.2
2012,p48p49,48.0,49.0,65305.10000000001,0.0032,63368.10000000001
2012,p49p50,49.0,50.0,69403.7,0.0034,67354.40000000001
2012,p50p51,50.0,51.0,73459.1,0.0036,71431.40000000001
2012,p51p52,51.0,52.0,77683.5,0.0038,75571.3
2012,p52p53,52.0,53.0,81963.90000000001,0.004,79823.70000000001
2012,p53p54,53.0,54.0,86200.40000000001,0.0042,84082.1
2012,p54p55,54.0,55.0,90628.0,0.0045,88414.20000000001
2012,p55p56,55.0,56.0,95205.1,0.0047,92916.5
2012,p56p57,56.0,57.0,99906.70000000001,0.0049,97555.90000000001
2012,p57p58,57.0,58.0,104774.1,0.0052,102340.4
2012,p58p59,58.0,59.0,109462.8,0.0054,107118.5
2012,p59p60,59.0,60.0,114854.9,0.0057,112158.9
2012,p60p61,60.0,61.0,120435.9,0.0059,117645.4
2012,p61p62,61.0,62.0,125493.9,0.0062,122964.9
2012,p62p63,62.0,63.0,130615.2,0.0064,128054.6
2012,p63p64,63.0,64.0,135734.6,0.0067,133174.9
2012,p64p65,64.0,65.0,141630.9,0.007,138682.7
2012,p65p66,65.0,66.0,147962.3,0.0073,144796.6
2012,p66p67,66.0,67.0,153559.5,0.0076,150760.9
2012,p67p68,67.0,68.0,159424.8,0.0079,156492.2
2012,p68p69,68.0,69.0,165910.9,0.0082,162667.8
2012,p69p70,69.0,70.0,171689.3,0.0085,168800.1
2012,p70p71,70.0,71.0,177907.4,0.0088,174798.4
2012,p71p72,71.0,72.0,184574.7,0.0091,181241.0
2012,p72p73,72.0,73.0,191959.8,0.0095,188267.2
2012,p73p74,73.0,74.0,199590.7,0.0098,195775.2
2012,p74p75,74.0,75.0,207501.8,0.0102,203546.2
2012,p75p76,75.0,76.0,215149.5,0.0106,211325.6
2012,p76p77,76.0,77.0,223734.7,0.011,219442.1
2012,p77p78,77.0,78.0,233085.0,0.0115,228409.9
2012,p78p79,78.0,79.0,242525.8,0.0119,237805.4
2012,p79p80,79.0,80.0,252533.4,0.0124,247529.6
2012,p80p81,80.0,81.0,263172.9,0.013,257853.2
2012,p81p82,81.0,82.0,274002.2,0.0135,268587.6
2012,p82p83,82.0,83.0,286508.0,0.0141,280255.1
2012,p83p84,83.0,84.0,300473.9,0.0148,293490.9
2012,p84p85,84.0,85.0,315030.1,0.0155,307752.0
2012,p85p86,85.0,86.0,330975.9,0.0163,323003.0
2012,p86p87,86.0,87.0,347599.3,0.0171,339287.6
2012,p87p88,87.0,88.0,366340.1,0.018,356969.7
2012,p88p89,88.0,89.0,387169.6,0.0191,376754.9
2012,p89p90,89.0,90.0,411039.9,0.0203,399104.7
2012,p90p91,90.0,91.0,436856.3,0.0215,423948.1
2012,p91p92,91.0,92.0,466628.5,0.023,451742.4
2012,p92p93,92.0,93.0,504593.5,0.0249,485611.0
2012,p93p94,93.0,94.0,548394.2000000001,0.027,526493.8
2012,p94p95,94.0,95.0,605262.5,0.0298,595011.5
2012,p95p96,95.0,96.0,674515.6000000001,0.0332,639889.0
2012,p96p97,96.0,97.0,786107.4,0.0387,689749.4
2012,p97p98,97.0,98.0,922331.5,0.0454,806775.5
2012,p98p99,98.0,99.0,1469759.5,0.0724,1129616.3
2012,p99p99.1,99.0,99.1,2209273.9,0.0109,2208337.9
2012,p99.1p99.2,99.1,99.2,2353261.0,0.0116,2316210.0
2012,p99.2p99.3,99.2,99.3,2497086.7,0.0123,2424082.2
2012,p99.3p99.4,99.3,99.4,2640398.8,0.013,2531954.4
2012,p99.4p99.5,99.4,99.5,2783301.8,0.0137,2711850.3
2012,p99.5p99.6,99.5,99.6,2925733.5,0.0144,2854517.7
2012,p99.6p99.7,99.6,99.7,3067454.5,0.0151,2996594.0
2012,p99.7p99.8,99.7,99.8,3207973.2,0.0158,3137713.9
2012,p99.8p99.9,99.8,99.9,3971993.9,0.0196,3390593.3
2012,p99.9p99.91,99.9,99.91,5085408.0,0.0025,5031693.7
2012,p99.91p99.92,99.91,99.92,5290859.5,0.0026,5195803.7
2012,p99.92p99.93,99.92,99.93,5494737.0,0.0027,5359913.800000001
2012,p99.93p99.94,99.93,99.94,5701609.9,0.0028,5524023.800000001
2012,p99.94p99.95,99.94,99.95,5899499.0,0.0029,5800554.5
2012,p99.95p99.96,99.95,99.96,6102688.9,0.003,6001094.0
2012,p99.96p99.97,99.96,99.97,6304167.2,0.0031,6203428.0
2012,p99.97p99.98,99.97,99.98,6783668.100000001,0.0033,6543917.600000001
2012,p99.98p99.99,99.98,99.99,35318705.9,0.0174,19881988.0
2012,p99.99p99.991,99.99,99.991,84837486.7,0.0042,56741316.0
2012,p99.991p99.992,99.991,99.992,96216817.10000001,0.0047,90527151.9
2012,p99.992p99.993,99.992,99.993,107459078.4,0.0053,101837947.7
2012,p99.993p99.994,99.993,99.994,117280451.1,0.0058,112369764.7
2012,p99.994p99.995,99.994,99.995,127384274.1,0.0063,122332362.6
2012,p99.995p99.996,99.995,99.996,138987518.2,0.0068,133185896.2
2012,p99.996p99.997,99.996,99.997,152329552.8,0.0075,145658535.5
2012,p99.997p99.998,99.997,99.998,171052695.8,0.0084,152710688.0
2012,p99.998p99.999,99.998,99.999,200272093.4,0.0099,175350576.0
2012,p99.999p100,99.999,100.0,827341882.6,0.0408,485269792.0
2013,p0p1,0.0,1.0,-74843.8,-0.0035,-149687.7
2013,p1p2,1.0,2.0,-27338.2,-0.0013,-48286.2
2013,p2p3,2.0,3.0,-16836.6,-0.0008,-20874.9
2013,p3p4,3.0,4.0,-10435.0,-0.0005,-12887.2
2013,p4p5,4.0,5.0,-5817.900000000001,-0.0003,-7680.3
2013,p5p6,5.0,6.0,-2834.8,-0.0001,-4088.8
2013,p6p7,6.0,7.0,-813.6,0.0,-1724.1
2013,p7p8,7.0,8.0,-12.8,0.0,-390.6
2013,p8p9,8.0,9.0,0.9,0.0,-5.600000000000001
2013,p9p10,9.0,10.0,1.5,0.0,1.1
2013,p10p11,10.0,11.0,2.0,0.0,1.6
2013,p11p12,11.0,12.0,2.6,0.0,2.2
2013,p12p13,12.0,13.0,3.3,0.0,2.8
2013,p13p14,13.0,14.0,4.2,0.0,3.5
2013,p14p15,14.0,15.0,6.0,0.0,4.800000000000001
2013,p15p16,15.0,16.0,15.6,0.0,10.2
2013,p16p17,16.0,17.0,145.1,0.0,75.9
2013,p17p18,17.0,18.0,529.3000000000001,0.0,318.7
2013,p18p19,18.0,19.0,1307.5,0.0001,868.0
2013,p19p20,19.0,20.0,2199.7,0.0001,1657.3
2013,p20p21,20.0,21.0,2834.1,0.0001,2378.7
2013,p21p22,21.0,22.0,3654.4,0.0002,3066.1
2013,p22p23,22.0,23.0,4483.5,0.0002,3845.6
2013,p23p24,23.0,24.0,5263.6,0.0002,4606.0
2013,p24p25,24.0,25.0,6176.3,0.0003,5406.0
2013,p25p26,25.0,26.0,7234.5,0.0003,6337.3
2013,p26p27,26.0,27.0,8501.0,0.0004,7435.8
2013,p27p28,27.0,28.0,9969.6,0.0005,8728.300000000001
2013,p28p29,28.0,29.0,11952.1,0.0006,10359.1
2013,p29p30,29.0,30.0,13383.4,0.0006,11972.3
2013,p30p31,30.0,31.0,15043.1,0.0007,13433.0
2013,p31p32,31.0,32.0,17009.8,0.0008,15179.7
2013,p32p33,32.0,33.0,18809.4,0.0009,17909.6
2013,p33p34,33.0,34.0,21059.4,0.001,19934.4
2013,p34p35,34.0,35.0,23447.6,0.0011,22253.5
2013,p35p36,35.0,36.0,25640.9,0.0012,24544.3
2013,p36p37,36.0,37.0,27647.1,0.0013,26644.0
2013,p37p38,37.0,38.0,30409.3,0.0014,29028.2
2013,p38p39,38.0,39.0,33167.5,0.0016,31788.4
2013,p39p40,39.0,40.0,36010.2,0.0017,34588.8
2013,p40p41,40.0,41.0,38796.5,0.0018,37403.3
2013,p41p42,41.0,42.0,41839.60000000001,0.002,40318.0
2013,p42p43,42.0,43.0,45255.10000000001,0.0021,43547.3
2013,p43p44,43.0,44.0,48993.0,0.0023,47124.0
2013,p44p45,44.0,45.0,52549.10000000001,0.0025,50771.10000000001
2013,p45p46,45.0,46.0,56129.0,0.0026,54339.10000000001
2013,p46p47,46.0,47.0,60334.5,0.0028,58231.8
2013,p47p48,47.0,48.0,64571.3,0.003,62452.9
2013,p48p49,48.0,49.0,68624.8,0.0032,66598.0
2013,p49p50,49.0,50.0,72893.8,0.0034,70759.3
2013,p50p51,50.0,51.0,77102.1,0.0036,74998.0
2013,p51p52,51.0,52.0,81579.1,0.0038,79340.6
2013,p52p53,52.0,53.0,86021.1,0.004,83800.1
2013,p53p54,53.0,54.0,90336.3,0.0043,88178.70000000001
2013,p54p55,54.0,55.0,94969.1,0.0045,92652.70000000001
2013,p55p56,55.0,56.0,99842.90000000001,0.0047,97406.0
2013,p56p57,56.0,57.0,104656.8,0.0049,102249.8
2013,p57p58,57.0,58.0,109721.2,0.0052,107189.0
2013,p58p59,58.0,59.0,114602.5,0.0054,112161.8
2013,p59p60,59.0,60.0,120178.7,0.0057,117390.6
2013,p60p61,60.0,61.0,126070.0,0.0059,123124.4
2013,p61p62,61.0,62.0,131222.4,0.0062,128646.2
2013,p62p63,62.0,63.0,136405.1,0.0064,133813.7
2013,p63p64,63.0,64.0,141605.5,0.0067,139005.3
2013,p64p65,64.0,65.0,147670.2,0.007,144637.9
2013,p65p66,65.0,66.0,154466.9,0.0073,151068.5
2013,p66p67,66.0,67.0,160218.1,0.0075,157342.5
2013,p67p68,67.0,68.0,166297.3,0.0078,163257.7
2013,p68p69,68.0,69.0,173187.9,0.0082,169742.6
2013,p69p70,69.0,70.0,179174.6,0.0084,176181.3
2013,p70p71,70.0,71.0,185690.3,0.0087,182432.5
2013,p71p72,71.0,72.0,192572.5,0.0091,189131.4
2013,p72p73,72.0,73.0,199924.8,0.0094,196248.6
2013,p73p74,73.0,74.0,207746.0,0.0098,203835.4
2013,p74p75,74.0,75.0,216005.5,0.0102,211875.8
2013,p75p76,75.0,76.0,223880.5,0.0105,219943.0
2013,p76p77,76.0,77.0,232616.6,0.0109,228248.5
2013,p77p78,77.0,78.0,242157.9,0.0114,237387.2
2013,p78p79,78.0,79.0,251727.2,0.0118,246942.6
2013,p79p80,79.0,80.0,261960.9,0.0123,256844.0
2013,p80p81,80.0,81.0,272930.6,0.0128,267445.8
2013,p81p82,81.0,82.0,284155.6,0.0134,278543.1
2013,p82p83,82.0,83.0,297053.6,0.014,290604.6
2013,p83p84,83.0,84.0,311455.3,0.0147,304254.4
2013,p84p85,84.0,85.0,326969.8,0.0154,319212.6
2013,p85p86,85.0,86.0,343748.7,0.0162,335359.3
2013,p86p87,86.0,87.0,360944.9,0.017,352346.8
2013,p87p88,87.0,88.0,380159.4,0.0179,370552.2
2013,p88p89,88.0,89.0,401731.4,0.0189,390945.4
2013,p89p90,89.0,90.0,426860.0,0.0201,414295.7
2013,p90p91,90.0,91.0,453707.3,0.0214,440283.7
2013,p91p92,91.0,92.0,484503.7,0.0228,469105.5
2013,p92p93,92.0,93.0,524037.5,0.0247,504270.6
2013,p93p94,93.0,94.0,569529.7000000001,0.0268,546783.6
2013,p94p95,94.0,95.0,627899.9,0.0296,616786.5
2013,p95p96,95.0,96.0,697801.6000000001,0.0328,662850.7000000001
2013,p96p97,96.0,97.0,814016.2000000001,0.0383,714411.1000000001
2013,p97p98,97.0,98.0,963262.9,0.0453,839855.2000000001
2013,p98p99,98.0,99.0,1527371.0,0.0719,1176951.8
2013,p99p99.1,99.0,99.1,2320864.0,0.0109,2295533.7
2013,p99.1p99.2,99.1,99.2,2464999.7,0.0116,2407391.9
2013,p99.2p99.3,99.2,99.3,2609079.1,0.0123,2519250.0
2013,p99.3p99.4,99.3,99.4,2753145.1,0.013,2631108.2
2013,p99.4p99.5,99.4,99.5,2897207.8,0.0136,2825176.5
2013,p99.5p99.6,99.5,99.6,3041270.4,0.0143,2969239.1
2013,p99.6p99.7,99.6,99.7,3185337.4,0.015,3113303.9
2013,p99.7p99.8,99.7,99.8,3329389.0,0.0157,3257363.2
2013,p99.8p99.9,99.8,99.9,4202468.4,0.0198,3559187.5
2013,p99.9p99.91,99.9,99.91,5384742.5,0.0025,5303788.100000001
2013,p99.91p99.92,99.91,99.92,5589822.100000001,0.0026,5478248.100000001
2013,p99.92p99.93,99.92,99.93,5794954.100000001,0.0027,5652708.2
2013,p99.93p99.94,99.93,99.94,6000141.2,0.0028,5827168.300000001
2013,p99.94p99.95,99.94,99.95,6205378.9,0.0029,6001628.300000001
2013,p99.95p99.96,99.95,99.96,6410675.4,0.003,6308027.2
2013,p99.96p99.97,99.96,99.97,6615960.2,0.0031,6513317.800000001
2013,p99.97p99.98,99.97,99.98,7192088.5,0.0034,6904024.4
2013,p99.98p99.99,99.98,99.99,48091057.40000001,0.0226,26124110.0
2013,p99.99p99.991,99.99,99.991,91241314.9,0.0043,91161481.30000001
2013,p99.991p99.992,99.991,99.992,99034551.10000001,0.0047,97665218.4
2013,p99.992p99.993,99.992,99.993,106831889.6,0.005,104168955.5
2013,p99.993p99.994,99.993,99.994,114293565.9,0.0054,110672692.6
2013,p99.994p99.995,99.994,99.995,121882630.5,0.0057,117176429.8
2013,p99.995p99.996,99.995,99.996,131397774.1,0.0062,123680166.9
2013,p99.996p99.997,99.996,99.997,144093931.1,0.0068,137745852.6
2013,p99.997p99.998,99.997,99.998,162817273.1,0.0077,145031216.0
2013,p99.998p99.999,99.998,99.999,195739910.4,0.0092,169436592.0
2013,p99.999p100,99.999,100.0,911498823.3000001,0.0429,523226880.0
2014,p0p1,0.0,1.0,-68238.2,-0.003,-136476.4
2014,p1p2,1.0,2.0,-25480.7,-0.0011,-44282.5
2014,p2p3,2.0,3.0,-15931.5,-0.0007,-19567.4
2014,p3p4,3.0,4.0,-10100.0,-0.0005,-12300.0
2014,p4p5,4.0,5.0,-5820.200000000001,-0.0003,-7522.400000000001
2014,p5p6,5.0,6.0,-3056.1,-0.0001,-4194.1
2014,p6p7,6.0,7.0,-1128.7,-0.0001,-1977.4
2014,p7p8,7.0,8.0,-260.7,0.0,-656.5
2014,p8p9,8.0,9.0,-83.60000000000001,0.0,-162.7
2014,p9p10,9.0,10.0,-18.9,0.0,-48.40000000000001
2014,p10p11,10.0,11.0,-16.0,0.0,-16.5
2014,p11p12,11.0,12.0,-13.5,0.0,-14.0
2014,p12p13,12.0,13.0,-10.7,0.0,-11.5
2014,p13p14,13.0,14.0,-3.4,0.0,-6.7
2014,p14p15,14.0,15.0,6.5,0.0,1.5
2014,p15p16,15.0,16.0,11.9,0.0,8.700000000000001
2014,p16p17,16.0,17.0,97.2,0.0,51.6
2014,p17p18,17.0,18.0,446.1,0.0,256.7
2014,p18p19,18.0,19.0,1150.9,0.0001,754.6
2014,p19p20,19.0,20.0,1979.9,0.0001,1479.3
2014,p20p21,20.0,21.0,2649.0,0.0001,2187.1
2014,p21p22,21.0,22.0,3505.7,0.0002,2908.1
2014,p22p23,22.0,23.0,4370.6,0.0002,3721.6
2014,p23p24,23.0,24.0,5185.900000000001,0.0002,4515.5
2014,p24p25,24.0,25.0,6125.1,0.0003,5344.5
2014,p25p26,25.0,26.0,7209.6,0.0003,6300.700000000001
2014,p26p27,26.0,27.0,8514.300000000001,0.0004,7429.6
2014,p27p28,27.0,28.0,9961.800000000001,0.0004,8730.0
2014,p28p29,28.0,29.0,11894.8,0.0005,10327.3
2014,p29p30,29.0,30.0,13411.4,0.0006,11957.3
2014,p30p31,30.0,31.0,15127.6,0.0007,13484.8
2014,p31p32,31.0,32.0,17136.6,0.0008,15284.1
2014,p32p33,32.0,33.0,19018.7,0.0008,18077.7
2014,p33p34,33.0,34.0,21291.0,0.001,20154.9
2014,p34p35,34.0,35.0,23757.6,0.0011,22524.3
2014,p35p36,35.0,36.0,26045.5,0.0012,24901.6
2014,p36p37,36.0,37.0,28243.1,0.0013,27144.3
2014,p37p38,37.0,38.0,31097.3,0.0014,29670.2
2014,p38p39,38.0,39.0,34003.9,0.0015,32550.6
2014,p39p40,39.0,40.0,36963.7,0.0017,35483.8
2014,p40p41,40.0,41.0,39902.3,0.0018,38433.0
2014,p41p42,41.0,42.0,43119.0,0.0019,41510.7
2014,p42p43,42.0,43.0,46679.10000000001,0.0021,44899.10000000001
2014,p43p44,43.0,44.0,50572.0,0.0023,48625.60000000001
2014,p44p45,44.0,45.0,54374.10000000001,0.0024,52473.0
2014,p45p46,45.0,46.0,58204.4,0.0026,56289.3
2014,p46p47,46.0,47.0,62583.5,0.0028,60393.9
2014,p47p48,47.0,48.0,67106.8,0.003,64845.2
2014,p48p49,48.0,49.0,71354.0,0.0032,69230.40000000001
2014,p49p50,49.0,50.0,75830.5,0.0034,73592.2
2014,p50p51,50.0,51.0,80310.5,0.0036,78070.5
2014,p51p52,51.0,52.0,84988.5,0.0038,82649.5
2014,p52p53,52.0,53.0,89583.5,0.004,87286.0
2014,p53p54,53.0,54.0,94086.90000000001,0.0042,91835.20000000001
2014,p54p55,54.0,55.0,98907.5,0.0044,96497.20000000001
2014,p55p56,55.0,56.0,104127.5,0.0046,101517.5
2014,p56p57,56.0,57.0,109279.5,0.0049,106703.5
2014,p57p58,57.0,58.0,114578.6,0.0051,111929.0
2014,p58p59,58.0,59.0,119726.2,0.0053,117152.4
2014,p59p60,59.0,60.0,125463.7,0.0056,122595.0
2014,p60p61,60.0,61.0,131522.1,0.0059,128492.9
2014,p61p62,61.0,62.0,136937.1,0.0061,134229.6
2014,p62p63,62.0,63.0,142359.2,0.0064,139648.1
2014,p63p64,63.0,64.0,147869.8,0.0066,145114.5
2014,p64p65,64.0,65.0,154288.7,0.0069,151079.3
2014,p65p66,65.0,66.0,161464.8,0.0072,157876.8
2014,p66p67,66.0,67.0,167629.3,0.0075,164547.1
2014,p67p68,67.0,68.0,173878.0,0.0078,170753.7
2014,p68p69,68.0,69.0,180911.8,0.0081,177394.9
2014,p69p70,69.0,70.0,187267.9,0.0084,184089.8
2014,p70p71,70.0,71.0,194079.4,0.0087,190673.7
2014,p71p72,71.0,72.0,201338.0,0.009,197708.7
2014,p72p73,72.0,73.0,209026.8,0.0093,205182.4
2014,p73p74,73.0,74.0,217333.0,0.0097,213179.9
2014,p74p75,74.0,75.0,226291.2,0.0101,221812.1
2014,p75p76,75.0,76.0,234762.1,0.0105,230526.6
2014,p76p77,76.0,77.0,243811.4,0.0109,239286.8
2014,p77p78,77.0,78.0,253563.3,0.0113,248687.3
2014,p78p79,78.0,79.0,263445.4,0.0118,258504.3
2014,p79p80,79.0,80.0,274198.0,0.0122,268821.7
2014,p80p81,80.0,81.0,285446.3,0.0127,279822.1
2014,p81p82,81.0,82.0,297227.3,0.0133,291336.8
2014,p82p83,82.0,83.0,310711.1,0.0139,303969.2
2014,p83p84,83.0,84.0,326110.2,0.0146,318410.7
2014,p84p85,84.0,85.0,342106.7,0.0153,334108.5
2014,p85p86,85.0,86.0,359357.7,0.016,350732.2
2014,p86p87,86.0,87.0,377834.0,0.0169,368595.8
2014,p87p88,87.0,88.0,398677.7,0.0178,388255.8
2014,p88p89,88.0,89.0,421619.6,0.0188,410148.6
2014,p89p90,89.0,90.0,447795.6,0.02,434707.6
2014,p90p91,90.0,91.0,476075.8,0.0213,461935.7
2014,p91p92,91.0,92.0,509192.2,0.0227,492634.0
2014,p92p93,92.0,93.0,550955.3,0.0246,530073.7000000001
2014,p93p94,93.0,94.0,599880.7000000001,0.0268,575418.0
2014,p94p95,94.0,95.0,660405.8,0.0295,647450.5
2014,p95p96,95.0,96.0,731369.0,0.0327,695887.4
2014,p96p97,96.0,97.0,850094.5,0.038,747246.3
2014,p97p98,97.0,98.0,1001248.0,0.0447,874764.8
2014,p98p99,98.0,99.0,1575586.5,0.0703,1217562.0
2014,p99p99.1,99.0,99.1,2360184.6,0.0105,1967885.6
2014,p99.1p99.2,99.1,99.2,2529408.7,0.0113,2444796.7
2014,p99.2p99.3,99.2,99.3,2704795.9,0.0121,2617102.3
2014,p99.3p99.4,99.3,99.4,2886344.3,0.0129,2795570.1
2014,p99.4p99.5,99.4,99.5,3075094.4,0.0137,3033016.1
2014,p99.5p99.6,99.5,99.6,3274191.4,0.0146,3162691.4
2014,p99.6p99.7,99.6,99.7,3491892.8,0.0156,3292366.7
2014,p99.7p99.8,99.7,99.8,3750478.6,0.0167,3621185.7
2014,p99.8p99.9,99.8,99.9,4791864.600000001,0.0214,4036282.5
2014,p99.9p99.91,99.9,99.91,6133618.2,0.0027,5462741.4
2014,p99.91p99.92,99.91,99.92,6404006.600000001,0.0029,6268812.4
2014,p99.92p99.93,99.92,99.93,6695026.0,0.003,6549516.300000001
2014,p99.93p99.94,99.93,99.94,7013897.300000001,0.0031,6960515.9
2014,p99.94p99.95,99.94,99.95,7380157.7,0.0033,7185456.9
2014,p99.95p99.96,99.95,99.96,7811052.5,0.0035,7410398.0
2014,p99.96p99.97,99.96,99.97,8348293.100000001,0.0037,8079672.800000001
2014,p99.97p99.98,99.97,99.98,9453966.8,0.0042,8411621.0
2014,p99.98p99.99,99.98,99.99,46975858.2,0.021,26663260.0
2014,p99.99p99.991,99.99,99.991,83218583.10000001,0.0037,65097220.6
2014,p99.991p99.992,99.991,99.992,90200172.0,0.004,86709377.5
2014,p99.992p99.993,99.992,99.993,97329638.7,0.0043,93764905.4
2014,p99.993p99.994,99.993,99.994,104837327.4,0.0047,104570553.8
2014,p99.994p99.995,99.994,99.995,112795553.6,0.005,110563422.5
2014,p99.995p99.996,99.995,99.996,122865631.3,0.0055,116556291.3
2014,p99.996p99.997,99.996,99.997,136496047.8,0.0061,129680839.6
2014,p99.997p99.998,99.997,99.998,156670776.2,0.007,138522192.0
2014,p99.998p99.999,99.998,99.999,193942015.1,0.0087,165665584.0
2014,p99.999p100,99.999,100.0,1137724712.9,0.0508,629216512.0
2015,p0p1,0.0,1.0,-61219.60000000001,-0.0026,-122439.2
2015,p1p2,1.0,2.0,-23555.8,-0.001,-40061.8
2015,p2p3,2.0,3.0,-15036.5,-0.0006,-18237.3
2015,p3p4,3.0,4.0,-9814.800000000001,-0.0004,-11743.8
2015,p4p5,4.0,5.0,-5886.6,-0.0002,-7419.900000000001
2015,p5p6,5.0,6.0,-3349.3,-0.0001,-4364.6
2015,p6p7,6.0,7.0,-1513.6,-0.0001,-2298.0
2015,p7p8,7.0,8.0,-562.3000000000001,0.0,-981.0
2015,p8p9,8.0,9.0,-197.6,0.0,-359.1
2015,p9p10,9.0,10.0,-24.2,0.0,-104.8
2015,p10p11,10.0,11.0,-20.8,0.0,-21.2
2015,p11p12,11.0,12.0,-20.2,0.0,-20.5
2015,p12p13,12.0,13.0,-13.7,0.0,-16.0
2015,p13p14,13.0,14.0,-4.7,0.0,-8.700000000000001
2015,p14p15,14.0,15.0,7.4,0.0,1.3
2015,p15p16,15.0,16.0,9.700000000000001,0.0,8.1
2015,p16p17,16.0,17.0,72.3,0.0,38.8
2015,p17p18,17.0,18.0,385.7,0.0,216.4
2015,p18p19,18.0,19.0,1013.7,0.0,661.3000000000001
2015,p19p20,19.0,20.0,1778.0,0.0001,1319.3
2015,p20p21,20.0,21.0,2491.2,0.0001,2017.5
2015,p21p22,21.0,22.0,3394.2,0.0001,2781.2
2015,p22p23,22.0,23.0,4305.3,0.0002,3638.5
2015,p23p24,23.0,24.0,5165.700000000001,0.0002,4475.7
2015,p24p25,24.0,25.0,6141.400000000001,0.0003,5343.400000000001
2015,p25p26,25.0,26.0,7262.700000000001,0.0003,6334.3
2015,p26p27,26.0,27.0,8617.0,0.0004,7504.200000000001
2015,p27p28,27.0,28.0,10049.9,0.0004,8821.300000000001
2015,p28p29,28.0,29.0,11937.6,0.0005,10390.5
2015,p29p30,29.0,30.0,13553.3,0.0006,12046.1
2015,p30p31,30.0,31.0,15347.9,0.0006,13657.7
2015,p31p32,31.0,32.0,17416.1,0.0007,15528.2
2015,p32p33,32.0,33.0,19401.8,0.0008,18408.9
2015,p33p34,33.0,34.0,21712.2,0.0009,19429.0
2015,p34p35,34.0,35.0,24279.7,0.001,22996.0
2015,p35p36,35.0,36.0,26685.5,0.0011,25482.6
2015,p36p37,36.0,37.0,29108.4,0.0012,27897.0
2015,p37p38,37.0,38.0,32079.9,0.0014,30594.1
2015,p38p39,38.0,39.0,35166.6,0.0015,33623.2
2015,p39p40,39.0,40.0,38271.6,0.0016,36719.1
2015,p40p41,40.0,41.0,41394.5,0.0018,39833.0
2015,p41p42,41.0,42.0,44821.2,0.0019,43107.8
2015,p42p43,42.0,43.0,48560.4,0.0021,46690.8
2015,p43p44,43.0,44.0,52644.5,0.0022,50602.4
2015,p44p45,44.0,45.0,56739.3,0.0024,54691.9
2015,p45p46,45.0,46.0,60869.60000000001,0.0026,58804.5
2015,p46p47,46.0,47.0,65468.2,0.0028,63168.9
2015,p47p48,47.0,48.0,70338.1,0.003,67903.2
2015,p48p49,48.0,49.0,74827.2,0.0032,72582.7
2015,p49p50,49.0,50.0,79561.20000000001,0.0034,77194.2
2015,p50p51,50.0,51.0,84368.70000000001,0.0036,81965.0
2015,p51p52,51.0,52.0,89296.3,0.0038,86832.5
2015,p52p53,52.0,53.0,94087.3,0.004,91691.8
2015,p53p54,53.0,54.0,98824.90000000001,0.0042,96456.1
2015,p54p55,54.0,55.0,103882.3,0.0044,101353.6
2015,p55p56,55.0,56.0,109516.9,0.0046,106699.6
2015,p56p57,56.0,57.0,115074.7,0.0049,112295.8
2015,p57p58,57.0,58.0,120647.3,0.0051,117861.0
2015,p58p59,58.0,59.0,126105.4,0.0053,123376.4
2015,p59p60,59.0,60.0,132090.2,0.0056,129097.8
2015,p60p61,60.0,61.0,138372.0,0.0059,135231.1
2015,p61p62,61.0,62.0,144113.2,0.0061,141242.6
2015,p62p63,62.0,63.0,149837.1,0.0063,146975.2
2015,p63p64,63.0,64.0,155727.1,0.0066,152782.1
2015,p64p65,64.0,65.0,162577.7,0.0069,159152.4
2015,p65p66,65.0,66.0,170214.2,0.0072,166396.0
2015,p66p67,66.0,67.0,176871.6,0.0075,173542.9
2015,p67p68,67.0,68.0,183342.7,0.0078,180107.1
2015,p68p69,68.0,69.0,190569.7,0.0081,186956.2
2015,p69p70,69.0,70.0,197364.0,0.0084,193966.9
2015,p70p71,70.0,71.0,204541.1,0.0087,200952.6
2015,p71p72,71.0,72.0,212260.6,0.009,208400.9
2015,p72p73,72.0,73.0,220364.9,0.0093,216312.8
2015,p73p74,73.0,74.0,229255.4,0.0097,224810.1
2015,p74p75,74.0,75.0,239036.1,0.0101,234145.7
2015,p75p76,75.0,76.0,248214.8,0.0105,243625.5
2015,p76p77,76.0,77.0,257656.2,0.0109,252935.5
2015,p77p78,77.0,78.0,267679.4,0.0113,262667.8
2015,p78p79,78.0,79.0,277948.7,0.0118,272814.1
2015,p79p80,79.0,80.0,289325.5,0.0122,283637.1
2015,p80p81,80.0,81.0,300933.6,0.0127,295129.6
2015,p81p82,81.0,82.0,313379.1,0.0133,307156.3
2015,p82p83,82.0,83.0,327565.3,0.0139,320472.2
2015,p83p84,83.0,84.0,344128.3,0.0146,335846.8
2015,p84p85,84.0,85.0,360724.8,0.0153,352426.6
2015,p85p86,85.0,86.0,378567.7,0.016,369646.2
2015,p86p87,86.0,87.0,398535.4,0.0169,388551.5
2015,p87p88,87.0,88.0,421269.8,0.0178,409902.6
2015,p88p89,88.0,89.0,445838.5,0.0189,433554.2
2015,p89p90,89.0,90.0,473293.6,0.02,459566.0
2015,p90p91,90.0,91.0,503236.2,0.0213,488264.9
2015,p91p92,91.0,92.0,539004.0,0.0228,521120.1
2015,p92p93,92.0,93.0,583343.5,0.0247,561173.8
2015,p93p94,93.0,94.0,636173.3,0.0269,609758.4
2015,p94p95,94.0,95.0,699218.6000000001,0.0296,684105.5
2015,p95p96,95.0,96.0,771485.1000000001,0.0327,735351.9
2015,p96p97,96.0,97.0,893257.0,0.0378,786697.4
2015,p97p98,97.0,98.0,1046842.6,0.0443,916821.4
2015,p98p99,98.0,99.0,1634287.7,0.0692,1267005.9
2015,p99p99.1,99.0,99.1,2413062.2,0.0102,2023674.9
2015,p99.1p99.2,99.1,99.2,2609289.0,0.011,2511175.6
2015,p99.2p99.3,99.2,99.3,2818699.5,0.0119,2713994.3
2015,p99.3p99.4,99.3,99.4,3041432.8,0.0129,2930066.1
2015,p99.4p99.5,99.4,99.5,3280060.1,0.0139,3160746.4
2015,p99.5p99.6,99.5,99.6,3541773.4,0.015,3521636.1
2015,p99.6p99.7,99.6,99.7,3845407.8,0.0163,3671944.8
2015,p99.7p99.8,99.7,99.8,4242920.3,0.018,4044164.1
2015,p99.8p99.9,99.8,99.9,5485173.0,0.0232,4597147.5
2015,p99.9p99.91,99.9,99.91,7012524.600000001,0.003,6248848.800000001
2015,p99.91p99.92,99.91,99.92,7363582.100000001,0.0031,7188053.4
2015,p99.92p99.93,99.92,99.93,7762109.2,0.0033,7562845.7
2015,p99.93p99.94,99.93,99.94,8228001.9,0.0035,7995055.600000001
2015,p99.94p99.95,99.94,99.95,8804759.6,0.0037,8516380.8
2015,p99.95p99.96,99.95,99.96,9545793.8,0.004,9196342.0
2015,p99.96p99.97,99.96,99.97,10563552.8,0.0045,10054673.3
2015,p99.97p99.98,99.97,99.98,12457522.4,0.0053,10878933.0
2015,p99.98p99.99,99.98,99.99,45983638.7,0.0195,27617194.0
2015,p99.99p99.991,99.99,99.991,76038308.4,0.0032,61010973.6
2015,p99.991p99.992,99.991,99.992,82301006.30000001,0.0035,79169657.3
2015,p99.992p99.993,99.992,99.993,88927018.4,0.0038,88539950.80000001
2015,p99.993p99.994,99.993,99.994,96318439.9,0.0041,93616847.2
2015,p99.994p99.995,99.994,99.995,104541098.7,0.0044,98693743.60000001
2015,p99.995p99.996,99.995,99.996,115049517.5,0.0049,109795308.1
2015,p99.996p99.997,99.996,99.997,129459121.8,0.0055,115546000.0
2015,p99.997p99.998,99.997,99.998,151145172.2,0.0064,132603512.0
2015,p99.998p99.999,99.998,99.999,192303552.3,0.0081,162301536.0
2015,p99.999p100,99.999,100.0,1209741211.4,0.0512,662556032.0
2016,p0p1,0.0,1.0,-54091.4,-0.0021,-108182.8
2016,p1p2,1.0,2.0,-21671.4,-0.0009,-35781.9
2016,p2p3,2.0,3.0,-14219.4,-0.0006,-16950.8
2016,p3p4,3.0,4.0,-9626.4,-0.0004,-11262.1
2016,p4p5,4.0,5.0,-6047.700000000001,-0.0002,-7402.700000000001
2016,p5p6,5.0,6.0,-3735.4,-0.0001,-4620.5
2016,p6p7,6.0,7.0,-1979.9,-0.0001,-2699.3
2016,p7p8,7.0,8.0,-920.7,0.0,-1369.9
2016,p8p9,8.0,9.0,-336.7,0.0,-593.8000000000001
2016,p9p10,9.0,10.0,-22.3,0.0,-169.6
2016,p10p11,10.0,11.0,-20.0,0.0,-21.2
2016,p11p12,11.0,12.0,-18.7,0.0,-19.3
2016,p12p13,12.0,13.0,-12.6,0.0,-14.7
2016,p13p14,13.0,14.0,-4.2,0.0,-7.9
2016,p14p15,14.0,15.0,2.4,0.0,-0.8
2016,p15p16,15.0,16.0,7.0,0.0,4.4
2016,p16p17,16.0,17.0,55.0,0.0,29.3
2016,p17p18,17.0,18.0,332.6,0.0,183.1
2016,p18p19,18.0,19.0,881.9000000000001,0.0,573.6
2016,p19p20,19.0,20.0,1582.8,0.0001,1164.0
2016,p20p21,20.0,21.0,2355.6,0.0001,1860.0
2016,p21p22,21.0,22.0,3323.0,0.0001,2681.9
2016,p22p23,22.0,23.0,4298.7,0.0002,3599.7
2016,p23p24,23.0,24.0,5221.700000000001,0.0002,4496.400000000001
2016,p24p25,24.0,25.0,6251.900000000001,0.0002,5418.900000000001
2016,p25p26,25.0,26.0,7429.6,0.0003,6461.6
2016,p26p27,26.0,27.0,8857.2,0.0003,7692.1
2016,p27p28,27.0,28.0,10292.0,0.0004,9044.0
2016,p28p29,28.0,29.0,12151.9,0.0005,10600.0
2016,p29p30,29.0,30.0,13898.9,0.0005,12303.5
2016,p30p31,30.0,31.0,15807.3,0.0006,14029.9
2016,p31p32,31.0,32.0,17969.4,0.0007,15952.3
2016,p32p33,32.0,33.0,20098.3,0.0008,17979.0
2016,p33p34,33.0,34.0,22481.7,0.0009,20110.0
2016,p34p35,34.0,35.0,25196.1,0.001,23838.9
2016,p35p36,35.0,36.0,27766.2,0.0011,26481.2
2016,p36p37,36.0,37.0,30475.6,0.0012,29120.9
2016,p37p38,37.0,38.0,33617.4,0.0013,32046.5
2016,p38p39,38.0,39.0,36947.2,0.0015,35282.3
2016,p39p40,39.0,40.0,40255.9,0.0016,38601.6
2016,p40p41,40.0,41.0,43626.9,0.0017,41941.4
2016,p41p42,41.0,42.0,47335.0,0.0019,45480.9
2016,p42p43,42.0,43.0,51324.2,0.002,49329.60000000001
2016,p43p44,43.0,44.0,55676.3,0.0022,53500.3
2016,p44p45,44.0,45.0,60154.4,0.0024,57915.4
2016,p45p46,45.0,46.0,64677.4,0.0026,62415.9
2016,p46p47,46.0,47.0,69584.40000000001,0.0027,67130.90000000001
2016,p47p48,47.0,48.0,74910.0,0.003,72247.2
2016,p48p49,48.0,49.0,79731.8,0.0032,77320.90000000001
2016,p49p50,49.0,50.0,84818.6,0.0034,82275.20000000001
2016,p50p51,50.0,51.0,90058.8,0.0036,87438.70000000001
2016,p51p52,51.0,52.0,95332.0,0.0038,92695.40000000001
2016,p52p53,52.0,53.0,100406.3,0.004,97869.1
2016,p53p54,53.0,54.0,105469.8,0.0042,102938.0
2016,p54p55,54.0,55.0,110860.3,0.0044,108165.1
2016,p55p56,55.0,56.0,117036.9,0.0046,113948.6
2016,p56p57,56.0,57.0,123126.1,0.0049,120081.5
2016,p57p58,57.0,58.0,129073.6,0.0051,126099.8
2016,p58p59,58.0,59.0,134948.0,0.0053,132010.8
2016,p59p60,59.0,60.0,141302.2,0.0056,138125.1
2016,p60p61,60.0,61.0,147918.6,0.0058,144610.4
2016,p61p62,61.0,62.0,154104.3,0.0061,151011.5
2016,p62p63,62.0,63.0,160244.9,0.0063,157174.6
2016,p63p64,63.0,64.0,166641.5,0.0066,163443.2
2016,p64p65,64.0,65.0,174069.6,0.0069,170355.5
2016,p65p66,65.0,66.0,182324.8,0.0072,178197.2
2016,p66p67,66.0,67.0,189625.4,0.0075,185975.1
2016,p67p68,67.0,68.0,196430.5,0.0078,193027.9
2016,p68p69,68.0,69.0,203966.7,0.0081,200198.6
2016,p69p70,69.0,70.0,211341.4,0.0083,207654.0
2016,p70p71,70.0,71.0,219023.8,0.0087,215182.6
2016,p71p72,71.0,72.0,227364.7,0.009,223194.3
2016,p72p73,72.0,73.0,236042.9,0.0093,231703.8
2016,p73p74,73.0,74.0,245708.3,0.0097,240875.6
2016,p74p75,74.0,75.0,256544.9,0.0101,251126.6
2016,p75p76,75.0,76.0,266642.7,0.0105,261593.8
2016,p76p77,76.0,77.0,276646.0,0.0109,271644.3
2016,p77p78,77.0,78.0,287098.0,0.0113,281872.0
2016,p78p79,78.0,79.0,297931.0,0.0118,292514.5
2016,p79p80,79.0,80.0,310155.6,0.0123,304043.3
2016,p80p81,80.0,81.0,322315.0,0.0127,316235.3
2016,p81p82,81.0,82.0,335665.2,0.0133,328990.1
2016,p82p83,82.0,83.0,350819.6,0.0139,343242.4
2016,p83p84,83.0,84.0,368901.7,0.0146,359860.7
2016,p84p85,84.0,85.0,386380.6,0.0153,377641.2
2016,p85p86,85.0,86.0,405111.6,0.016,395746.1
2016,p86p87,86.0,87.0,427011.3,0.0169,416061.4
2016,p87p88,87.0,88.0,452165.6,0.0179,439588.5
2016,p88p89,88.0,89.0,478883.3,0.0189,465524.5
2016,p89p90,89.0,90.0,508126.0,0.0201,493504.7
2016,p90p91,90.0,91.0,540302.6,0.0213,524214.3
2016,p91p92,91.0,92.0,579492.9,0.0229,559897.7000000001
2016,p92p93,92.0,93.0,627269.2000000001,0.0248,603381.0
2016,p93p94,93.0,94.0,685135.1000000001,0.0271,656202.1000000001
2016,p94p95,94.0,95.0,751758.5,0.0297,733613.0
2016,p95p96,95.0,96.0,826322.5,0.0326,789040.5
2016,p96p97,96.0,97.0,952968.4,0.0377,840339.0
2016,p97p98,97.0,98.0,1111138.7,0.0439,974854.4
2016,p98p99,98.0,99.0,1720716.6,0.068,1337453.3
2016,p99p99.1,99.0,99.1,2504169.0,0.0099,2112442.8
2016,p99.1p99.2,99.1,99.2,2732065.5,0.0108,2618117.3
2016,p99.2p99.3,99.2,99.3,2981387.7,0.0118,2856726.6
2016,p99.3p99.4,99.3,99.4,3252708.4,0.0129,3117048.1
2016,p99.4p99.5,99.4,99.5,3550744.3,0.014,3549710.1
2016,p99.5p99.6,99.5,99.6,3887992.2,0.0154,3707728.4
2016,p99.6p99.7,99.6,99.7,4297143.100000001,0.017,4092567.6
2016,p99.7p99.8,99.7,99.8,4870309.4,0.0192,4329684.0
2016,p99.8p99.9,99.8,99.9,6369899.800000001,0.0252,5308623.5
2016,p99.9p99.91,99.9,99.91,8133221.600000001,0.0032,7251560.7
2016,p99.91p99.92,99.91,99.92,8589136.1,0.0034,8361178.800000001
2016,p99.92p99.93,99.92,99.93,9128729.9,0.0036,8858933.0
2016,p99.93p99.94,99.93,99.94,9791207.200000001,0.0039,9459968.5
2016,p99.94p99.95,99.94,99.95,10654038.3,0.0042,10265591.8
2016,p99.95p99.96,99.95,99.96,11831491.5,0.0047,11242764.9
2016,p99.96p99.97,99.96,99.97,13555532.5,0.0054,11990004.0
2016,p99.97p99.98,99.97,99.98,16645359.0,0.0066,14263539.0
2016,p99.98p99.99,99.98,99.99,45638526.1,0.018,29415974.0
2016,p99.99p99.991,99.99,99.991,70436647.2,0.0028,58037586.7
2016,p99.991p99.992,99.991,99.992,76129851.0,0.003,73283249.10000001
2016,p99.992p99.993,99.992,99.993,82400957.10000001,0.0033,79265404.0
2016,p99.993p99.994,99.993,99.994,89707488.7,0.0035,88822980.5
2016,p99.994p99.995,99.994,99.995,98217626.60000001,0.0039,93392750.30000001
2016,p99.995p99.996,99.995,99.996,109203220.2,0.0043,103710423.4
2016,p99.996p99.997,99.996,99.997,124456207.1,0.0049,110354704.0
2016,p99.997p99.998,99.997,99.998,147865903.1,0.0058,128614648.0
2016,p99.998p99.999,99.998,99.999,193241881.9,0.0076,161101344.0
2016,p99.999p100,99.999,100.0,1280062130.6,0.0506,695824832.0
2017,p0p1,0.0,1.0,-46117.9,-0.0017,-92235.8
2017,p1p2,1.0,2.0,-19583.6,-0.0007,-31014.5
2017,p2p3,2.0,3.0,-13342.8,-0.0005,-15543.0
2017,p3p4,3.0,4.0,-9461.5,-0.0003,-10764.8
2017,p4p5,4.0,5.0,-6272.900000000001,-0.0002,-7427.5
2017,p5p6,5.0,6.0,-4211.1,-0.0002,-4949.0
2017,p6p7,6.0,7.0,-2540.1,-0.0001,-3186.9
2017,p7p8,7.0,8.0,-1349.3,0.0,-1836.0
2017,p8p9,8.0,9.0,-505.9,0.0,-875.7
2017,p9p10,9.0,10.0,-13.5,0.0,-245.2
2017,p10p11,10.0,11.0,-11.7,0.0,-11.9
2017,p11p12,11.0,12.0,-11.4,0.0,-11.5
2017,p12p13,12.0,13.0,-10.1,0.0,-10.2
2017,p13p14,13.0,14.0,-7.5,0.0,-8.3
2017,p14p15,14.0,15.0,-2.1,0.0,-4.5
2017,p15p16,15.0,16.0,5.2,0.0,1.5
2017,p16p17,16.0,17.0,43.5,0.0,23.0
2017,p17p18,17.0,18.0,281.4,0.0,153.4
2017,p18p19,18.0,19.0,741.8000000000001,0.0,483.0
2017,p19p20,19.0,20.0,1372.5,0.0001,998.1
2017,p20p21,20.0,21.0,2218.9,0.0001,1695.4
2017,p21p22,21.0,22.0,3266.1,0.0001,2589.2
2017,p22p23,22.0,23.0,4322.1,0.0002,3582.0
2017,p23p24,23.0,24.0,5322.700000000001,0.0002,4552.8
2017,p24p25,24.0,25.0,6421.6,0.0002,5543.900000000001
2017,p25p26,25.0,26.0,7670.8,0.0003,6652.3
2017,p26p27,26.0,27.0,9190.4,0.0003,7959.400000000001
2017,p27p28,27.0,28.0,10634.4,0.0004,9358.300000000001
2017,p28p29,28.0,29.0,12470.2,0.0005,10906.6
2017,p29p30,29.0,30.0,14377.0,0.0005,12673.3
2017,p30p31,30.0,31.0,16428.5,0.0006,14541.8
2017,p31p32,31.0,32.0,18710.5,0.0007,16587.4
2017,p32p33,32.0,33.0,21016.3,0.0008,18799.8
2017,p33p34,33.0,34.0,23496.0,0.0009,22256.1
2017,p34p35,34.0,35.0,26394.2,0.001,24945.1
2017,p35p36,35.0,36.0,29167.6,0.0011,27780.9
2017,p36p37,36.0,37.0,32223.0,0.0012,30695.3
2017,p37p38,37.0,38.0,35577.6,0.0013,33900.3
2017,p38p39,38.0,39.0,39205.6,0.0014,37391.6
2017,p39p40,39.0,40.0,42766.3,0.0016,40986.0
2017,p40p41,40.0,41.0,46441.4,0.0017,44603.9
2017,p41p42,41.0,42.0,50494.10000000001,0.0018,48467.8
2017,p42p43,42.0,43.0,54792.60000000001,0.002,52643.4
2017,p43p44,43.0,44.0,59476.2,0.0022,57134.4
2017,p44p45,44.0,45.0,64420.7,0.0024,61948.4
2017,p45p46,45.0,46.0,69421.8,0.0025,66921.3
2017,p46p47,46.0,47.0,74711.40000000001,0.0027,72066.6
2017,p47p48,47.0,48.0,80593.1,0.0029,77652.2
2017,p48p49,48.0,49.0,85825.40000000001,0.0031,83209.20000000001
2017,p49p50,49.0,50.0,91347.3,0.0033,88586.3
2017,p50p51,50.0,51.0,97115.5,0.0036,94231.40000000001
2017,p51p52,51.0,52.0,102815.7,0.0038,99965.6
2017,p52p53,52.0,53.0,108243.6,0.004,105529.7
2017,p53p54,53.0,54.0,113710.2,0.0042,110976.9
2017,p54p55,54.0,55.0,119514.0,0.0044,116612.1
2017,p55p56,55.0,56.0,126350.4,0.0046,122932.2
2017,p56p57,56.0,57.0,133086.8,0.0049,129718.6
2017,p57p58,57.0,58.0,139493.3,0.0051,136290.0
2017,p58p59,58.0,59.0,145875.6,0.0053,142684.4
2017,p59p60,59.0,60.0,152700.3,0.0056,149287.9
2017,p60p61,60.0,61.0,159738.4,0.0058,156219.4
2017,p61p62,61.0,62.0,166471.6,0.0061,163105.0
2017,p62p63,62.0,63.0,173127.7,0.0063,169799.6
2017,p63p64,63.0,64.0,180144.7,0.0066,176636.2
2017,p64p65,64.0,65.0,188280.1,0.0069,184212.4
2017,p65p66,65.0,66.0,197293.6,0.0072,192786.9
2017,p66p67,66.0,67.0,205376.6,0.0075,201335.1
2017,p67p68,67.0,68.0,212602.3,0.0078,208989.4
2017,p68p69,68.0,69.0,220532.3,0.0081,216567.3
2017,p69p70,69.0,70.0,228614.5,0.0084,224573.4
2017,p70p71,70.0,71.0,236920.7,0.0087,232767.6
2017,p71p72,71.0,72.0,246024.5,0.009,241472.6
2017,p72p73,72.0,73.0,255410.8,0.0093,250717.7
2017,p73p74,73.0,74.0,266023.0,0.0097,260716.9
2017,p74p75,74.0,75.0,278137.8,0.0102,272080.4
2017,p75p76,75.0,76.0,289352.1,0.0106,283745.0
2017,p76p77,76.0,77.0,300054.2,0.011,294703.2
2017,p77p78,77.0,78.0,311049.0,0.0114,305551.6
2017,p78p79,78.0,79.0,322584.4,0.0118,316816.7
2017,p79p80,79.0,80.0,335849.2,0.0123,329216.8
2017,p80p81,80.0,81.0,348703.6,0.0128,342276.4
2017,p81p82,81.0,82.0,363163.6,0.0133,355933.6
2017,p82p83,82.0,83.0,379508.7,0.0139,371336.2
2017,p83p84,83.0,84.0,399434.1,0.0146,389471.4
2017,p84p85,84.0,85.0,418015.0,0.0153,408724.5
2017,p85p86,85.0,86.0,437859.7,0.016,427937.3
2017,p86p87,86.0,87.0,462099.0,0.0169,449979.4
2017,p87p88,87.0,88.0,490176.0,0.0179,476137.5
2017,p88p89,88.0,89.0,519513.2,0.019,504844.6
2017,p89p90,89.0,90.0,550963.9,0.0202,535238.5
2017,p90p91,90.0,91.0,585865.0,0.0214,568414.4
2017,p91p92,91.0,92.0,629189.7000000001,0.023,607527.3
2017,p92p93,92.0,93.0,681150.0,0.0249,655169.8
2017,p93p94,93.0,94.0,745096.5,0.0273,713123.2000000001
2017,p94p95,94.0,95.0,816129.6000000001,0.0299,794421.5
2017,p95p96,95.0,96.0,893639.9,0.0327,854884.7000000001
2017,p96p97,96.0,97.0,1026460.2,0.0376,906387.4
2017,p97p98,97.0,98.0,1190642.6,0.0436,1046588.2
2017,p98p99,98.0,99.0,1828843.0,0.0669,1425354.6
2017,p99p99.1,99.0,99.1,2623174.8,0.0096,2226008.9
2017,p99.1p99.2,99.1,99.2,2887515.6,0.0106,2755345.2
2017,p99.2p99.3,99.2,99.3,3183062.4,0.0116,3035289.0
2017,p99.3p99.4,99.3,99.4,3511200.5,0.0128,3347131.5
2017,p99.4p99.5,99.4,99.5,3879573.5,0.0142,3702154.2
2017,p99.5p99.6,99.5,99.6,4307620.9,0.0158,4093597.2
2017,p99.6p99.7,99.6,99.7,4846198.2,0.0177,4321080.0
2017,p99.7p99.8,99.7,99.8,5641583.2,0.0206,4950780.0
2017,p99.8p99.9,99.8,99.9,7464258.0,0.0273,6186640.5
2017,p99.9p99.91,99.9,99.91,9517968.9,0.0035,8491113.4
2017,p99.91p99.92,99.91,99.92,10108760.1,0.0037,9813364.5
2017,p99.92p99.93,99.92,99.93,10832148.9,0.004,10470454.5
2017,p99.93p99.94,99.93,99.94,11755894.0,0.0043,11295864.8
2017,p99.94p99.95,99.94,99.95,13005950.5,0.0048,12380922.3
2017,p99.95p99.96,99.95,99.96,14793926.4,0.0054,13122992.0
2017,p99.96p99.97,99.96,99.97,17547583.4,0.0064,15266879.0
2017,p99.97p99.98,99.97,99.98,22434257.2,0.0082,18873514.0
2017,p99.98p99.99,99.98,99.99,45685986.3,0.0167,32156308.0
2017,p99.99p99.991,99.99,99.991,65804272.3,0.0024,55745129.3
2017,p99.991p99.992,99.991,99.992,71021917.5,0.0026,68413094.9
2017,p99.992p99.993,99.992,99.993,77025996.10000001,0.0028,76338322.9
2017,p99.993p99.994,99.993,99.994,84258876.10000001,0.0031,80020157.4
2017,p99.994p99.995,99.994,99.995,93056255.0,0.0034,88657565.60000001
2017,p99.995p99.996,99.995,99.996,104527690.8,0.0038,93269928.0
2017,p99.996p99.997,99.996,99.997,120649883.6,0.0044,106295560.0
2017,p99.997p99.998,99.997,99.998,145920353.1,0.0053,125835056.0
2017,p99.998p99.999,99.998,99.999,195788205.1,0.0072,161304256.0
2017,p99.999p100,99.999,100.0,1259340716.4,0.0461,686896768.0
2018,p0p1,0.0,1.0,-35559.5,-0.0012,-71119.0
2018,p1p2,1.0,2.0,-16571.6,-0.0006,-24759.5
2018,p2p3,2.0,3.0,-11922.0,-0.0004,-13532.9
2018,p3p4,3.0,4.0,-8981.4,-0.0003,-9928.0
2018,p4p5,4.0,5.0,-6341.0,-0.0002,-7277.400000000001
2018,p5p6,5.0,6.0,-4631.2,-0.0002,-5211.200000000001
2018,p6p7,6.0,7.0,-3109.9,-0.0001,-3676.6
2018,p7p8,7.0,8.0,-1805.3,-0.0001,-2334.4
2018,p8p9,8.0,9.0,-690.2,0.0,-1185.2
2018,p9p10,9.0,10.0,-29.1,0.0,-341.7
2018,p10p11,10.0,11.0,1.6,0.0,-13.1
2018,p11p12,11.0,12.0,2.4,0.0,1.9
2018,p12p13,12.0,13.0,3.2,0.0,2.7
2018,p13p14,13.0,14.0,4.0,0.0,3.4
2018,p14p15,14.0,15.0,5.300000000000001,0.0,4.4
2018,p15p16,15.0,16.0,7.5,0.0,6.0
2018,p16p17,16.0,17.0,39.0,0.0,22.1
2018,p17p18,17.0,18.0,224.6,0.0,125.2
2018,p18p19,18.0,19.0,568.9,0.0,376.9
2018,p19p20,19.0,20.0,1099.7,0.0,792.5
2018,p20p21,20.0,21.0,2003.7,0.0001,1474.0
2018,p21p22,21.0,22.0,3109.2,0.0001,2428.4
2018,p22p23,22.0,23.0,4223.8,0.0001,3482.8
2018,p23p24,23.0,24.0,5281.700000000001,0.0002,4514.6
2018,p24p25,24.0,25.0,6424.700000000001,0.0002,5559.900000000001
2018,p25p26,25.0,26.0,7716.400000000001,0.0003,6716.3
2018,p26p27,26.0,27.0,9292.6,0.0003,8078.400000000001
2018,p27p28,27.0,28.0,10701.1,0.0004,9496.0
2018,p28p29,28.0,29.0,12450.5,0.0004,10995.8
2018,p29p30,29.0,30.0,14477.3,0.0005,12789.3
2018,p30p31,30.0,31.0,16629.3,0.0006,14774.0
2018,p31p32,31.0,32.0,18976.0,0.0007,16910.6
2018,p32p33,32.0,33.0,21410.9,0.0007,19181.6
2018,p33p34,33.0,34.0,23922.0,0.0008,21530.7
2018,p34p35,34.0,35.0,26937.8,0.0009,24155.7
2018,p35p36,35.0,36.0,29855.3,0.001,26973.7
2018,p36p37,36.0,37.0,33209.0,0.0011,31532.1
2018,p37p38,37.0,38.0,36699.8,0.0013,34954.4
2018,p38p39,38.0,39.0,40552.7,0.0014,38626.2
2018,p39p40,39.0,40.0,44287.7,0.0015,42420.2
2018,p40p41,40.0,41.0,48192.9,0.0017,46240.3
2018,p41p42,41.0,42.0,52510.10000000001,0.0018,50351.5
2018,p42p43,42.0,43.0,57024.8,0.002,54767.4
2018,p43p44,43.0,44.0,61937.10000000001,0.0021,59480.9
2018,p44p45,44.0,45.0,67256.7,0.0023,64596.9
2018,p45p46,45.0,46.0,72645.2,0.0025,69951.0
2018,p46p47,46.0,47.0,78204.5,0.0027,75424.90000000001
2018,p47p48,47.0,48.0,84535.6,0.0029,81370.0
2018,p48p49,48.0,49.0,90071.70000000001,0.0031,87303.6
2018,p49p50,49.0,50.0,95915.8,0.0033,92993.70000000001
2018,p50p51,50.0,51.0,102104.2,0.0035,99010.0
2018,p51p52,51.0,52.0,108111.0,0.0037,105107.6
2018,p52p53,52.0,53.0,113770.5,0.0039,110940.8
2018,p53p54,53.0,54.0,119523.7,0.0041,116647.1
2018,p54p55,54.0,55.0,125615.7,0.0043,122569.7
2018,p55p56,55.0,56.0,132988.9,0.0046,129302.3
2018,p56p57,56.0,57.0,140251.3,0.0048,136620.1
2018,p57p58,57.0,58.0,146972.6,0.0051,143612.0
2018,p58p59,58.0,59.0,153727.0,0.0053,150349.8
2018,p59p60,59.0,60.0,160885.3,0.0055,157306.1
2018,p60p61,60.0,61.0,168182.8,0.0058,164534.0
2018,p61p62,61.0,62.0,175329.1,0.006,171756.0
2018,p62p63,62.0,63.0,182364.3,0.0063,178846.7
2018,p63p64,63.0,64.0,189868.6,0.0065,186116.5
2018,p64p65,64.0,65.0,198554.7,0.0068,194211.7
2018,p65p66,65.0,66.0,208147.7,0.0072,203351.2
2018,p66p67,66.0,67.0,216867.7,0.0075,212507.7
2018,p67p68,67.0,68.0,224343.5,0.0077,220605.6
2018,p68p69,68.0,69.0,232469.4,0.008,228406.5
2018,p69p70,69.0,70.0,241100.5,0.0083,236785.0
2018,p70p71,70.0,71.0,249854.8,0.0086,245477.7
2018,p71p72,71.0,72.0,259541.7,0.0089,254698.3
2018,p72p73,72.0,73.0,269438.3,0.0093,264490.0
2018,p73p74,73.0,74.0,280794.7,0.0097,275116.5
2018,p74p75,74.0,75.0,293984.4,0.0101,287389.6
2018,p75p76,75.0,76.0,306118.1,0.0105,300051.2
2018,p76p77,76.0,77.0,317275.7,0.0109,311696.9
2018,p77p78,77.0,78.0,328534.1,0.0113,322904.9
2018,p78p79,78.0,79.0,340499.4,0.0117,334516.8
2018,p79p80,79.0,80.0,354526.5,0.0122,347513.0
2018,p80p81,80.0,81.0,367761.7,0.0127,361144.1
2018,p81p82,81.0,82.0,383023.2,0.0132,375392.4
2018,p82p83,82.0,83.0,400200.5,0.0138,391611.9
2018,p83p84,83.0,84.0,421588.0,0.0145,410894.3
2018,p84p85,84.0,85.0,440828.1,0.0152,431208.1
2018,p85p86,85.0,86.0,461304.5,0.0159,451066.3
2018,p86p87,86.0,87.0,487434.5,0.0168,474369.5
2018,p87p88,87.0,88.0,517947.1,0.0178,502690.8
2018,p88p89,88.0,89.0,549337.5,0.0189,533642.3
2018,p89p90,89.0,90.0,582299.8,0.0201,565818.7000000001
2018,p90p91,90.0,91.0,619173.7000000001,0.0213,600736.8
2018,p91p92,91.0,92.0,665808.6000000001,0.0229,642491.2000000001
2018,p92p93,92.0,93.0,720850.8,0.0248,693329.7000000001
2018,p93p94,93.0,94.0,789652.9,0.0272,755251.9
2018,p94p95,94.0,95.0,863385.3,0.0298,843481.3
2018,p95p96,95.0,96.0,941700.4,0.0324,902542.8
2018,p96p97,96.0,97.0,1077233.5,0.0371,958886.9
2018,p97p98,97.0,98.0,1242965.0,0.0428,1101971.8
2018,p98p99,98.0,99.0,1893487.7,0.0652,1489649.4
2018,p99p99.1,99.0,99.1,2676632.8,0.0092,2170565.8
2018,p99.1p99.2,99.1,99.2,2972699.9,0.0102,2683134.8
2018,p99.2p99.3,99.2,99.3,3310224.2,0.0114,2984057.3
2018,p99.3p99.4,99.3,99.4,3691791.1,0.0127,3325587.5
2018,p99.4p99.5,99.4,99.5,4128587.8,0.0142,3714267.0
2018,p99.5p99.6,99.5,99.6,4648166.8,0.016,4168495.0
2018,p99.6p99.7,99.6,99.7,5322669.7,0.0183,4735620.5
2018,p99.7p99.8,99.7,99.8,6363851.5,0.0219,5550480.5
2018,p99.8p99.9,99.8,99.9,8516706.0,0.0293,7067479.0
2018,p99.9p99.91,99.9,99.91,10845200.9,0.0037,9680953.4
2018,p99.91p99.92,99.91,99.92,11583838.0,0.004,11214519.5
2018,p99.92p99.93,99.92,99.93,12514391.3,0.0043,12055097.2
2018,p99.93p99.94,99.93,99.94,13742701.7,0.0047,13128546.5
2018,p99.94p99.95,99.94,99.95,15456650.4,0.0053,13868150.0
2018,p99.95p99.96,99.95,99.96,18007669.5,0.0062,15893785.0
2018,p99.96p99.97,99.96,99.97,22111791.1,0.0076,19054624.0
2018,p99.97p99.98,99.97,99.98,29430365.0,0.0101,24479802.0
2018,p99.98p99.99,99.98,99.99,44510251.1,0.0153,35117888.0
2018,p99.99p99.991,99.99,99.991,59827085.7,0.0021,52168668.40000001
2018,p99.991p99.992,99.991,99.992,64478713.40000001,0.0022,62152899.6
2018,p99.992p99.993,99.992,99.993,70090961.2,0.0024,67193851.10000001
2018,p99.993p99.994,99.993,99.994,77013501.3,0.0027,73552231.2
2018,p99.994p99.995,99.994,99.995,85792665.2,0.003,77324328.0
2018,p99.995p99.996,99.995,99.996,97356779.7,0.0034,86986312.0
2018,p99.996p99.997,99.996,99.997,113803286.2,0.0039,100289880.0
2018,p99.997p99.998,99.997,99.998,140167073.1,0.0048,120622504.0
2018,p99.998p99.999,99.998,99.999,192986680.1,0.0066,158230432.0
2018,p99.999p100,99.999,100.0,1418149941.6,0.0489,765204800.0
2019,p0p1,0.0,1.0,-37882.6,-0.0012,-75765.1
2019,p1p2,1.0,2.0,-17632.1,-0.0006,-26334.9
2019,p2p3,2.0,3.0,-12678.2,-0.0004,-14378.5
2019,p3p4,3.0,4.0,-9547.7,-0.0003,-10543.5
2019,p4p5,4.0,5.0,-6738.6,-0.0002,-7725.8
2019,p5p6,5.0,6.0,-4919.900000000001,-0.0002,-5530.5
2019,p6p7,6.0,7.0,-3301.8,-0.0001,-3900.2
2019,p7p8,7.0,8.0,-1914.4,-0.0001,-2474.4
2019,p8p9,8.0,9.0,-728.9000000000001,0.0,-1253.9
2019,p9p10,9.0,10.0,-26.9,0.0,-358.5
2019,p10p11,10.0,11.0,-1.3,0.0,-13.4
2019,p11p12,11.0,12.0,-1.3,0.0,-1.3
2019,p12p13,12.0,13.0,-0.5,0.0,-0.8
2019,p13p14,13.0,14.0,0.3,0.0,-0.1
2019,p14p15,14.0,15.0,0.9,0.0,0.6000000000000001
2019,p15p16,15.0,16.0,3.0,0.0,1.9
2019,p16p17,16.0,17.0,33.0,0.0,17.1
2019,p17p18,17.0,18.0,229.9,0.0,124.7
2019,p18p19,18.0,19.0,595.9,0.0,391.7
2019,p19p20,19.0,20.0,1160.2,0.0,833.0
2019,p20p21,20.0,21.0,2121.8,0.0001,1556.9
2019,p21p22,21.0,22.0,3297.9,0.0001,2571.0
2019,p22p23,22.0,23.0,4483.7,0.0001,3691.4
2019,p23p24,23.0,24.0,5609.0,0.0002,4787.7
2019,p24p25,24.0,25.0,6824.900000000001,0.0002,5898.400000000001
2019,p25p26,25.0,26.0,8199.1,0.0003,7127.1
2019,p26p27,26.0,27.0,9876.6,0.0003,8574.7
2019,p27p28,27.0,28.0,11375.2,0.0004,10081.4
2019,p28p29,28.0,29.0,13237.0,0.0004,11675.5
2019,p29p30,29.0,30.0,15395.4,0.0005,13582.6
2019,p30p31,30.0,31.0,17683.7,0.0006,15692.0
2019,p31p32,31.0,32.0,20180.7,0.0007,17962.1
2019,p32p33,32.0,33.0,22771.7,0.0007,20375.7
2019,p33p34,33.0,34.0,25443.7,0.0008,22872.3
2019,p34p35,34.0,35.0,28653.1,0.0009,25662.3
2019,p35p36,35.0,36.0,31758.0,0.001,28657.7
2019,p36p37,36.0,37.0,35327.2,0.0012,33542.6
2019,p37p38,37.0,38.0,39042.4,0.0013,37184.8
2019,p38p39,38.0,39.0,43143.10000000001,0.0014,41092.7
2019,p39p40,39.0,40.0,47118.4,0.0015,45130.8
2019,p40p41,40.0,41.0,51274.8,0.0017,49196.60000000001
2019,p41p42,41.0,42.0,55869.60000000001,0.0018,53572.2
2019,p42p43,42.0,43.0,60674.7,0.002,58272.10000000001
2019,p43p44,43.0,44.0,65903.3,0.0021,63289.0
2019,p44p45,44.0,45.0,71565.2,0.0023,68734.2
2019,p45p46,45.0,46.0,77299.8,0.0025,74432.5
2019,p46p47,46.0,47.0,83215.40000000001,0.0027,80257.6
2019,p47p48,47.0,48.0,89952.3,0.0029,86583.90000000001
2019,p48p49,48.0,49.0,95843.0,0.0031,92897.70000000001
2019,p49p50,49.0,50.0,102061.9,0.0033,98952.5
2019,p50p51,50.0,51.0,108647.7,0.0035,105354.8
2019,p51p52,51.0,52.0,115040.2,0.0038,111843.9
2019,p52p53,52.0,53.0,121063.0,0.0039,118051.6
2019,p53p54,53.0,54.0,127185.6,0.0041,124124.3
2019,p54p55,54.0,55.0,133668.4,0.0044,130427.0
2019,p55p56,55.0,56.0,141515.0,0.0046,137591.7
2019,p56p57,56.0,57.0,149243.4,0.0049,145379.2
2019,p57p58,57.0,58.0,156401.5,0.0051,152822.5
2019,p58p59,58.0,59.0,163593.9,0.0053,159997.7
2019,p59p60,59.0,60.0,171200.9,0.0056,167397.4
2019,p60p61,60.0,61.0,178965.9,0.0058,175083.4
2019,p61p62,61.0,62.0,186569.8,0.0061,182767.9
2019,p62p63,62.0,63.0,194055.2,0.0063,190312.5
2019,p63p64,63.0,64.0,202040.3,0.0066,198047.7
2019,p64p65,64.0,65.0,211283.5,0.0069,206661.9
2019,p65p66,65.0,66.0,221492.8,0.0072,216388.2
2019,p66p67,66.0,67.0,230773.1,0.0075,226133.0
2019,p67p68,67.0,68.0,238729.2,0.0078,234751.2
2019,p68p69,68.0,69.0,247378.5,0.0081,243053.9
2019,p69p70,69.0,70.0,256566.1,0.0084,251972.3
2019,p70p71,70.0,71.0,265883.0,0.0087,261224.5
2019,p71p72,71.0,72.0,276191.2,0.009,271037.1
2019,p72p73,72.0,73.0,286723.7,0.0093,281457.4
2019,p73p74,73.0,74.0,298809.7,0.0097,292766.7
2019,p74p75,74.0,75.0,312847.5,0.0102,305828.6
2019,p75p76,75.0,76.0,325760.9,0.0106,319304.2
2019,p76p77,76.0,77.0,337637.0,0.011,331699.0
2019,p77p78,77.0,78.0,349623.4,0.0114,343630.2
2019,p78p79,78.0,79.0,362361.8,0.0118,355992.6
2019,p79p80,79.0,80.0,377293.4,0.0123,369827.6
2019,p80p81,80.0,81.0,391382.3,0.0128,384337.8
2019,p81p82,81.0,82.0,407629.6,0.0133,399506.0
2019,p82p83,82.0,83.0,425917.1,0.0139,416773.4
2019,p83p84,83.0,84.0,448687.1,0.0146,437302.1
2019,p84p85,84.0,85.0,469170.3,0.0153,458928.7
2019,p85p86,85.0,86.0,490970.5,0.016,480070.4
2019,p86p87,86.0,87.0,518788.2,0.0169,504879.4
2019,p87p88,87.0,88.0,551270.8,0.018,535029.5
2019,p88p89,88.0,89.0,584684.0,0.0191,567977.4
2019,p89p90,89.0,90.0,619772.0,0.0202,602228.0
2019,p90p91,90.0,91.0,659040.0,0.0215,639406.0
2019,p91p92,91.0,92.0,708703.7000000001,0.0231,683871.8
2019,p92p93,92.0,93.0,767320.9,0.025,738012.3
2019,p93p94,93.0,94.0,840598.9,0.0274,803959.9
2019,p94p95,94.0,95.0,919127.2000000001,0.03,896884.5
2019,p95p96,95.0,96.0,1002548.7,0.0327,960837.9
2019,p96p97,96.0,97.0,1146906.8,0.0374,1019653.8
2019,p97p98,97.0,98.0,1323449.5,0.0431,1171882.0
2019,p98p99,98.0,99.0,2016259.5,0.0657,1584283.6
2019,p99p99.1,99.0,99.1,2850279.6,0.0093,2308577.8
2019,p99.1p99.2,99.1,99.2,3165598.0,0.0103,2853798.3
2019,p99.2p99.3,99.2,99.3,3525088.1,0.0115,3173912.5
2019,p99.3p99.4,99.3,99.4,3931535.8,0.0128,3537256.3
2019,p99.4p99.5,99.4,99.5,4396847.4,0.0143,3950799.5
2019,p99.5p99.6,99.5,99.6,4950376.9,0.0161,4434115.0
2019,p99.6p99.7,99.6,99.7,5668992.0,0.0185,5037592.0
2019,p99.7p99.8,99.7,99.8,6778314.100000001,0.0221,5904725.0
2019,p99.8p99.9,99.8,99.9,9072159.4,0.0296,7519111.5
2019,p99.9p99.91,99.9,99.91,11552987.4,0.0038,10312573.4
2019,p99.91p99.92,99.91,99.92,12339962.9,0.004,11946475.2
2019,p99.92p99.93,99.92,99.93,13331647.0,0.0043,12826834.7
2019,p99.93p99.94,99.93,99.94,14640038.8,0.0048,13985842.9
2019,p99.94p99.95,99.94,99.95,16467465.1,0.0054,14756707.0
2019,p99.95p99.96,99.95,99.96,19185862.2,0.0063,16913144.0
2019,p99.96p99.97,99.96,99.97,23559559.7,0.0077,20277476.0
2019,p99.97p99.98,99.97,99.98,31359706.8,0.0102,26052478.0
2019,p99.98p99.99,99.98,99.99,47431933.1,0.0155,37377000.0
2019,p99.99p99.991,99.99,99.991,63758625.8,0.0021,55595279.5
2019,p99.991p99.992,99.991,99.992,68716158.5,0.0022,68672020.3
2019,p99.992p99.993,99.992,99.993,74678905.7,0.0024,71517022.2
2019,p99.993p99.994,99.993,99.994,82078087.60000001,0.0027,78378496.60000001
2019,p99.994p99.995,99.994,99.995,91437236.9,0.003,82311808.0
2019,p99.995p99.996,99.995,99.996,103763990.5,0.0034,92599112.0
2019,p99.996p99.997,99.996,99.997,121297609.5,0.004,106764208.0
2019,p99.997p99.998,99.997,99.998,149352079.7,0.0049,128390184.0
2019,p99.998p99.999,99.998,99.999,205718916.7,0.0067,168437776.0
2019,p99.999p100,99.999,100.0,1286135245.2,0.0419,707702400.0
2020,p0p1,0.0,1.0,-40209.9,-0.0012,-80419.90000000001
2020,p1p2,1.0,2.0,-18717.9,-0.0006,-27977.9
2020,p2p3,2.0,3.0,-13459.7,-0.0004,-15277.4
2020,p3p4,3.0,4.0,-10136.7,-0.0003,-11203.2
2020,p4p5,4.0,5.0,-7154.5,-0.0002,-8209.6
2020,p5p6,5.0,6.0,-5223.8,-0.0002,-5877.0
2020,p6p7,6.0,7.0,-3505.9,-0.0001,-4144.7
2020,p7p8,7.0,8.0,-2033.1,-0.0001,-2629.8
2020,p8p9,8.0,9.0,-774.4000000000001,0.0,-1332.9
2020,p9p10,9.0,10.0,-29.0,0.0,-381.5
2020,p10p11,10.0,11.0,-0.7000000000000001,0.0,-14.1
2020,p11p12,11.0,12.0,-0.5,0.0,-0.6000000000000001
2020,p12p13,12.0,13.0,0.0,0.0,-0.3
2020,p13p14,13.0,14.0,1.2,0.0,0.4
2020,p14p15,14.0,15.0,1.2,0.0,1.2
2020,p15p16,15.0,16.0,3.0,0.0,2.0
2020,p16p17,16.0,17.0,36.1,0.0,18.5
2020,p17p18,17.0,18.0,245.1,0.0,133.5
2020,p18p19,18.0,19.0,633.7,0.0,417.2
2020,p19p20,19.0,20.0,1232.8,0.0,886.2
2020,p20p21,20.0,21.0,2253.7,0.0001,1655.3
2020,p21p22,21.0,22.0,3502.2,0.0001,2732.8
2020,p22p23,22.0,23.0,4761.0,0.0001,3923.2
2020,p23p24,23.0,24.0,5955.700000000001,0.0002,5088.1
2020,p24p25,24.0,25.0,7246.5,0.0002,6268.200000000001
2020,p25p26,25.0,26.0,8705.300000000001,0.0003,7573.700000000001
2020,p26p27,26.0,27.0,10486.1,0.0003,9111.7
2020,p27p28,27.0,28.0,12077.0,0.0004,10712.5
2020,p28p29,28.0,29.0,14053.4,0.0004,12406.2
2020,p29p30,29.0,30.0,16344.5,0.0005,14432.4
2020,p30p31,30.0,31.0,18773.9,0.0006,16673.6
2020,p31p32,31.0,32.0,21424.7,0.0007,19085.6
2020,p32p33,32.0,33.0,24175.2,0.0007,21650.0
2020,p33p34,33.0,34.0,27011.7,0.0008,24302.6
2020,p34p35,34.0,35.0,30418.8,0.0009,27266.9
2020,p35p36,35.0,36.0,33714.7,0.001,30449.4
2020,p36p37,36.0,37.0,37503.7,0.0012,35609.2
2020,p37p38,37.0,38.0,41447.5,0.0013,39475.60000000001
2020,p38p39,38.0,39.0,45800.60000000001,0.0014,43624.10000000001
2020,p39p40,39.0,40.0,50020.60000000001,0.0015,47910.60000000001
2020,p40p41,40.0,41.0,54432.8,0.0017,52226.7
2020,p41p42,41.0,42.0,59310.4,0.0018,56871.60000000001
2020,p42p43,42.0,43.0,64411.2,0.002,61860.8
2020,p43p44,43.0,44.0,69961.6,0.0022,67186.40000000001
2020,p44p45,44.0,45.0,75972.0,0.0023,72966.8
2020,p45p46,45.0,46.0,82059.6,0.0025,79015.8
2020,p46p47,46.0,47.0,88339.40000000001,0.0027,85199.5
2020,p47p48,47.0,48.0,95491.20000000001,0.003,91915.3
2020,p48p49,48.0,49.0,101744.7,0.0031,98618.0
2020,p49p50,49.0,50.0,108346.4,0.0033,105045.5
2020,p50p51,50.0,51.0,115337.7,0.0036,111842.0
2020,p51p52,51.0,52.0,122123.7,0.0038,118730.7
2020,p52p53,52.0,53.0,128517.2,0.004,125320.5
2020,p53p54,53.0,54.0,135016.8,0.0042,131767.0
2020,p54p55,54.0,55.0,141898.7,0.0044,138457.7
2020,p55p56,55.0,56.0,150228.4,0.0046,146063.6
2020,p56p57,56.0,57.0,158432.6,0.0049,154330.5
2020,p57p58,57.0,58.0,166030.7,0.0051,162231.6
2020,p58p59,58.0,59.0,173665.4,0.0054,169848.0
2020,p59p60,59.0,60.0,181742.0,0.0056,177703.7
2020,p60p61,60.0,61.0,189985.1,0.0059,185863.6
2020,p61p62,61.0,62.0,198057.3,0.0061,194021.2
2020,p62p63,62.0,63.0,206003.6,0.0064,202030.5
2020,p63p64,63.0,64.0,214480.4,0.0066,210242.0
2020,p64p65,64.0,65.0,224292.7,0.0069,219386.6
2020,p65p66,65.0,66.0,235130.5,0.0073,229711.6
2020,p66p67,66.0,67.0,244982.0,0.0076,240056.3
2020,p67p68,67.0,68.0,253428.0,0.0078,249205.0
2020,p68p69,68.0,69.0,262609.4,0.0081,258018.7
2020,p69p70,69.0,70.0,272362.4,0.0084,267485.9
2020,p70p71,70.0,71.0,282252.8,0.0087,277307.6
2020,p71p72,71.0,72.0,293195.7,0.0091,287724.3
2020,p72p73,72.0,73.0,304376.5,0.0094,298786.1
2020,p73p74,73.0,74.0,317206.5,0.0098,310791.5
2020,p74p75,74.0,75.0,332108.3,0.0103,324657.4
2020,p75p76,75.0,76.0,345816.7,0.0107,338962.5
2020,p76p77,76.0,77.0,358423.6,0.0111,352120.1
2020,p77p78,77.0,78.0,371147.3,0.0115,364785.4
2020,p78p79,78.0,79.0,384669.3,0.0119,377908.3
2020,p79p80,79.0,80.0,400519.7,0.0124,392594.5
2020,p80p81,80.0,81.0,415475.4,0.0128,407997.5
2020,p81p82,81.0,82.0,432722.2,0.0134,424098.8
2020,p82p83,82.0,83.0,452134.7,0.014,442428.5
2020,p83p84,83.0,84.0,476305.3,0.0147,464220.0
2020,p84p85,84.0,85.0,498048.6,0.0154,487176.9
2020,p85p86,85.0,86.0,521189.7,0.0161,509619.1
2020,p86p87,86.0,87.0,550718.8,0.017,535954.3
2020,p87p88,87.0,88.0,585199.8,0.0181,567959.3
2020,p88p89,88.0,89.0,620669.1,0.0192,602934.4
2020,p89p90,89.0,90.0,657916.1000000001,0.0203,639292.6000000001
2020,p90p91,90.0,91.0,699598.3,0.0216,678757.2000000001
2020,p91p92,91.0,92.0,752315.2000000001,0.0232,725956.7000000001
2020,p92p93,92.0,93.0,814536.1000000001,0.0252,783425.6000000001
2020,p93p94,93.0,94.0,892318.4,0.0276,853427.2000000001
2020,p94p95,94.0,95.0,975673.7000000001,0.0301,952870.7000000001
2020,p95p96,95.0,96.0,1064221.6,0.0329,1019947.6
2020,p96p97,96.0,97.0,1217452.0,0.0376,1083296.9
2020,p97p98,97.0,98.0,1404842.8,0.0434,1245017.6
2020,p98p99,98.0,99.0,2140241.7,0.0661,1683141.3
2020,p99p99.1,99.0,99.1,3025535.4,0.0093,2452616.5
2020,p99.1p99.2,99.1,99.2,3360236.7,0.0104,3031847.8
2020,p99.2p99.3,99.2,99.3,3741822.5,0.0116,3371927.8
2020,p99.3p99.4,99.3,99.4,4173246.7,0.0129,3757930.0
2020,p99.4p99.5,99.4,99.5,4667148.3,0.0144,4197258.0
2020,p99.5p99.6,99.5,99.6,5254683.600000001,0.0162,4710704.5
2020,p99.6p99.7,99.6,99.7,6017442.7,0.0186,5351799.5
2020,p99.7p99.8,99.7,99.8,7194904.0,0.0222,6272980.5
2020,p99.8p99.9,99.8,99.9,9629634.6,0.0298,7987983.0
2020,p99.9p99.91,99.9,99.91,12262851.0,0.0038,10946242.8
2020,p99.91p99.92,99.91,99.92,13098166.4,0.004,12680508.7
2020,p99.92p99.93,99.92,99.93,14150735.2,0.0044,13626517.2
2020,p99.93p99.94,99.93,99.94,15539530.8,0.0048,14845133.0
2020,p99.94p99.95,99.94,99.95,17479049.8,0.0054,15676618.0
2020,p99.95p99.96,99.95,99.96,20364370.0,0.0063,17967364.0
2020,p99.96p99.97,99.96,99.97,25006602.4,0.0077,21541308.0
2020,p99.97p99.98,99.97,99.98,33285556.3,0.0103,27676050.0
2020,p99.98p99.99,99.98,99.99,50344355.6,0.0156,39705952.0
2020,p99.99p99.991,99.99,99.991,67673019.5,0.0021,59008687.6
2020,p99.991p99.992,99.991,99.992,72934892.7,0.0023,70303956.10000001
2020,p99.992p99.993,99.992,99.993,79265876.3,0.0024,75973164.3
2020,p99.993p99.994,99.993,99.994,87116755.5,0.0027,83191315.9
2020,p99.994p99.995,99.994,99.995,97050134.0,0.003,87439072.0
2020,p99.995p99.996,99.995,99.996,110133361.9,0.0034,98366936.0
2020,p99.996p99.997,99.996,99.997,128742695.5,0.004,113413984.0
2020,p99.997p99.998,99.997,99.998,158524474.0,0.0049,136389200.0
2020,p99.998p99.999,99.998,99.999,218342886.4,0.0067,178929728.0
2020,p99.999p100,99.999,100.0,1172583686.3,0.0362,660386496.0
2021,p0p1,0.0,1.0,-41891.8,-0.0012,-83783.6
2021,p1p2,1.0,2.0,-19507.6,-0.0006,-29175.9
2021,p2p3,2.0,3.0,-14029.7,-0.0004,-15936.3
2021,p3p4,3.0,4.0,-10567.0,-0.0003,-11687.9
2021,p4p5,4.0,5.0,-7458.900000000001,-0.0002,-8565.6
2021,p5p6,5.0,6.0,-5446.6,-0.0002,-6132.5
2021,p6p7,6.0,7.0,-3656.0,-0.0001,-4325.400000000001
2021,p7p8,7.0,8.0,-2120.8,-0.0001,-2745.1
2021,p8p9,8.0,9.0,-808.8000000000001,0.0,-1392.1
2021,p9p10,9.0,10.0,-31.5,0.0,-399.3
2021,p10p11,10.0,11.0,0.9,0.0,-14.5
2021,p11p12,11.0,12.0,1.2,0.0,1.0
2021,p12p13,12.0,13.0,1.6,0.0,1.3
2021,p13p14,13.0,14.0,1.7,0.0,1.6
2021,p14p15,14.0,15.0,2.8,0.0,2.1
2021,p15p16,15.0,16.0,3.6,0.0,3.0
2021,p16p17,16.0,17.0,40.2,0.0,20.8
2021,p17p18,17.0,18.0,258.3,0.0,141.8
2021,p18p19,18.0,19.0,663.3000000000001,0.0,437.9
2021,p19p20,19.0,20.0,1287.8,0.0,927.2
2021,p20p21,20.0,21.0,2351.9,0.0001,1729.5
2021,p21p22,21.0,22.0,3653.1,0.0001,2853.5
2021,p22p23,22.0,23.0,4965.1,0.0001,4095.2
2021,p23p24,23.0,24.0,6210.3,0.0002,5310.3
2021,p24p25,24.0,25.0,7555.6,0.0002,6541.3
2021,p25p26,25.0,26.0,9076.0,0.0003,7903.1
2021,p26p27,26.0,27.0,10931.8,0.0003,9507.4
2021,p27p28,27.0,28.0,12589.8,0.0004,11177.0
2021,p28p29,28.0,29.0,14649.5,0.0004,12943.6
2021,p29p30,29.0,30.0,17036.7,0.0005,15056.7
2021,p30p31,30.0,31.0,19569.0,0.0006,17394.3
2021,p31p32,31.0,32.0,22331.6,0.0007,19910.4
2021,p32p33,32.0,33.0,25198.0,0.0007,22585.2
2021,p33p34,33.0,34.0,28154.2,0.0008,25352.0
2021,p34p35,34.0,35.0,31704.7,0.0009,28443.9
2021,p35p36,35.0,36.0,35139.6,0.001,31763.2
2021,p36p37,36.0,37.0,39088.1,0.0012,35271.6
2021,p37p38,37.0,38.0,43198.0,0.0013,39100.9
2021,p38p39,38.0,39.0,47734.4,0.0014,45466.2
2021,p39p40,39.0,40.0,52132.0,0.0015,49933.2
2021,p40p41,40.0,41.0,56730.0,0.0017,54431.0
2021,p41p42,41.0,42.0,61813.0,0.0018,59271.5
2021,p42p43,42.0,43.0,67128.5,0.002,64470.8
2021,p43p44,43.0,44.0,72912.5,0.0021,70020.5
2021,p44p45,44.0,45.0,79175.90000000001,0.0023,76044.2
2021,p45p46,45.0,46.0,85520.0,0.0025,82347.90000000001
2021,p46p47,46.0,47.0,92064.6,0.0027,88792.3
2021,p47p48,47.0,48.0,99517.90000000001,0.0029,95791.20000000001
2021,p48p49,48.0,49.0,106035.0,0.0031,102776.5
2021,p49p50,49.0,50.0,112915.1,0.0033,109475.1
2021,p50p51,50.0,51.0,120200.9,0.0035,116558.0
2021,p51p52,51.0,52.0,127272.8,0.0038,123736.8
2021,p52p53,52.0,53.0,133935.7,0.0039,130604.3
2021,p53p54,53.0,54.0,140709.1,0.0041,137322.4
2021,p54p55,54.0,55.0,147881.1,0.0044,144295.1
2021,p55p56,55.0,56.0,156561.7,0.0046,152221.4
2021,p56p57,56.0,57.0,165111.7,0.0049,160836.7
2021,p57p58,57.0,58.0,173028.3,0.0051,169070.0
2021,p58p59,58.0,59.0,180983.3,0.0053,177005.8
2021,p59p60,59.0,60.0,189403.5,0.0056,185193.4
2021,p60p61,60.0,61.0,197994.3,0.0058,193698.9
2021,p61p62,61.0,62.0,206406.9,0.0061,202200.6
2021,p62p63,62.0,63.0,214688.6,0.0063,210547.8
2021,p63p64,63.0,64.0,223522.8,0.0066,219105.7
2021,p64p65,64.0,65.0,233748.7,0.0069,228635.8
2021,p65p66,65.0,66.0,245043.0,0.0072,239395.9
2021,p66p67,66.0,67.0,255309.4,0.0075,250176.2
2021,p67p68,67.0,68.0,264111.1,0.0078,259710.3
2021,p68p69,68.0,69.0,273678.9,0.0081,268895.0
2021,p69p70,69.0,70.0,283842.1,0.0084,278760.5
2021,p70p71,70.0,71.0,294149.1,0.0087,288995.6
2021,p71p72,71.0,72.0,305553.2,0.009,299851.1
2021,p72p73,72.0,73.0,317204.9,0.0093,311379.0
2021,p73p74,73.0,74.0,330575.3,0.0097,323890.1
2021,p74p75,74.0,75.0,346104.6,0.0102,338340.0
2021,p75p76,75.0,76.0,360390.3,0.0106,353247.5
2021,p76p77,76.0,77.0,373527.8,0.011,366959.0
2021,p77p78,77.0,78.0,386785.9,0.0114,380156.9
2021,p78p79,78.0,79.0,400876.2,0.0118,393831.0
2021,p79p80,79.0,80.0,417393.2,0.0123,409134.7
2021,p80p81,80.0,81.0,432977.8,0.0128,425185.5
2021,p81p82,81.0,82.0,450949.5,0.0133,441963.7
2021,p82p83,82.0,83.0,471177.6,0.0139,461063.5
2021,p83p84,83.0,84.0,496363.7,0.0146,483770.6
2021,p84p85,84.0,85.0,519020.7,0.0153,507692.2
2021,p85p86,85.0,86.0,543134.0,0.016,531077.4
2021,p86p87,86.0,87.0,573904.1,0.0169,558519.1
2021,p87p88,87.0,88.0,609834.5,0.018,591869.3
2021,p88p89,88.0,89.0,646795.9,0.0191,628315.2000000001
2021,p89p90,89.0,90.0,685609.4,0.0202,666202.7000000001
2021,p90p91,90.0,91.0,729039.6000000001,0.0215,707324.5
2021,p91p92,91.0,92.0,783967.0,0.0231,756503.3
2021,p92p93,92.0,93.0,848796.8,0.025,816381.9
2021,p93p94,93.0,94.0,929838.2000000001,0.0274,889317.5
2021,p94p95,94.0,95.0,1016686.5,0.03,993318.5
2021,p95p96,95.0,96.0,1108941.0,0.0327,1062813.7
2021,p96p97,96.0,97.0,1268589.5,0.0374,1129758.9
2021,p97p98,97.0,98.0,1463823.3,0.0431,1298392.4
2021,p98p99,98.0,99.0,2230046.2,0.0657,1755259.0
2021,p99p99.1,99.0,99.1,3152457.1,0.0093,2557666.8
2021,p99.1p99.2,99.1,99.2,3501185.7,0.0103,3161689.0
2021,p99.2p99.3,99.2,99.3,3898758.2,0.0115,3516317.5
2021,p99.3p99.4,99.3,99.4,4348241.600000001,0.0128,3918823.0
2021,p99.4p99.5,99.4,99.5,4862807.7,0.0143,4376921.5
2021,p99.5p99.6,99.5,99.6,5474915.5,0.0161,4912296.5
2021,p99.6p99.7,99.6,99.7,6269563.5,0.0185,5580761.0
2021,p99.7p99.8,99.7,99.8,7496236.9,0.0221,6541256.0
2021,p99.8p99.9,99.8,99.9,10032697.0,0.0296,8329428.0
2021,p99.9p99.91,99.9,99.91,12775985.7,0.0038,11404341.3
2021,p99.91p99.92,99.91,99.92,13646213.2,0.004,13211099.4
2021,p99.92p99.93,99.92,99.93,14742703.4,0.0043,14208552.9
2021,p99.93p99.94,99.93,99.94,16189636.2,0.0048,15466169.8
2021,p99.94p99.95,99.94,99.95,18209815.6,0.0054,16345988.0
2021,p99.95p99.96,99.95,99.96,21215597.2,0.0063,18734232.0
2021,p99.96p99.97,99.96,99.97,26051549.9,0.0077,22460482.0
2021,p99.97p99.98,99.97,99.98,34675719.5,0.0102,28856484.0
2021,p99.98p99.99,99.98,99.99,52445822.1,0.0155,41398560.0
2021,p99.99p99.991,99.99,99.991,70496442.5,0.0021,61471132.3
2021,p99.991p99.992,99.991,99.992,75977775.8,0.0022,73237109.10000001
2021,p99.992p99.993,99.992,99.993,82578534.30000001,0.0024,79211586.5
2021,p99.993p99.994,99.993,99.994,90750286.30000001,0.0027,86664410.30000001
2021,p99.994p99.995,99.994,99.995,101097165.0,0.003,91162392.0
2021,p99.995p99.996,99.995,99.996,114725411.6,0.0034,102554928.0
2021,p99.996p99.997,99.996,99.997,134109206.4,0.004,118241648.0
2021,p99.997p99.998,99.997,99.998,165146386.0,0.0049,142200768.0
2021,p99.998p99.999,99.998,99.999,227437101.8,0.0067,186548464.0
2021,p99.999p100,99.999,100.0,1426637860.5,0.042,785986048.0
2022,p0p1,0.0,1.0,-42472.8,-0.0012,-84945.70000000001
2022,p1p2,1.0,2.0,-19704.6,-0.0006,-29707.1
2022,p2p3,2.0,3.0,-14148.8,-0.0004,-16174.5
2022,p3p4,3.0,4.0,-10645.5,-0.0003,-11846.2
2022,p4p5,4.0,5.0,-7506.8,-0.0002,-8672.800000000001
2022,p5p6,5.0,6.0,-5476.3,-0.0002,-6203.0
2022,p6p7,6.0,7.0,-3669.3,-0.0001,-4369.6
2022,p7p8,7.0,8.0,-2121.0,-0.0001,-2766.5
2022,p8p9,8.0,9.0,-798.7,0.0,-1395.0
2022,p9p10,9.0,10.0,-21.7,0.0,-392.0
2022,p10p11,10.0,11.0,-21.0,0.0,-21.4
2022,p11p12,11.0,12.0,-18.2,0.0,-18.7
2022,p12p13,12.0,13.0,-17.4,0.0,-17.8
2022,p13p14,13.0,14.0,-11.6,0.0,-13.9
2022,p14p15,14.0,15.0,-3.7,0.0,-7.300000000000001
2022,p15p16,15.0,16.0,6.9,0.0,1.6
2022,p16p17,16.0,17.0,12.6,0.0,9.4
2022,p17p18,17.0,18.0,230.9,0.0,116.4
2022,p18p19,18.0,19.0,638.7,0.0,415.5
2022,p19p20,19.0,20.0,1268.3,0.0,911.1
2022,p20p21,20.0,21.0,2342.1,0.0001,1725.0
2022,p21p22,21.0,22.0,3656.2,0.0001,2865.8
2022,p22p23,22.0,23.0,4980.6,0.0001,4126.5
2022,p23p24,23.0,24.0,6237.8,0.0002,5359.900000000001
2022,p24p25,24.0,25.0,7595.8,0.0002,6609.400000000001
2022,p25p26,25.0,26.0,9131.0,0.0003,7991.700000000001
2022,p26p27,26.0,27.0,11006.8,0.0003,9621.5
2022,p27p28,27.0,28.0,12681.4,0.0004,11317.8
2022,p28p29,28.0,29.0,14763.5,0.0004,13112.6
2022,p29p30,29.0,30.0,17180.9,0.0005,15262.4
2022,p30p31,30.0,31.0,19734.4,0.0006,17637.4
2022,p31p32,31.0,32.0,22525.2,0.0007,20190.7
2022,p32p33,32.0,33.0,25421.3,0.0007,22907.8
2022,p33p34,33.0,34.0,28407.9,0.0008,25718.5
2022,p34p35,34.0,35.0,31996.6,0.0009,28860.1
2022,p35p36,35.0,36.0,35468.4,0.001,32233.4
2022,p36p37,36.0,37.0,39459.60000000001,0.0012,35799.1
2022,p37p38,37.0,38.0,43614.4,0.0013,39691.10000000001
2022,p38p39,38.0,39.0,48200.7,0.0014,45907.60000000001
2022,p39p40,39.0,40.0,52646.9,0.0015,50423.8
2022,p40p41,40.0,41.0,57295.9,0.0017,54971.4
2022,p41p42,41.0,42.0,62434.5,0.0018,59865.2
2022,p42p43,42.0,43.0,67808.6,0.002,65121.60000000001
2022,p43p44,43.0,44.0,73657.2,0.0022,70732.90000000001
2022,p44p45,44.0,45.0,79990.1,0.0023,76823.7
2022,p45p46,45.0,46.0,86402.5,0.0025,83196.3
2022,p46p47,46.0,47.0,93015.1,0.0027,89708.8
2022,p47p48,47.0,48.0,100546.1,0.0029,96780.6
2022,p48p49,48.0,49.0,107130.2,0.0031,103838.2
2022,p49p50,49.0,50.0,114082.3,0.0033,110606.3
2022,p50p51,50.0,51.0,121446.1,0.0035,117764.2
2022,p51p52,51.0,52.0,128593.9,0.0038,125020.0
2022,p52p53,52.0,53.0,135327.9,0.004,131960.9
2022,p53p54,53.0,54.0,142173.9,0.0042,138750.9
2022,p54p55,54.0,55.0,149421.8,0.0044,145797.8
2022,p55p56,55.0,56.0,158195.1,0.0046,153808.4
2022,p56p57,56.0,57.0,166835.7,0.0049,162515.4
2022,p57p58,57.0,58.0,174854.0,0.0051,170844.9
2022,p58p59,58.0,59.0,182908.7,0.0053,178881.3
2022,p59p60,59.0,60.0,191383.3,0.0056,187146.0
2022,p60p61,60.0,61.0,200062.3,0.0058,195722.8
2022,p61p62,61.0,62.0,208561.0,0.0061,204311.7
2022,p62p63,62.0,63.0,216926.3,0.0063,212743.7
2022,p63p64,63.0,64.0,225851.5,0.0066,221388.9
2022,p64p65,64.0,65.0,236184.9,0.0069,231018.2
2022,p65p66,65.0,66.0,247601.7,0.0072,241893.3
2022,p66p67,66.0,67.0,257979.3,0.0075,252790.5
2022,p67p68,67.0,68.0,266876.1,0.0078,262427.7
2022,p68p69,68.0,69.0,276551.8,0.0081,271713.9
2022,p69p70,69.0,70.0,286831.6,0.0084,281691.7
2022,p70p71,70.0,71.0,297250.4,0.0087,292041.0
2022,p71p72,71.0,72.0,308774.8,0.009,303012.6
2022,p72p73,72.0,73.0,320552.7,0.0094,314663.8
2022,p73p74,73.0,74.0,334067.7,0.0098,327310.2
2022,p74p75,74.0,75.0,349767.5,0.0102,341917.6
2022,p75p76,75.0,76.0,364208.3,0.0106,356987.9
2022,p76p77,76.0,77.0,377493.0,0.011,370850.7
2022,p77p78,77.0,78.0,390910.2,0.0114,384201.6
2022,p78p79,78.0,79.0,405167.2,0.0118,398038.7
2022,p79p80,79.0,80.0,421873.9,0.0123,413520.5
2022,p80p81,80.0,81.0,437638.5,0.0128,429756.2
2022,p81p82,81.0,82.0,455822.0,0.0133,446730.3
2022,p82p83,82.0,83.0,476291.0,0.0139,466056.5
2022,p83p84,83.0,84.0,501776.9,0.0146,489034.0
2022,p84p85,84.0,85.0,524702.2000000001,0.0153,513239.5
2022,p85p86,85.0,86.0,549103.8,0.016,536903.0
2022,p86p87,86.0,87.0,580236.5,0.0169,564670.2000000001
2022,p87p88,87.0,88.0,616587.6,0.018,598412.0
2022,p88p89,88.0,89.0,653969.0,0.0191,635278.3
2022,p89p90,89.0,90.0,693229.0,0.0202,673599.0
2022,p90p91,90.0,91.0,737211.9,0.0215,715220.5
2022,p91p92,91.0,92.0,792841.4,0.0231,775354.1000000001
2022,p92p93,92.0,93.0,858500.7000000001,0.0251,825671.1000000001
2022,p93p94,93.0,94.0,940602.9,0.0275,859574.9
2022,p94p95,94.0,95.0,1028585.6,0.03,943561.0
2022,p95p96,95.0,96.0,1122086.4,0.0328,1075336.0
2022,p96p97,96.0,97.0,1283850.2,0.0375,1149507.3
2022,p97p98,97.0,98.0,1481737.1,0.0433,1321341.0
2022,p98p99,98.0,99.0,2257881.0,0.0659,1786713.1
2022,p99p99.1,99.0,99.1,3192122.0,0.0093,2603900.0
2022,p99.1p99.2,99.1,99.2,3545385.2,0.0104,3219043.3
2022,p99.2p99.3,99.2,99.3,3948188.8,0.0115,3580276.5
2022,p99.3p99.4,99.3,99.4,4403749.5,0.0129,3990385.5
2022,p99.4p99.5,99.4,99.5,4925382.0,0.0144,4457268.5
2022,p99.5p99.6,99.5,99.6,5546003.9,0.0162,5003014.0
2022,p99.6p99.7,99.6,99.7,6351832.7,0.0185,5684543.0
2022,p99.7p99.8,99.7,99.8,7595925.300000001,0.0222,6663953.5
2022,p99.8p99.9,99.8,99.9,10168733.6,0.0297,8487591.0
2022,p99.9p99.91,99.9,99.91,12950801.2,0.0038,12873188.5
2022,p99.91p99.92,99.91,99.92,13833385.8,0.004,13311748.3
2022,p99.92p99.93,99.92,99.93,14946221.2,0.0044,14389803.5
2022,p99.93p99.94,99.93,99.94,16412712.3,0.0048,14982658.0
2022,p99.94p99.95,99.94,99.95,18465923.7,0.0054,16664299.0
2022,p99.95p99.96,99.95,99.96,21515816.8,0.0063,19102458.0
2022,p99.96p99.97,99.96,99.97,26423716.7,0.0077,22904530.0
2022,p99.97p99.98,99.97,99.98,35179058.4,0.0103,29432546.0
2022,p99.98p99.99,99.98,99.99,53219612.6,0.0155,42235080.0
2022,p99.99p99.991,99.99,99.991,71551379.8,0.0021,71089393.3
2022,p99.991p99.992,99.991,99.992,77115496.0,0.0023,73974824.7
2022,p99.992p99.993,99.992,99.993,83754212.60000001,0.0024,80434854.3
2022,p99.993p99.994,99.993,99.994,92120404.2,0.0027,84029296.0
2022,p99.994p99.995,99.994,99.995,102632260.0,0.003,93048840.0
2022,p99.995p99.996,99.995,99.996,116473455.6,0.0034,104684232.0
2022,p99.996p99.997,99.996,99.997,136168304.3,0.004,120707072.0
2022,p99.997p99.998,99.997,99.998,167530902.3,0.0049,145101280.0
2022,p99.998p99.999,99.998,99.999,231006892.9,0.0067,190413216.0
2022,p99.999p100,99.999,100.0,1365559392.2,0.0399,762806720.0
2023,p0p1,0.0,1.0,-42135.10000000001,-0.0012,-84270.3
2023,p1p2,1.0,2.0,-19546.6,-0.0006,-28967.1
2023,p2p3,2.0,3.0,-14034.9,-0.0004,-15770.6
2023,p3p4,3.0,4.0,-10559.5,-0.0003,-11550.1
2023,p4p5,4.0,5.0,-7446.0,-0.0002,-8455.800000000001
2023,p5p6,5.0,6.0,-5431.900000000001,-0.0002,-6047.700000000001
2023,p6p7,6.0,7.0,-3639.5,-0.0001,-4260.1
2023,p7p8,7.0,8.0,-2103.6,-0.0001,-2697.0
2023,p8p9,8.0,9.0,-791.9000000000001,0.0,-1359.8
2023,p9p10,9.0,10.0,-22.0,0.0,-382.3
2023,p10p11,10.0,11.0,-21.3,0.0,-21.7
2023,p11p12,11.0,12.0,-17.8,0.0,-18.3
2023,p12p13,12.0,13.0,-17.6,0.0,-17.7
2023,p13p14,13.0,14.0,-11.7,0.0,-13.8
2023,p14p15,14.0,15.0,-3.7,0.0,-7.300000000000001
2023,p15p16,15.0,16.0,7.0,0.0,1.5
2023,p16p17,16.0,17.0,12.0,0.0,8.9
2023,p17p18,17.0,18.0,228.5,0.0,113.0
2023,p18p19,18.0,19.0,633.0,0.0,404.6
2023,p19p20,19.0,20.0,1257.5,0.0,887.8000000000001
2023,p20p21,20.0,21.0,2322.7,0.0001,1681.3
2023,p21p22,21.0,22.0,3626.2,0.0001,2793.7
2023,p22p23,22.0,23.0,4940.0,0.0001,4022.9
2023,p23p24,23.0,24.0,6187.1,0.0002,5225.5
2023,p24p25,24.0,25.0,7534.1,0.0002,6443.8
2023,p25p26,25.0,26.0,9057.1,0.0003,7791.6
2023,p26p27,26.0,27.0,10917.9,0.0003,9380.7
2023,p27p28,27.0,28.0,12579.0,0.0004,11034.7
2023,p28p29,28.0,29.0,14644.4,0.0004,12784.7
2023,p29p30,29.0,30.0,17042.5,0.0005,14880.9
2023,p30p31,30.0,31.0,19575.5,0.0006,17196.6
2023,p31p32,31.0,32.0,22343.9,0.0007,20959.7
2023,p32p33,32.0,33.0,25216.8,0.0007,23780.3
2023,p33p34,33.0,34.0,28179.5,0.0008,26698.1
2023,p34p35,34.0,35.0,31739.4,0.0009,29959.5
2023,p35p36,35.0,36.0,35183.4,0.001,33461.4
2023,p36p37,36.0,37.0,39142.6,0.0012,37163.0
2023,p37p38,37.0,38.0,43264.10000000001,0.0013,41203.4
2023,p38p39,38.0,39.0,47813.8,0.0014,45539.0
2023,p39p40,39.0,40.0,52224.4,0.0015,50019.10000000001
2023,p40p41,40.0,41.0,56836.10000000001,0.0017,54530.3
2023,p41p42,41.0,42.0,61933.60000000001,0.0018,59384.9
2023,p42p43,42.0,43.0,67264.7,0.002,64599.2
2023,p43p44,43.0,44.0,73066.5,0.0022,70165.6
2023,p44p45,44.0,45.0,79348.8,0.0023,76207.6
2023,p45p46,45.0,46.0,85709.70000000001,0.0025,82529.20000000001
2023,p46p47,46.0,47.0,92269.3,0.0027,88989.5
2023,p47p48,47.0,48.0,99739.90000000001,0.0029,96004.6
2023,p48p49,48.0,49.0,106271.3,0.0031,103005.6
2023,p49p50,49.0,50.0,113167.6,0.0033,109719.5
2023,p50p51,50.0,51.0,120472.5,0.0036,116820.1
2023,p51p52,51.0,52.0,127563.0,0.0038,124017.7
2023,p52p53,52.0,53.0,134243.1,0.004,130903.0
2023,p53p54,53.0,54.0,141034.2,0.0042,137638.7
2023,p54p55,54.0,55.0,148224.1,0.0044,144629.1
2023,p55p56,55.0,56.0,156927.1,0.0046,152575.6
2023,p56p57,56.0,57.0,165498.5,0.0049,161212.8
2023,p57p58,57.0,58.0,173452.9,0.0051,169475.7
2023,p58p59,58.0,59.0,181443.3,0.0054,177448.1
2023,p59p60,59.0,60.0,189849.3,0.0056,185646.3
2023,p60p61,60.0,61.0,198458.8,0.0059,194154.1
2023,p61p62,61.0,62.0,206889.3,0.0061,202674.1
2023,p62p63,62.0,63.0,215187.5,0.0063,211038.4
2023,p63p64,63.0,64.0,224041.2,0.0066,219614.3
2023,p64p65,64.0,65.0,234291.8,0.0069,229166.5
2023,p65p66,65.0,66.0,245617.1,0.0072,239954.5
2023,p66p67,66.0,67.0,255911.6,0.0075,250764.4
2023,p67p68,67.0,68.0,264737.2,0.0078,260324.4
2023,p68p69,68.0,69.0,274335.4,0.0081,269536.3
2023,p69p70,69.0,70.0,284533.0,0.0084,279434.2
2023,p70p71,70.0,71.0,294868.4,0.0087,289700.7
2023,p71p72,71.0,72.0,306300.5,0.009,300584.4
2023,p72p73,72.0,73.0,317984.1,0.0094,312142.3
2023,p73p74,73.0,74.0,331390.8,0.0098,324687.5
2023,p74p75,74.0,75.0,346964.9,0.0102,339177.9
2023,p75p76,75.0,76.0,361290.2,0.0107,354127.5
2023,p76p77,76.0,77.0,374468.5,0.011,367879.3
2023,p77p78,77.0,78.0,387778.6,0.0114,381123.5
2023,p78p79,78.0,79.0,401921.7,0.0119,394850.1
2023,p79p80,79.0,80.0,418494.7,0.0123,410208.2
2023,p80p81,80.0,81.0,434133.4,0.0128,426314.1
2023,p81p82,81.0,82.0,452171.6,0.0133,443152.5
2023,p82p83,82.0,83.0,472477.1,0.0139,462324.3
2023,p83p84,83.0,84.0,497759.4,0.0147,485118.2
2023,p84p85,84.0,85.0,520501.5,0.0153,509130.4
2023,p85p86,85.0,86.0,544708.3,0.0161,532604.9
2023,p86p87,86.0,87.0,575592.2000000001,0.017,560150.2000000001
2023,p87p88,87.0,88.0,611652.7000000001,0.018,593622.5
2023,p88p89,88.0,89.0,648735.2000000001,0.0191,630194.0
2023,p89p90,89.0,90.0,687681.2000000001,0.0203,668208.2000000001
2023,p90p91,90.0,91.0,731313.5,0.0216,709497.4
2023,p91p92,91.0,92.0,786499.6000000001,0.0232,758906.6000000001
2023,p92p93,92.0,93.0,851635.5,0.0251,819067.5
2023,p93p94,93.0,94.0,933083.7000000001,0.0275,892359.6000000001
2023,p94p95,94.0,95.0,1020365.4,0.0301,986783.5
2023,p95p96,95.0,96.0,1113122.1,0.0328,1066743.8
2023,p96p97,96.0,97.0,1273597.8,0.0376,1120856.9
2023,p97p98,97.0,98.0,1469910.2,0.0433,1288412.5
2023,p98p99,98.0,99.0,2239869.3,0.066,1742195.3
2023,p99p99.1,99.0,99.1,3166663.7,0.0093,2703266.5
2023,p99.1p99.2,99.1,99.2,3517111.9,0.0104,3341887.8
2023,p99.2p99.3,99.2,99.3,3916707.3,0.0115,3716909.6
2023,p99.3p99.4,99.3,99.4,4368643.0,0.0129,4142675.1
2023,p99.4p99.5,99.4,99.5,4886126.2,0.0144,4669327.600000001
2023,p99.5p99.6,99.5,99.6,5501814.100000001,0.0162,5193970.100000001
2023,p99.6p99.7,99.6,99.7,6301237.7,0.0186,5542976.5
2023,p99.7p99.8,99.7,99.8,7535446.300000001,0.0222,6498015.5
2023,p99.8p99.9,99.8,99.9,10087818.9,0.0297,8276278.5
2023,p99.9p99.91,99.9,99.91,12847779.9,0.0038,11467799.4
2023,p99.91p99.92,99.91,99.92,13723352.6,0.004,13285566.2
2023,p99.92p99.93,99.92,99.93,14827360.2,0.0044,14275356.4
2023,p99.93p99.94,99.93,99.94,16282182.1,0.0048,15680043.6
2023,p99.94p99.95,99.94,99.95,18319163.8,0.0054,17300672.9
2023,p99.95p99.96,99.95,99.96,21344851.4,0.0063,18627106.0
2023,p99.96p99.97,99.96,99.97,26213817.5,0.0077,22334612.0
2023,p99.97p99.98,99.97,99.98,34899761.3,0.0103,28700300.0
2023,p99.98p99.99,99.98,99.99,52797323.3,0.0156,41184508.0
2023,p99.99p99.991,99.99,99.991,70983912.8,0.0021,61890618.0
2023,p99.991p99.992,99.991,99.992,76503911.5,0.0023,73743912.10000001
2023,p99.992p99.993,99.992,99.993,83088834.0,0.0024,79796372.7
2023,p99.993p99.994,99.993,99.994,91390026.2,0.0027,87195798.0
2023,p99.994p99.995,99.994,99.995,101818703.0,0.003,96604364.60000001
2023,p99.995p99.996,99.995,99.996,115550294.1,0.0034,102081328.0
2023,p99.996p99.997,99.996,99.997,135089346.4,0.004,117705968.0
2023,p99.997p99.998,99.997,99.998,166200578.6,0.0049,141492464.0
2023,p99.998p99.999,99.998,99.999,229177917.8,0.0068,185678560.0
2023,p99.999p100,99.999,100.0,1289207158.7,0.038,713067520.0
2024,p0p1,0.0,1.0,-43277.3,-0.0012,-86554.6
2024,p1p2,1.0,2.0,-20075.0,-0.0006,-29053.9
2024,p2p3,2.0,3.0,-14413.9,-0.0004,-15816.9
2024,p3p4,3.0,4.0,-10844.4,-0.0003,-11583.7
2024,p4p5,4.0,5.0,-7646.8,-0.0002,-8480.2
2024,p5p6,5.0,6.0,-5578.200000000001,-0.0002,-6065.1
2024,p6p7,6.0,7.0,-3737.4,-0.0001,-4272.2
2024,p7p8,7.0,8.0,-2160.0,-0.0001,-2704.6
2024,p8p9,8.0,9.0,-813.0,0.0,-1363.4
2024,p9p10,9.0,10.0,-23.1,0.0,-383.5
2024,p10p11,10.0,11.0,-22.3,0.0,-22.7
2024,p11p12,11.0,12.0,-18.5,0.0,-18.7
2024,p12p13,12.0,13.0,-18.0,0.0,-18.2
2024,p13p14,13.0,14.0,-12.3,0.0,-13.9
2024,p14p15,14.0,15.0,-4.0,0.0,-7.5
2024,p15p16,15.0,16.0,7.2,0.0,1.5
2024,p16p17,16.0,17.0,11.8,0.0,8.700000000000001
2024,p17p18,17.0,18.0,234.1,0.0,112.8
2024,p18p19,18.0,19.0,649.5,0.0,405.2
2024,p19p20,19.0,20.0,1290.8,0.0,889.9000000000001
2024,p20p21,20.0,21.0,2384.8,0.0001,1685.7
2024,p21p22,21.0,22.0,3723.6,0.0001,2801.4
2024,p22p23,22.0,23.0,5072.900000000001,0.0001,4034.1
2024,p23p24,23.0,24.0,6353.700000000001,0.0002,5240.3
2024,p24p25,24.0,25.0,7737.1,0.0002,6462.200000000001
2024,p25p26,25.0,26.0,9301.2,0.0003,7813.900000000001
2024,p26p27,26.0,27.0,11212.4,0.0003,10256.8
2024,p27p28,27.0,28.0,12918.4,0.0004,12065.4
2024,p28p29,28.0,29.0,15039.6,0.0004,13979.0
2024,p29p30,29.0,30.0,17502.7,0.0005,16271.2
2024,p30p31,30.0,31.0,20104.1,0.0006,18803.4
2024,p31p32,31.0,32.0,22947.3,0.0007,21525.7
2024,p32p33,32.0,33.0,25897.9,0.0007,24422.6
2024,p33p34,33.0,34.0,28940.7,0.0008,27419.3
2024,p34p35,34.0,35.0,32596.9,0.0009,30768.8
2024,p35p36,35.0,36.0,36134.0,0.001,34365.5
2024,p36p37,36.0,37.0,40200.4,0.0012,38167.2
2024,p37p38,37.0,38.0,44433.4,0.0013,42316.9
2024,p38p39,38.0,39.0,49106.10000000001,0.0014,46769.7
2024,p39p40,39.0,40.0,53636.0,0.0015,51371.10000000001
2024,p40p41,40.0,41.0,58372.5,0.0017,56004.3
2024,p41p42,41.0,42.0,63607.9,0.0018,60990.2
2024,p42p43,42.0,43.0,69083.2,0.002,66345.6
2024,p43p44,43.0,44.0,75042.0,0.0022,72062.6
2024,p44p45,44.0,45.0,81494.20000000001,0.0023,78268.1
2024,p45p46,45.0,46.0,88027.20000000001,0.0025,84760.70000000001
2024,p46p47,46.0,47.0,94764.20000000001,0.0027,91395.70000000001
2024,p47p48,47.0,48.0,102436.8,0.0029,98600.5
2024,p48p49,48.0,49.0,109144.8,0.0031,105790.8
2024,p49p50,49.0,50.0,116227.6,0.0033,112686.2
2024,p50p51,50.0,51.0,123730.0,0.0035,119978.8
2024,p51p52,51.0,52.0,131012.3,0.0038,127371.1
2024,p52p53,52.0,53.0,137873.0,0.004,134442.7
2024,p53p54,53.0,54.0,144847.9,0.0042,141360.5
2024,p54p55,54.0,55.0,152232.2,0.0044,148540.0
2024,p55p56,55.0,56.0,161170.6,0.0046,156701.4
2024,p56p57,56.0,57.0,169973.8,0.0049,165572.2
2024,p57p58,57.0,58.0,178143.6,0.0051,174058.7
2024,p58p59,58.0,59.0,186350.4,0.0053,182247.0
2024,p59p60,59.0,60.0,194983.1,0.0056,190666.8
2024,p60p61,60.0,61.0,203825.4,0.0058,199404.3
2024,p61p62,61.0,62.0,212483.9,0.0061,208154.6
2024,p62p63,62.0,63.0,221006.4,0.0063,216745.1
2024,p63p64,63.0,64.0,230099.4,0.0066,225552.9
2024,p64p65,64.0,65.0,240627.2,0.0069,235363.3
2024,p65p66,65.0,66.0,252258.9,0.0072,246443.1
2024,p66p67,66.0,67.0,262831.9,0.0075,257545.4
2024,p67p68,67.0,68.0,271896.2,0.0078,267364.0
2024,p68p69,68.0,69.0,281754.1,0.0081,276825.1
2024,p69p70,69.0,70.0,292227.7,0.0084,286990.9
2024,p70p71,70.0,71.0,302842.6,0.0087,297535.2
2024,p71p72,71.0,72.0,314583.8,0.009,308713.2
2024,p72p73,72.0,73.0,326583.5,0.0094,320583.7
2024,p73p74,73.0,74.0,340352.8,0.0098,333468.2
2024,p74p75,74.0,75.0,356348.2,0.0102,348350.5
2024,p75p76,75.0,76.0,371061.0,0.0106,363704.6
2024,p76p77,76.0,77.0,384595.9,0.011,377828.5
2024,p77p78,77.0,78.0,398266.3,0.0114,391431.1
2024,p78p79,78.0,79.0,412792.2,0.0118,405529.3
2024,p79p80,79.0,80.0,429813.8,0.0123,421303.0
2024,p80p81,80.0,81.0,445875.7,0.0128,437844.7
2024,p81p82,81.0,82.0,464402.1,0.0133,455138.9
2024,p82p83,82.0,83.0,485257.2,0.0139,474829.6
2024,p83p84,83.0,84.0,511223.9,0.0146,498240.6
2024,p84p85,84.0,85.0,534581.6,0.0153,522902.8
2024,p85p86,85.0,86.0,559443.7000000001,0.016,547012.6
2024,p86p87,86.0,87.0,591163.5,0.0169,575303.6
2024,p87p88,87.0,88.0,628200.1,0.018,609681.8
2024,p88p89,88.0,89.0,666286.0,0.0191,647243.0
2024,p89p90,89.0,90.0,706286.0,0.0202,686286.0
2024,p90p91,90.0,91.0,751100.1000000001,0.0215,728693.0
2024,p91p92,91.0,92.0,807781.0,0.0231,779440.5
2024,p92p93,92.0,93.0,874681.1000000001,0.0251,841231.0
2024,p93p94,93.0,94.0,958335.9,0.0275,916508.5
2024,p94p95,94.0,95.0,1047982.3,0.03,1003159.1
2024,p95p96,95.0,96.0,1143252.7,0.0328,1095617.5
2024,p96p97,96.0,97.0,1308076.5,0.0375,1274418.5
2024,p97p98,97.0,98.0,1509709.4,0.0433,1408892.9
2024,p98p99,98.0,99.0,2300526.4,0.0659,1747403.1
2024,p99p99.1,99.0,99.1,3252424.8,0.0093,2776475.6
2024,p99.1p99.2,99.1,99.2,3612367.2,0.0104,3432396.0
2024,p99.2p99.3,99.2,99.3,4022789.0,0.0115,3817578.1
2024,p99.3p99.4,99.3,99.4,4486972.4,0.0129,4254880.7
2024,p99.4p99.5,99.4,99.5,5018482.100000001,0.0144,4752727.3
2024,p99.5p99.6,99.5,99.6,5650859.800000001,0.0162,5321352.7
2024,p99.6p99.7,99.6,99.7,6471957.2,0.0185,6061408.5
2024,p99.7p99.8,99.7,99.8,7739629.800000001,0.0222,6517542.0
2024,p99.8p99.9,99.8,99.9,10361213.9,0.0297,8301184.5
2024,p99.9p99.91,99.9,99.91,13196003.9,0.0038,11778608.9
2024,p99.91p99.92,99.91,99.92,14095317.6,0.004,13645660.8
2024,p99.92p99.93,99.92,99.93,15229274.9,0.0044,14662296.3
2024,p99.93p99.94,99.93,99.94,16723523.7,0.0048,15976399.3
2024,p99.94p99.95,99.94,99.95,18815818.0,0.0054,17991246.7
2024,p99.95p99.96,99.95,99.96,21923574.2,0.0063,20369696.1
2024,p99.96p99.97,99.96,99.97,26924620.1,0.0077,22402154.0
2024,p99.97p99.98,99.97,99.98,35846241.4,0.0103,28787194.0
2024,p99.98p99.99,99.98,99.99,54229426.6,0.0155,41309388.0
2024,p99.99p99.991,99.99,99.991,72909608.8,0.0021,63569517.7
2024,p99.991p99.992,99.991,99.992,78579367.9,0.0023,75744488.3
2024,p99.992p99.993,99.992,99.993,85341755.80000001,0.0024,81960561.80000001
2024,p99.993p99.994,99.993,99.994,93869543.0,0.0027,89605649.4
2024,p99.994p99.995,99.994,99.995,104581330.2,0.003,99225436.60000001
2024,p99.995p99.996,99.995,99.996,118685613.8,0.0034,113267106.8
2024,p99.996p99.997,99.996,99.997,138755140.1,0.004,128720376.9
2024,p99.997p99.998,99.997,99.998,170707688.7,0.0049,141922000.0
2024,p99.998p99.999,99.998,99.999,235398401.5,0.0067,186243344.0
2024,p99.999p100,99.999,100.0,1388978006.8,0.0398,744951360.0
